--
-- PostgreSQL database dump
--

\restrict k9ew3zRL4HhHTDoZEticOEcMl1gzMEWuKu10ogFtgzYsraZAVf0In3Cvx6uemtc

-- Dumped from database version 15.14
-- Dumped by pg_dump version 15.14

SET statement_timeout = 0;
SET lock_timeout = 0;
SET idle_in_transaction_session_timeout = 0;
SET client_encoding = 'UTF8';
SET standard_conforming_strings = on;
SELECT pg_catalog.set_config('search_path', '', false);
SET check_function_bodies = false;
SET xmloption = content;
SET client_min_messages = warning;
SET row_security = off;

--
-- Name: public; Type: SCHEMA; Schema: -; Owner: omaum_user
--

-- *not* creating schema, since initdb creates it


ALTER SCHEMA public OWNER TO omaum_user;

--
-- Name: SCHEMA public; Type: COMMENT; Schema: -; Owner: omaum_user
--

COMMENT ON SCHEMA public IS '';


SET default_tablespace = '';

SET default_table_access_method = heap;

--
-- Name: alunos_aluno; Type: TABLE; Schema: public; Owner: omaum_user
--

CREATE TABLE public.alunos_aluno (
    id bigint NOT NULL,
    cpf character varying(14) NOT NULL,
    nome character varying(100) NOT NULL,
    data_nascimento date NOT NULL,
    hora_nascimento time without time zone,
    email character varying(254) NOT NULL,
    foto character varying(100),
    sexo character varying(1) NOT NULL,
    situacao character varying(1) NOT NULL,
    numero_iniciatico character varying(20) NOT NULL,
    nome_iniciatico character varying(100),
    rua character varying(150),
    numero_imovel character varying(10),
    complemento character varying(50),
    cep character varying(10),
    nome_primeiro_contato character varying(100),
    celular_primeiro_contato character varying(15),
    tipo_relacionamento_primeiro_contato character varying(50),
    nome_segundo_contato character varying(100),
    celular_segundo_contato character varying(15),
    tipo_relacionamento_segundo_contato character varying(50),
    estado_civil character varying(20),
    profissao character varying(100),
    ativo boolean NOT NULL,
    tipo_sanguineo character varying(4),
    alergias text,
    condicoes_medicas_gerais text,
    convenio_medico character varying(100),
    hospital character varying(100),
    grau_atual character varying(50),
    situacao_iniciatica character varying(20) NOT NULL,
    historico_iniciatico jsonb NOT NULL,
    historico_checksum character varying(64),
    created_at timestamp with time zone NOT NULL,
    updated_at timestamp with time zone NOT NULL,
    bairro_ref_id bigint,
    cidade_naturalidade_id bigint,
    cidade_ref_id bigint,
    pais_nacionalidade_id bigint,
    telefone character varying(15),
    celular character varying(15)
);


ALTER TABLE public.alunos_aluno OWNER TO omaum_user;

--
-- Name: alunos_aluno_id_seq; Type: SEQUENCE; Schema: public; Owner: omaum_user
--

ALTER TABLE public.alunos_aluno ALTER COLUMN id ADD GENERATED BY DEFAULT AS IDENTITY (
    SEQUENCE NAME public.alunos_aluno_id_seq
    START WITH 1
    INCREMENT BY 1
    NO MINVALUE
    NO MAXVALUE
    CACHE 1
);


--
-- Name: alunos_bairro; Type: TABLE; Schema: public; Owner: omaum_user
--

CREATE TABLE public.alunos_bairro (
    id bigint NOT NULL,
    nome character varying(100) NOT NULL,
    codigo_externo character varying(30),
    cidade_id bigint NOT NULL
);


ALTER TABLE public.alunos_bairro OWNER TO omaum_user;

--
-- Name: alunos_bairro_id_seq; Type: SEQUENCE; Schema: public; Owner: omaum_user
--

ALTER TABLE public.alunos_bairro ALTER COLUMN id ADD GENERATED BY DEFAULT AS IDENTITY (
    SEQUENCE NAME public.alunos_bairro_id_seq
    START WITH 1
    INCREMENT BY 1
    NO MINVALUE
    NO MAXVALUE
    CACHE 1
);


--
-- Name: alunos_cidade; Type: TABLE; Schema: public; Owner: omaum_user
--

CREATE TABLE public.alunos_cidade (
    id bigint NOT NULL,
    nome character varying(100) NOT NULL,
    codigo_ibge character varying(7),
    estado_id bigint NOT NULL
);


ALTER TABLE public.alunos_cidade OWNER TO omaum_user;

--
-- Name: alunos_cidade_id_seq; Type: SEQUENCE; Schema: public; Owner: omaum_user
--

ALTER TABLE public.alunos_cidade ALTER COLUMN id ADD GENERATED BY DEFAULT AS IDENTITY (
    SEQUENCE NAME public.alunos_cidade_id_seq
    START WITH 1
    INCREMENT BY 1
    NO MINVALUE
    NO MAXVALUE
    CACHE 1
);


--
-- Name: alunos_codigo; Type: TABLE; Schema: public; Owner: omaum_user
--

CREATE TABLE public.alunos_codigo (
    id bigint NOT NULL,
    nome character varying(100) NOT NULL,
    descricao text,
    tipo_codigo_id bigint NOT NULL,
    ativo boolean NOT NULL
);


ALTER TABLE public.alunos_codigo OWNER TO omaum_user;

--
-- Name: alunos_codigo_id_seq; Type: SEQUENCE; Schema: public; Owner: omaum_user
--

ALTER TABLE public.alunos_codigo ALTER COLUMN id ADD GENERATED BY DEFAULT AS IDENTITY (
    SEQUENCE NAME public.alunos_codigo_id_seq
    START WITH 1
    INCREMENT BY 1
    NO MINVALUE
    NO MAXVALUE
    CACHE 1
);


--
-- Name: alunos_estado; Type: TABLE; Schema: public; Owner: omaum_user
--

CREATE TABLE public.alunos_estado (
    id bigint NOT NULL,
    codigo character varying(2) NOT NULL,
    nome character varying(100) NOT NULL,
    regiao character varying(20) NOT NULL
);


ALTER TABLE public.alunos_estado OWNER TO omaum_user;

--
-- Name: alunos_estado_id_seq; Type: SEQUENCE; Schema: public; Owner: omaum_user
--

ALTER TABLE public.alunos_estado ALTER COLUMN id ADD GENERATED BY DEFAULT AS IDENTITY (
    SEQUENCE NAME public.alunos_estado_id_seq
    START WITH 1
    INCREMENT BY 1
    NO MINVALUE
    NO MAXVALUE
    CACHE 1
);


--
-- Name: alunos_pais; Type: TABLE; Schema: public; Owner: omaum_user
--

CREATE TABLE public.alunos_pais (
    id bigint NOT NULL,
    codigo character varying(3) NOT NULL,
    nome character varying(100) NOT NULL,
    nacionalidade character varying(100) NOT NULL,
    ativo boolean NOT NULL
);


ALTER TABLE public.alunos_pais OWNER TO omaum_user;

--
-- Name: alunos_pais_id_seq; Type: SEQUENCE; Schema: public; Owner: omaum_user
--

ALTER TABLE public.alunos_pais ALTER COLUMN id ADD GENERATED BY DEFAULT AS IDENTITY (
    SEQUENCE NAME public.alunos_pais_id_seq
    START WITH 1
    INCREMENT BY 1
    NO MINVALUE
    NO MAXVALUE
    CACHE 1
);


--
-- Name: alunos_registrohistorico; Type: TABLE; Schema: public; Owner: omaum_user
--

CREATE TABLE public.alunos_registrohistorico (
    id bigint NOT NULL,
    ordem_servico character varying(50),
    data_os date NOT NULL,
    observacoes text,
    created_at timestamp with time zone NOT NULL,
    ativo boolean NOT NULL,
    aluno_id bigint NOT NULL,
    codigo_id bigint NOT NULL
);


ALTER TABLE public.alunos_registrohistorico OWNER TO omaum_user;

--
-- Name: alunos_registrohistorico_id_seq; Type: SEQUENCE; Schema: public; Owner: omaum_user
--

ALTER TABLE public.alunos_registrohistorico ALTER COLUMN id ADD GENERATED BY DEFAULT AS IDENTITY (
    SEQUENCE NAME public.alunos_registrohistorico_id_seq
    START WITH 1
    INCREMENT BY 1
    NO MINVALUE
    NO MAXVALUE
    CACHE 1
);


--
-- Name: alunos_tipocodigo; Type: TABLE; Schema: public; Owner: omaum_user
--

CREATE TABLE public.alunos_tipocodigo (
    id bigint NOT NULL,
    nome character varying(50) NOT NULL,
    descricao text,
    ativo boolean NOT NULL
);


ALTER TABLE public.alunos_tipocodigo OWNER TO omaum_user;

--
-- Name: alunos_tipocodigo_id_seq; Type: SEQUENCE; Schema: public; Owner: omaum_user
--

ALTER TABLE public.alunos_tipocodigo ALTER COLUMN id ADD GENERATED BY DEFAULT AS IDENTITY (
    SEQUENCE NAME public.alunos_tipocodigo_id_seq
    START WITH 1
    INCREMENT BY 1
    NO MINVALUE
    NO MAXVALUE
    CACHE 1
);


--
-- Name: atividades_atividade; Type: TABLE; Schema: public; Owner: omaum_user
--

CREATE TABLE public.atividades_atividade (
    id bigint NOT NULL,
    nome character varying(100) NOT NULL,
    descricao text,
    tipo_atividade character varying(20) NOT NULL,
    data_inicio date NOT NULL,
    data_fim date,
    hora_inicio time without time zone NOT NULL,
    hora_fim time without time zone,
    local character varying(100),
    responsavel character varying(100),
    status character varying(20) NOT NULL,
    ativo boolean NOT NULL,
    convocacao boolean NOT NULL,
    created_at timestamp with time zone NOT NULL,
    updated_at timestamp with time zone NOT NULL,
    curso_id bigint
);


ALTER TABLE public.atividades_atividade OWNER TO omaum_user;

--
-- Name: atividades_atividade_id_seq; Type: SEQUENCE; Schema: public; Owner: omaum_user
--

ALTER TABLE public.atividades_atividade ALTER COLUMN id ADD GENERATED BY DEFAULT AS IDENTITY (
    SEQUENCE NAME public.atividades_atividade_id_seq
    START WITH 1
    INCREMENT BY 1
    NO MINVALUE
    NO MAXVALUE
    CACHE 1
);


--
-- Name: atividades_atividade_turmas; Type: TABLE; Schema: public; Owner: omaum_user
--

CREATE TABLE public.atividades_atividade_turmas (
    id bigint NOT NULL,
    atividade_id bigint NOT NULL,
    turma_id bigint NOT NULL
);


ALTER TABLE public.atividades_atividade_turmas OWNER TO omaum_user;

--
-- Name: atividades_atividade_turmas_id_seq; Type: SEQUENCE; Schema: public; Owner: omaum_user
--

ALTER TABLE public.atividades_atividade_turmas ALTER COLUMN id ADD GENERATED BY DEFAULT AS IDENTITY (
    SEQUENCE NAME public.atividades_atividade_turmas_id_seq
    START WITH 1
    INCREMENT BY 1
    NO MINVALUE
    NO MAXVALUE
    CACHE 1
);


--
-- Name: atividades_presenca; Type: TABLE; Schema: public; Owner: omaum_user
--

CREATE TABLE public.atividades_presenca (
    id bigint NOT NULL,
    data date NOT NULL,
    presente boolean NOT NULL,
    registrado_por character varying(100) NOT NULL,
    data_registro timestamp with time zone NOT NULL,
    aluno_id bigint NOT NULL,
    atividade_id bigint NOT NULL,
    turma_id bigint NOT NULL
);


ALTER TABLE public.atividades_presenca OWNER TO omaum_user;

--
-- Name: atividades_presenca_id_seq; Type: SEQUENCE; Schema: public; Owner: omaum_user
--

ALTER TABLE public.atividades_presenca ALTER COLUMN id ADD GENERATED BY DEFAULT AS IDENTITY (
    SEQUENCE NAME public.atividades_presenca_id_seq
    START WITH 1
    INCREMENT BY 1
    NO MINVALUE
    NO MAXVALUE
    CACHE 1
);


--
-- Name: auth_group; Type: TABLE; Schema: public; Owner: omaum_user
--

CREATE TABLE public.auth_group (
    id integer NOT NULL,
    name character varying(150) NOT NULL
);


ALTER TABLE public.auth_group OWNER TO omaum_user;

--
-- Name: auth_group_id_seq; Type: SEQUENCE; Schema: public; Owner: omaum_user
--

ALTER TABLE public.auth_group ALTER COLUMN id ADD GENERATED BY DEFAULT AS IDENTITY (
    SEQUENCE NAME public.auth_group_id_seq
    START WITH 1
    INCREMENT BY 1
    NO MINVALUE
    NO MAXVALUE
    CACHE 1
);


--
-- Name: auth_group_permissions; Type: TABLE; Schema: public; Owner: omaum_user
--

CREATE TABLE public.auth_group_permissions (
    id bigint NOT NULL,
    group_id integer NOT NULL,
    permission_id integer NOT NULL
);


ALTER TABLE public.auth_group_permissions OWNER TO omaum_user;

--
-- Name: auth_group_permissions_id_seq; Type: SEQUENCE; Schema: public; Owner: omaum_user
--

ALTER TABLE public.auth_group_permissions ALTER COLUMN id ADD GENERATED BY DEFAULT AS IDENTITY (
    SEQUENCE NAME public.auth_group_permissions_id_seq
    START WITH 1
    INCREMENT BY 1
    NO MINVALUE
    NO MAXVALUE
    CACHE 1
);


--
-- Name: auth_permission; Type: TABLE; Schema: public; Owner: omaum_user
--

CREATE TABLE public.auth_permission (
    id integer NOT NULL,
    name character varying(255) NOT NULL,
    content_type_id integer NOT NULL,
    codename character varying(100) NOT NULL
);


ALTER TABLE public.auth_permission OWNER TO omaum_user;

--
-- Name: auth_permission_id_seq; Type: SEQUENCE; Schema: public; Owner: omaum_user
--

ALTER TABLE public.auth_permission ALTER COLUMN id ADD GENERATED BY DEFAULT AS IDENTITY (
    SEQUENCE NAME public.auth_permission_id_seq
    START WITH 1
    INCREMENT BY 1
    NO MINVALUE
    NO MAXVALUE
    CACHE 1
);


--
-- Name: auth_user; Type: TABLE; Schema: public; Owner: omaum_user
--

CREATE TABLE public.auth_user (
    id integer NOT NULL,
    password character varying(128) NOT NULL,
    last_login timestamp with time zone,
    is_superuser boolean NOT NULL,
    username character varying(150) NOT NULL,
    first_name character varying(150) NOT NULL,
    last_name character varying(150) NOT NULL,
    email character varying(254) NOT NULL,
    is_staff boolean NOT NULL,
    is_active boolean NOT NULL,
    date_joined timestamp with time zone NOT NULL
);


ALTER TABLE public.auth_user OWNER TO omaum_user;

--
-- Name: auth_user_groups; Type: TABLE; Schema: public; Owner: omaum_user
--

CREATE TABLE public.auth_user_groups (
    id bigint NOT NULL,
    user_id integer NOT NULL,
    group_id integer NOT NULL
);


ALTER TABLE public.auth_user_groups OWNER TO omaum_user;

--
-- Name: auth_user_groups_id_seq; Type: SEQUENCE; Schema: public; Owner: omaum_user
--

ALTER TABLE public.auth_user_groups ALTER COLUMN id ADD GENERATED BY DEFAULT AS IDENTITY (
    SEQUENCE NAME public.auth_user_groups_id_seq
    START WITH 1
    INCREMENT BY 1
    NO MINVALUE
    NO MAXVALUE
    CACHE 1
);


--
-- Name: auth_user_id_seq; Type: SEQUENCE; Schema: public; Owner: omaum_user
--

ALTER TABLE public.auth_user ALTER COLUMN id ADD GENERATED BY DEFAULT AS IDENTITY (
    SEQUENCE NAME public.auth_user_id_seq
    START WITH 1
    INCREMENT BY 1
    NO MINVALUE
    NO MAXVALUE
    CACHE 1
);


--
-- Name: auth_user_user_permissions; Type: TABLE; Schema: public; Owner: omaum_user
--

CREATE TABLE public.auth_user_user_permissions (
    id bigint NOT NULL,
    user_id integer NOT NULL,
    permission_id integer NOT NULL
);


ALTER TABLE public.auth_user_user_permissions OWNER TO omaum_user;

--
-- Name: auth_user_user_permissions_id_seq; Type: SEQUENCE; Schema: public; Owner: omaum_user
--

ALTER TABLE public.auth_user_user_permissions ALTER COLUMN id ADD GENERATED BY DEFAULT AS IDENTITY (
    SEQUENCE NAME public.auth_user_user_permissions_id_seq
    START WITH 1
    INCREMENT BY 1
    NO MINVALUE
    NO MAXVALUE
    CACHE 1
);


--
-- Name: core_configuracaosistema; Type: TABLE; Schema: public; Owner: omaum_user
--

CREATE TABLE public.core_configuracaosistema (
    id bigint NOT NULL,
    nome_sistema character varying(100) NOT NULL,
    versao character varying(20) NOT NULL,
    data_atualizacao timestamp with time zone NOT NULL,
    manutencao_ativa boolean NOT NULL,
    mensagem_manutencao text
);


ALTER TABLE public.core_configuracaosistema OWNER TO omaum_user;

--
-- Name: core_configuracaosistema_id_seq; Type: SEQUENCE; Schema: public; Owner: omaum_user
--

ALTER TABLE public.core_configuracaosistema ALTER COLUMN id ADD GENERATED BY DEFAULT AS IDENTITY (
    SEQUENCE NAME public.core_configuracaosistema_id_seq
    START WITH 1
    INCREMENT BY 1
    NO MINVALUE
    NO MAXVALUE
    CACHE 1
);


--
-- Name: core_logatividade; Type: TABLE; Schema: public; Owner: omaum_user
--

CREATE TABLE public.core_logatividade (
    id bigint NOT NULL,
    usuario character varying(100) NOT NULL,
    acao character varying(255) NOT NULL,
    tipo character varying(10) NOT NULL,
    data timestamp with time zone NOT NULL,
    detalhes text
);


ALTER TABLE public.core_logatividade OWNER TO omaum_user;

--
-- Name: core_logatividade_id_seq; Type: SEQUENCE; Schema: public; Owner: omaum_user
--

ALTER TABLE public.core_logatividade ALTER COLUMN id ADD GENERATED BY DEFAULT AS IDENTITY (
    SEQUENCE NAME public.core_logatividade_id_seq
    START WITH 1
    INCREMENT BY 1
    NO MINVALUE
    NO MAXVALUE
    CACHE 1
);


--
-- Name: cursos_curso; Type: TABLE; Schema: public; Owner: omaum_user
--

CREATE TABLE public.cursos_curso (
    id bigint NOT NULL,
    nome character varying(100) NOT NULL,
    descricao text NOT NULL,
    ativo boolean NOT NULL
);


ALTER TABLE public.cursos_curso OWNER TO omaum_user;

--
-- Name: cursos_curso_id_seq; Type: SEQUENCE; Schema: public; Owner: omaum_user
--

ALTER TABLE public.cursos_curso ALTER COLUMN id ADD GENERATED BY DEFAULT AS IDENTITY (
    SEQUENCE NAME public.cursos_curso_id_seq
    START WITH 1
    INCREMENT BY 1
    NO MINVALUE
    NO MAXVALUE
    CACHE 1
);


--
-- Name: django_admin_log; Type: TABLE; Schema: public; Owner: omaum_user
--

CREATE TABLE public.django_admin_log (
    id integer NOT NULL,
    action_time timestamp with time zone NOT NULL,
    object_id text,
    object_repr character varying(200) NOT NULL,
    action_flag smallint NOT NULL,
    change_message text NOT NULL,
    content_type_id integer,
    user_id integer NOT NULL,
    CONSTRAINT django_admin_log_action_flag_check CHECK ((action_flag >= 0))
);


ALTER TABLE public.django_admin_log OWNER TO omaum_user;

--
-- Name: django_admin_log_id_seq; Type: SEQUENCE; Schema: public; Owner: omaum_user
--

ALTER TABLE public.django_admin_log ALTER COLUMN id ADD GENERATED BY DEFAULT AS IDENTITY (
    SEQUENCE NAME public.django_admin_log_id_seq
    START WITH 1
    INCREMENT BY 1
    NO MINVALUE
    NO MAXVALUE
    CACHE 1
);


--
-- Name: django_content_type; Type: TABLE; Schema: public; Owner: omaum_user
--

CREATE TABLE public.django_content_type (
    id integer NOT NULL,
    app_label character varying(100) NOT NULL,
    model character varying(100) NOT NULL
);


ALTER TABLE public.django_content_type OWNER TO omaum_user;

--
-- Name: django_content_type_id_seq; Type: SEQUENCE; Schema: public; Owner: omaum_user
--

ALTER TABLE public.django_content_type ALTER COLUMN id ADD GENERATED BY DEFAULT AS IDENTITY (
    SEQUENCE NAME public.django_content_type_id_seq
    START WITH 1
    INCREMENT BY 1
    NO MINVALUE
    NO MAXVALUE
    CACHE 1
);


--
-- Name: django_migrations; Type: TABLE; Schema: public; Owner: omaum_user
--

CREATE TABLE public.django_migrations (
    id bigint NOT NULL,
    app character varying(255) NOT NULL,
    name character varying(255) NOT NULL,
    applied timestamp with time zone NOT NULL
);


ALTER TABLE public.django_migrations OWNER TO omaum_user;

--
-- Name: django_migrations_id_seq; Type: SEQUENCE; Schema: public; Owner: omaum_user
--

ALTER TABLE public.django_migrations ALTER COLUMN id ADD GENERATED BY DEFAULT AS IDENTITY (
    SEQUENCE NAME public.django_migrations_id_seq
    START WITH 1
    INCREMENT BY 1
    NO MINVALUE
    NO MAXVALUE
    CACHE 1
);


--
-- Name: django_session; Type: TABLE; Schema: public; Owner: omaum_user
--

CREATE TABLE public.django_session (
    session_key character varying(40) NOT NULL,
    session_data text NOT NULL,
    expire_date timestamp with time zone NOT NULL
);


ALTER TABLE public.django_session OWNER TO omaum_user;

--
-- Name: frequencias_carencia; Type: TABLE; Schema: public; Owner: omaum_user
--

CREATE TABLE public.frequencias_carencia (
    id bigint NOT NULL,
    total_presencas integer NOT NULL,
    total_atividades integer NOT NULL,
    percentual_presenca numeric(5,2) NOT NULL,
    numero_carencias integer NOT NULL,
    liberado boolean NOT NULL,
    status character varying(20),
    observacoes text,
    created_at timestamp with time zone NOT NULL,
    updated_at timestamp with time zone NOT NULL,
    aluno_id bigint NOT NULL,
    frequencia_mensal_id bigint NOT NULL
);


ALTER TABLE public.frequencias_carencia OWNER TO omaum_user;

--
-- Name: frequencias_carencia_id_seq; Type: SEQUENCE; Schema: public; Owner: omaum_user
--

ALTER TABLE public.frequencias_carencia ALTER COLUMN id ADD GENERATED BY DEFAULT AS IDENTITY (
    SEQUENCE NAME public.frequencias_carencia_id_seq
    START WITH 1
    INCREMENT BY 1
    NO MINVALUE
    NO MAXVALUE
    CACHE 1
);


--
-- Name: frequencias_frequenciamensal; Type: TABLE; Schema: public; Owner: omaum_user
--

CREATE TABLE public.frequencias_frequenciamensal (
    id bigint NOT NULL,
    mes integer NOT NULL,
    ano integer NOT NULL,
    percentual_minimo integer NOT NULL,
    created_at timestamp with time zone NOT NULL,
    updated_at timestamp with time zone NOT NULL,
    turma_id bigint NOT NULL
);


ALTER TABLE public.frequencias_frequenciamensal OWNER TO omaum_user;

--
-- Name: frequencias_frequenciamensal_id_seq; Type: SEQUENCE; Schema: public; Owner: omaum_user
--

ALTER TABLE public.frequencias_frequenciamensal ALTER COLUMN id ADD GENERATED BY DEFAULT AS IDENTITY (
    SEQUENCE NAME public.frequencias_frequenciamensal_id_seq
    START WITH 1
    INCREMENT BY 1
    NO MINVALUE
    NO MAXVALUE
    CACHE 1
);


--
-- Name: matriculas_matricula; Type: TABLE; Schema: public; Owner: omaum_user
--

CREATE TABLE public.matriculas_matricula (
    id bigint NOT NULL,
    data_matricula date NOT NULL,
    ativa boolean NOT NULL,
    status character varying(1) NOT NULL,
    aluno_id bigint NOT NULL,
    turma_id bigint NOT NULL
);


ALTER TABLE public.matriculas_matricula OWNER TO omaum_user;

--
-- Name: matriculas_matricula_id_seq; Type: SEQUENCE; Schema: public; Owner: omaum_user
--

ALTER TABLE public.matriculas_matricula ALTER COLUMN id ADD GENERATED BY DEFAULT AS IDENTITY (
    SEQUENCE NAME public.matriculas_matricula_id_seq
    START WITH 1
    INCREMENT BY 1
    NO MINVALUE
    NO MAXVALUE
    CACHE 1
);


--
-- Name: notas_nota; Type: TABLE; Schema: public; Owner: omaum_user
--

CREATE TABLE public.notas_nota (
    id bigint NOT NULL,
    tipo_avaliacao character varying(20) NOT NULL,
    valor numeric(5,2) NOT NULL,
    peso numeric(3,1) NOT NULL,
    data date NOT NULL,
    observacao text,
    created_at timestamp with time zone NOT NULL,
    updated_at timestamp with time zone NOT NULL,
    aluno_id bigint NOT NULL,
    curso_id bigint NOT NULL,
    turma_id bigint NOT NULL
);


ALTER TABLE public.notas_nota OWNER TO omaum_user;

--
-- Name: notas_nota_id_seq; Type: SEQUENCE; Schema: public; Owner: omaum_user
--

ALTER TABLE public.notas_nota ALTER COLUMN id ADD GENERATED BY DEFAULT AS IDENTITY (
    SEQUENCE NAME public.notas_nota_id_seq
    START WITH 1
    INCREMENT BY 1
    NO MINVALUE
    NO MAXVALUE
    CACHE 1
);


--
-- Name: pagamentos_pagamento; Type: TABLE; Schema: public; Owner: omaum_user
--

CREATE TABLE public.pagamentos_pagamento (
    id bigint NOT NULL,
    valor numeric(10,2) NOT NULL,
    data_vencimento date NOT NULL,
    status character varying(10) NOT NULL,
    data_pagamento date,
    valor_pago numeric(10,2),
    metodo_pagamento character varying(20),
    observacoes text,
    created_at timestamp with time zone NOT NULL,
    updated_at timestamp with time zone NOT NULL,
    aluno_id bigint NOT NULL
);


ALTER TABLE public.pagamentos_pagamento OWNER TO omaum_user;

--
-- Name: pagamentos_pagamento_id_seq; Type: SEQUENCE; Schema: public; Owner: omaum_user
--

ALTER TABLE public.pagamentos_pagamento ALTER COLUMN id ADD GENERATED BY DEFAULT AS IDENTITY (
    SEQUENCE NAME public.pagamentos_pagamento_id_seq
    START WITH 1
    INCREMENT BY 1
    NO MINVALUE
    NO MAXVALUE
    CACHE 1
);


--
-- Name: presencas_registropresenca; Type: TABLE; Schema: public; Owner: omaum_user
--

CREATE TABLE public.presencas_registropresenca (
    id bigint NOT NULL,
    data date NOT NULL,
    status character varying(2) NOT NULL,
    justificativa text,
    convocado boolean NOT NULL,
    registrado_por character varying(100) NOT NULL,
    data_registro timestamp with time zone NOT NULL,
    aluno_id bigint NOT NULL,
    atividade_id bigint NOT NULL,
    turma_id bigint NOT NULL
);


ALTER TABLE public.presencas_registropresenca OWNER TO omaum_user;

--
-- Name: presencas_registropresenca_id_seq; Type: SEQUENCE; Schema: public; Owner: omaum_user
--

ALTER TABLE public.presencas_registropresenca ALTER COLUMN id ADD GENERATED BY DEFAULT AS IDENTITY (
    SEQUENCE NAME public.presencas_registropresenca_id_seq
    START WITH 1
    INCREMENT BY 1
    NO MINVALUE
    NO MAXVALUE
    CACHE 1
);


--
-- Name: turmas_turma; Type: TABLE; Schema: public; Owner: omaum_user
--

CREATE TABLE public.turmas_turma (
    id bigint NOT NULL,
    nome character varying(100) NOT NULL,
    descricao text,
    num_livro integer,
    data_iniciacao date,
    data_inicio_ativ date,
    data_prim_aula date,
    data_termino_atividades date,
    dias_semana character varying(100),
    horario character varying(100),
    local character varying(200),
    vagas integer NOT NULL,
    status character varying(1) NOT NULL,
    ativo boolean NOT NULL,
    alerta_instrutor boolean NOT NULL,
    alerta_mensagem text,
    created_at timestamp with time zone NOT NULL,
    updated_at timestamp with time zone NOT NULL,
    auxiliar_instrucao_id bigint,
    curso_id bigint NOT NULL,
    instrutor_id bigint,
    instrutor_auxiliar_id bigint,
    perc_presenca_minima numeric(5,2),
    CONSTRAINT turmas_turma_num_livro_check CHECK ((num_livro >= 0)),
    CONSTRAINT turmas_turma_vagas_check CHECK ((vagas >= 0))
);


ALTER TABLE public.turmas_turma OWNER TO omaum_user;

--
-- Name: turmas_turma_id_seq; Type: SEQUENCE; Schema: public; Owner: omaum_user
--

ALTER TABLE public.turmas_turma ALTER COLUMN id ADD GENERATED BY DEFAULT AS IDENTITY (
    SEQUENCE NAME public.turmas_turma_id_seq
    START WITH 1
    INCREMENT BY 1
    NO MINVALUE
    NO MAXVALUE
    CACHE 1
);


--
-- Data for Name: alunos_aluno; Type: TABLE DATA; Schema: public; Owner: omaum_user
--

COPY public.alunos_aluno (id, cpf, nome, data_nascimento, hora_nascimento, email, foto, sexo, situacao, numero_iniciatico, nome_iniciatico, rua, numero_imovel, complemento, cep, nome_primeiro_contato, celular_primeiro_contato, tipo_relacionamento_primeiro_contato, nome_segundo_contato, celular_segundo_contato, tipo_relacionamento_segundo_contato, estado_civil, profissao, ativo, tipo_sanguineo, alergias, condicoes_medicas_gerais, convenio_medico, hospital, grau_atual, situacao_iniciatica, historico_iniciatico, historico_checksum, created_at, updated_at, bairro_ref_id, cidade_naturalidade_id, cidade_ref_id, pais_nacionalidade_id, telefone, celular) FROM stdin;
2	13791254864	Alice Ferreira	1973-10-15	01:10:00	alice.ferreira6736@exemplo.com	fotos_alunos\\aluno_2.jpg	F	a	TEMP-2	\N	Rua Silva 96	461	\N	\N	\N	\N	\N	\N	\N	\N	\N	\N	t	AB+	\N	\N	\N	\N	\N	a	[]	\N	2025-09-05 09:46:30.006+00	2025-11-24 00:24:56.559+00	\N	\N	\N	3	\N	\N
55	81991045700	LUIS CARLOS DA SILVA	1965-05-08	12:30:00	lcsilv3@gmail.com	alunos/fotos/1294.jpg	M	a	1294	Teste nome iniciático	Rua Senador Dantas	75	Sala 2108	20031204	Thays'	21970244567	esposa	Paulo	21980368293	Irmão	\N	\N	f	O+	Camarão	Hipertensão arterial	Amil	Hospital Panamericano	\N	a	[]	\N	2025-12-06 22:22:13.868456+00	2025-12-07 23:31:50.692658+00	\N	3243	\N	1	21980211706	21980211706
54	99988877766	Aluno Legado Demo	1990-05-20	\N	aluno.legado.demo@example.com		M	a	DEM0001	\N	\N	\N	\N	\N	\N	\N	\N	\N	\N	\N	\N	\N	t	\N	\N	\N	\N	\N	\N	a	[{"data": "2019-08-04", "tipo": "Demo Legado", "codigo_id": 408, "descricao": "Evento Iniciático Demo", "observacoes": "Outro evento de demonstração criado pelo script.", "ordem_servico": "DEM/2019", "registrado_em": "2025-10-05T15:33:34.914529+00:00"}, {"data": "2018-03-12", "tipo": "Demo Legado", "codigo_id": 408, "descricao": "Evento Iniciático Demo", "observacoes": "Registro legado importado via script.", "ordem_servico": "DEM/2018", "registrado_em": "2025-10-05T15:33:34.873739+00:00"}]	693fbf5f0f263d4b09218dc226e5684c25fbae88a09d29746fcdfc35b5aa023e	2025-10-05 15:32:56.205+00	2025-10-05 15:33:34.926+00	\N	\N	\N	\N	\N	\N
51		Aluno Sem CPF	1990-01-01	\N	semcpf@exemplo.com	fotos_alunos\\aluno_51.jpg	M	a	TEMP-51	\N	\N	\N	\N	\N	\N	\N	\N	\N	\N	\N	\N	\N	t	\N	\N	\N	\N	\N	\N	a	[]	\N	2025-09-05 09:51:14.083+00	2025-09-17 10:11:18.983+00	\N	\N	\N	\N	\N	\N
52	95145397365	Aluno Sem Email	1991-02-02	\N		fotos_alunos\\aluno_52.jpg	M	a	TEMP-52	\N	\N	\N	\N	\N	\N	\N	\N	\N	\N	\N	\N	\N	t	\N	\N	\N	\N	\N	\N	a	[]	\N	2025-09-05 09:51:14.096+00	2025-11-24 00:24:57.284+00	\N	\N	\N	\N	\N	\N
29	64314816119	Cecília Martins	1992-11-07	04:46:00	cecília.martins209@exemplo.com	fotos_alunos\\aluno_29.jpg	M	a	TEMP-29	\N	Rua Martins 90	132	\N	\N	\N	\N	\N	\N	\N	\N	\N	\N	t	B-	\N	\N	\N	\N	\N	a	[]	\N	2025-09-05 09:46:33.738+00	2025-11-24 00:24:58.347+00	\N	\N	\N	3	\N	\N
43	88612011058	Davi Almeida	1975-05-10	20:46:00	davi.almeida2699@exemplo.com	fotos_alunos\\aluno_43.jpg	F	a	TEMP-43	\N	Rua Martins 22	721	\N	\N	\N	\N	\N	\N	\N	\N	\N	\N	t	B-	\N	\N	\N	\N	\N	a	[]	\N	2025-09-05 09:46:35.378+00	2025-11-24 00:24:58.472+00	\N	\N	\N	3	\N	\N
3	61866512179	Davi Rodrigues	1974-03-28	07:41:00	davi.rodrigues4585@exemplo.com	fotos_alunos\\aluno_3.jpg	M	a	TEMP-3	\N	Rua Soares 38	425	\N	\N	\N	\N	\N	\N	\N	\N	\N	\N	t	O+	\N	\N	\N	\N	\N	a	[]	\N	2025-09-05 09:46:30.057+00	2025-11-24 00:24:58.774+00	\N	\N	\N	3	\N	\N
34	59278357340	Miguel Santos	1983-12-22	19:36:00	miguel.santos8374@exemplo.com	fotos_alunos\\aluno_34.jpg	M	a	TEMP-34	\N	Rua Lopes 3	954	\N	\N	\N	\N	\N	\N	\N	\N	\N	\N	t	AB+	\N	\N	\N	\N	\N	a	[]	\N	2025-09-05 09:46:34.448+00	2025-11-24 00:25:00.174+00	\N	\N	\N	3	\N	\N
27	14374544051	Samuel Alves	1997-03-19	17:27:00	samuel.alves2725@exemplo.com	fotos_alunos\\aluno_27.jpg	M	a	TEMP-27	\N	Rua Ferreira 22	835	\N	\N	\N	\N	\N	\N	\N	\N	\N	\N	t	B+	\N	\N	\N	\N	\N	a	[]	\N	2025-09-05 09:46:33.562+00	2025-11-24 00:25:00.3+00	\N	\N	\N	3	\N	\N
42	48274493442	Samuel Lima	1973-08-21	10:45:00	samuel.lima8642@exemplo.com	fotos_alunos\\aluno_42.jpg	M	a	TEMP-42	\N	Rua Carvalho 6	723	\N	\N	\N	\N	\N	\N	\N	\N	\N	\N	t	B-	\N	\N	\N	\N	\N	a	[]	\N	2025-09-05 09:46:35.335+00	2025-11-24 00:25:00.399+00	\N	\N	\N	1	\N	\N
53	19483615777	Aluno Data Futura	2026-09-05	\N	futuro@exemplo.com	fotos_alunos\\aluno_53.jpg	M	a	TEMP-53	\N	\N	\N	\N	\N	\N	\N	\N	\N	\N	\N	\N	\N	t	\N	\N	\N	\N	\N	Pré-Iniciático	a	[]	\N	2025-09-05 09:51:14.108+00	2025-11-24 00:24:57.209+00	\N	\N	\N	\N	\N	\N
9	57711737660	Alice Ribeiro	1995-01-17	15:57:00	alice.ribeiro6761@exemplo.com	fotos_alunos\\aluno_9.jpg	F	a	TEMP-9	\N	Rua Gomes 76	733	\N	\N	\N	\N	\N	\N	\N	\N	\N	\N	t	AB-	\N	\N	\N	\N	Pré-Iniciático	a	[]	\N	2025-09-05 09:46:30.954+00	2025-11-24 00:24:57.058+00	\N	\N	\N	2	\N	\N
35	16010281635	Arthur Oliveira	1997-05-28	16:32:00	arthur.oliveira7229@exemplo.com	fotos_alunos\\aluno_35.jpg	M	a	TEMP-35	\N	Rua Pereira 46	241	\N	\N	\N	\N	\N	\N	\N	\N	\N	\N	t	A-	\N	\N	\N	\N	Coleginho	a	[]	\N	2025-09-05 09:46:34.501+00	2025-11-24 00:24:57.469+00	\N	\N	\N	1	\N	\N
40	72592795741	Helena Costa	1971-06-10	00:13:00	helena.costa1428@exemplo.com	fotos_alunos\\aluno_40.jpg	M	a	TEMP-40	\N	Rua Martins 74	124	\N	\N	\N	\N	\N	\N	\N	\N	\N	\N	t	A+	\N	\N	\N	\N	4º Grau	a	[]	\N	2025-09-05 09:46:35.041+00	2025-11-24 00:24:59.319+00	\N	\N	\N	3	\N	\N
6	31914646814	Bernardo Alves	1976-12-06	23:33:00	bernardo.alves9872@exemplo.com	fotos_alunos\\aluno_6.jpg	M	a	TEMP-6	\N	Rua Fernandes 49	397	\N	\N	\N	\N	\N	\N	\N	\N	\N	\N	t	AB-	\N	\N	\N	\N	Coleginho	a	[]	\N	2025-09-05 09:46:30.44+00	2025-11-24 00:24:58.082+00	\N	\N	\N	1	\N	\N
38	60281194325	Davi Lopes	1998-05-14	00:38:00	davi.lopes8544@exemplo.com	fotos_alunos\\aluno_38.jpg	F	a	TEMP-38	\N	Rua Soares 95	859	\N	\N	\N	\N	\N	\N	\N	\N	\N	\N	t	O-	\N	\N	\N	\N	1º Grau	a	[]	\N	2025-09-05 09:46:34.802+00	2025-11-24 00:24:58.717+00	\N	\N	\N	3	\N	\N
14	61447132141	Alice Lima	1999-11-15	06:51:00	alice.lima9119@exemplo.com	fotos_alunos\\aluno_14.jpg	M	a	TEMP-14	\N	Rua Alves 8	137	\N	\N	\N	\N	\N	\N	\N	\N	\N	\N	t	AB+	\N	\N	\N	\N	2º Grau	a	[]	\N	2025-09-05 09:46:31.645+00	2025-11-24 00:24:56.847+00	\N	\N	\N	2	\N	\N
41	96016896437	Heitor Lopes	1971-06-02	18:24:00	heitor.lopes3654@exemplo.com	fotos_alunos\\aluno_41.jpg	M	a	TEMP-41	\N	Rua Lima 54	480	\N	\N	\N	\N	\N	\N	\N	\N	\N	\N	t	AB+	\N	\N	\N	\N	2º Grau	a	[]	\N	2025-09-05 09:46:35.134+00	2025-11-24 00:24:59.067+00	\N	\N	\N	3	\N	\N
36	49521852330	Isabella Souza	1986-01-21	07:02:00	isabella.souza2420@exemplo.com	fotos_alunos\\aluno_36.jpg	M	a	TEMP-36	\N	Rua Ribeiro 29	876	\N	\N	\N	\N	\N	\N	\N	\N	\N	\N	t	AB+	\N	\N	\N	\N	Colégio Sacerdotal	a	[]	\N	2025-09-05 09:46:34.62+00	2025-11-24 00:24:59.467+00	\N	\N	\N	3	\N	\N
48	46456056238	Alice Ribeiro	1989-08-03	23:22:00	alice.ribeiro6092@exemplo.com	fotos_alunos\\aluno_48.jpg	M	a	TEMP-48	\N	Rua Ferreira 17	751	\N	\N	\N	\N	\N	\N	\N	\N	\N	\N	t	A+	\N	\N	\N	\N	3º Grau	a	[]	\N	2025-09-05 09:46:35.976+00	2025-11-24 00:24:57.142+00	\N	\N	\N	3	\N	\N
21	61218437075	Bernardo Almeida	1992-03-23	14:39:00	bernardo.almeida9151@exemplo.com	fotos_alunos\\aluno_21.jpg	M	a	TEMP-21	\N	Rua Ferreira 51	620	\N	\N	\N	\N	\N	\N	\N	\N	\N	\N	t	AB-	\N	\N	\N	\N	1º Grau	a	[]	\N	2025-09-05 09:46:32.64+00	2025-11-24 00:24:58.004+00	\N	\N	\N	3	\N	\N
32	81990816850	Arthur Vieira	1970-12-10	21:44:00	arthur.vieira8458@exemplo.com	fotos_alunos\\aluno_32.jpg	F	a	TEMP-32	\N	Rua Pereira 40	6	\N	\N	\N	\N	\N	\N	\N	\N	\N	\N	t	AB+	\N	\N	\N	\N	Coleginho	a	[]	\N	2025-09-05 09:46:34.208+00	2025-11-24 00:24:57.835+00	\N	\N	\N	1	\N	\N
4	82296475299	Manuela Lopes	1995-06-11	23:02:00	manuela.lopes1079@exemplo.com	fotos_alunos\\aluno_4.jpg	F	a	TEMP-4	\N	Rua Silva 30	99	\N	\N	\N	\N	\N	\N	\N	\N	\N	\N	t	O-	\N	\N	\N	\N	2º Grau	a	[]	\N	2025-09-05 09:46:30.1+00	2025-11-24 00:24:59.841+00	\N	\N	\N	2	\N	\N
28	77783215769	Alice Lopes	1999-05-12	13:28:00	alice.lopes1072@exemplo.com	fotos_alunos\\aluno_28.jpg	M	a	TEMP-28	\N	Rua Almeida 83	137	\N	\N	\N	\N	\N	\N	\N	\N	\N	\N	t	B-	\N	\N	\N	\N	3º Grau	a	[]	\N	2025-09-05 09:46:33.623+00	2025-11-24 00:24:56.957+00	\N	\N	\N	2	\N	\N
25	61785994644	Cecília Oliveira	1982-11-05	02:19:00	cecília.oliveira6485@exemplo.com	fotos_alunos\\aluno_25.jpg	M	a	TEMP-25	\N	Rua Lima 52	784	\N	\N	\N	\N	\N	\N	\N	\N	\N	\N	t	O+	\N	\N	\N	\N	Pré-Iniciático	a	[]	\N	2025-09-05 09:46:33.16+00	2025-11-24 00:24:58.407+00	\N	\N	\N	3	\N	\N
30	83225780359	Davi Ferreira	1999-08-01	11:35:00	davi.ferreira7233@exemplo.com	fotos_alunos\\aluno_30.jpg	F	a	TEMP-30	\N	Rua Lopes 57	139	\N	\N	\N	\N	\N	\N	\N	\N	\N	\N	t	A+	\N	\N	\N	\N	Coleginho	a	[]	\N	2025-09-05 09:46:33.794+00	2025-11-24 00:24:58.589+00	\N	\N	\N	2	\N	\N
47	60634970458	Samuel Ribeiro	1970-06-26	15:51:00	samuel.ribeiro9324@exemplo.com	fotos_alunos\\aluno_47.jpg	F	a	TEMP-47	\N	Rua Vieira 56	411	\N	\N	\N	\N	\N	\N	\N	\N	\N	\N	t	AB-	\N	\N	\N	\N	Colégio Sacerdotal	a	[]	\N	2025-09-05 09:46:35.86+00	2025-11-24 00:25:00.454+00	\N	\N	\N	2	\N	\N
31	48065237578	Maria Alice Vieira	1992-11-24	19:02:00	maria alice.vieira9109@exemplo.com	fotos_alunos\\aluno_31.jpg	F	a	TEMP-31	\N	Rua Alves 52	240	\N	\N	\N	\N	\N	\N	\N	\N	\N	\N	t	A-	\N	\N	\N	\N	Colégio Sacerdotal	a	[]	\N	2025-09-05 09:46:34.082+00	2025-11-24 00:24:59.928+00	\N	\N	\N	3	\N	\N
46	38683468462	Cecília Lima	1990-08-21	17:27:00	cecília.lima2630@exemplo.com	fotos_alunos\\aluno_46.jpg	M	a	TEMP-46	\N	Rua Oliveira 50	649	\N	\N	\N	\N	\N	\N	\N	\N	\N	\N	t	AB+	\N	\N	\N	\N	Coleginho	a	[]	\N	2025-09-05 09:46:35.743+00	2025-11-24 00:24:58.277+00	\N	\N	\N	2	\N	\N
11	77751315753	Samuel Soares	1977-05-10	18:28:00	samuel.soares5771@exemplo.com	fotos_alunos\\aluno_11.jpg	M	a	TEMP-11	\N	Rua Gomes 9	908	\N	\N	\N	\N	\N	\N	\N	\N	\N	\N	t	O+	\N	\N	\N	\N	3º Grau	a	[]	\N	2025-09-05 09:46:31.242+00	2025-11-24 00:25:00.523+00	\N	\N	\N	1	\N	\N
23	59090733716	Bernardo Gomes	1976-12-11	05:39:00	bernardo.gomes2657@exemplo.com	fotos_alunos\\aluno_23.jpg	M	a	TEMP-23	\N	Rua Costa 55	625	\N	\N	\N	\N	\N	\N	\N	\N	\N	\N	t	B-	\N	\N	\N	\N	Coleginho	a	[]	\N	2025-09-05 09:46:32.888+00	2025-11-24 00:24:58.204+00	\N	\N	\N	2	\N	\N
20	73962860814	Heitor Martins	2000-12-01	23:54:00	heitor.martins2654@exemplo.com	fotos_alunos\\aluno_20.jpg	F	a	TEMP-20	\N	Rua Oliveira 21	99	\N	\N	\N	\N	\N	\N	\N	\N	\N	\N	t	O-	\N	\N	\N	\N	1º Grau	a	[]	\N	2025-09-05 09:46:32.512+00	2025-11-24 00:24:59.167+00	\N	\N	\N	3	\N	\N
50	40588275718	Manuela Fernandes	1983-04-28	12:29:00	manuela.fernandes8999@exemplo.com	fotos_alunos\\aluno_50.jpg	F	a	TEMP-50	\N	Rua Fernandes 27	11	\N	\N	\N	\N	\N	\N	\N	\N	\N	\N	t	A+	\N	\N	\N	\N	2º Grau	a	[]	\N	2025-09-05 09:46:36.228+00	2025-11-24 00:24:59.785+00	\N	\N	\N	3	\N	\N
1	13615136620	Arthur Ferreira	1997-06-23	13:17:00	arthur.ferreira7192@exemplo.com	fotos_alunos\\aluno_1.jpg	F	a	TEMP-1	\N	Rua Alves 2	483	\N	\N	\N	\N	\N	\N	\N	\N	\N	\N	t	A+	\N	\N	\N	\N	Coleginho	a	[]	\N	2025-09-05 09:46:29.903+00	2025-11-24 00:24:57.384+00	\N	\N	\N	1	\N	\N
15	11839182580	Davi Rodrigues	1993-06-10	18:58:00	davi.rodrigues3880@exemplo.com	fotos_alunos\\aluno_15.jpg	M	a	TEMP-15	\N	Rua Lima 25	856	\N	\N	\N	\N	\N	\N	\N	\N	\N	\N	t	AB+	\N	\N	\N	\N	3º Grau	a	[]	\N	2025-09-05 09:46:31.836+00	2025-11-24 00:24:58.842+00	\N	\N	\N	2	\N	\N
10	38115183812	Sophia Alves	1991-07-16	02:06:00	sophia.alves3243@exemplo.com	fotos_alunos\\aluno_10.jpg	F	a	TEMP-10	\N	Rua Martins 79	334	\N	\N	\N	\N	\N	\N	\N	\N	\N	\N	t	B-	\N	\N	\N	\N	Coleginho	a	[]	\N	2025-09-05 09:46:31.074+00	2025-11-24 00:25:00.6+00	\N	\N	\N	2	\N	\N
13	46059851775	Alice Fernandes	1973-03-15	06:55:00	alice.fernandes4708@exemplo.com	fotos_alunos\\aluno_13.jpg	M	a	TEMP-13	\N	Rua Lima 36	741	\N	\N	\N	\N	\N	\N	\N	\N	\N	\N	t	A-	\N	\N	\N	\N	1º Grau	a	[]	\N	2025-09-05 09:46:31.492+00	2025-11-24 00:24:56.315+00	\N	\N	\N	3	\N	\N
26	19547890182	Maitê Costa	1975-06-18	09:55:00	maitê.costa4257@exemplo.com	fotos_alunos\\aluno_26.jpg	M	a	TEMP-26	\N	Rua Rodrigues 90	497	\N	\N	\N	\N	\N	\N	\N	\N	\N	\N	t	B+	\N	\N	\N	\N	1º Grau	a	[]	\N	2025-09-05 09:46:33.364+00	2025-11-24 00:24:59.665+00	\N	\N	\N	2	\N	\N
18	14640078827	Gabriel Gomes	1970-01-09	17:32:00	gabriel.gomes6899@exemplo.com	fotos_alunos\\aluno_18.jpg	F	a	TEMP-18	\N	Rua Lopes 10	429	\N	\N	\N	\N	\N	\N	\N	\N	\N	\N	t	A-	\N	\N	\N	\N	Coleginho	a	[]	\N	2025-09-05 09:46:32.249+00	2025-11-24 00:24:58.891+00	\N	\N	\N	1	\N	\N
16	71771039873	Theo Gomes	1979-12-22	09:38:00	theo.gomes7609@exemplo.com	fotos_alunos\\aluno_16.jpg	M	a	TEMP-16	\N	Rua Alves 72	285	\N	\N	\N	\N	\N	\N	\N	\N	\N	\N	t	O-	\N	\N	\N	\N	Colégio Sacerdotal	a	[]	\N	2025-09-05 09:46:32.011+00	2025-11-24 00:25:00.769+00	\N	\N	\N	1	\N	\N
22	64799212433	Alice Gomes	1986-03-14	17:05:00	alice.gomes4494@exemplo.com	fotos_alunos\\aluno_22.jpg	F	a	TEMP-22	\N	Rua Silva 3	407	\N	\N	\N	\N	\N	\N	\N	\N	\N	\N	t	O-	\N	\N	\N	\N	1º Grau	a	[]	\N	2025-09-05 09:46:32.789+00	2025-11-24 00:24:56.734+00	\N	\N	\N	3	\N	\N
45	43273946157	Gabriel Silva	1992-01-09	13:59:00	gabriel.silva2405@exemplo.com	fotos_alunos\\aluno_45.jpg	M	a	TEMP-45	\N	Rua Pereira 90	753	\N	\N	\N	\N	\N	\N	\N	\N	\N	\N	t	AB+	\N	\N	\N	\N	1º Grau	a	[]	\N	2025-09-05 09:46:35.594+00	2025-11-24 00:24:58.96+00	\N	\N	\N	1	\N	\N
5	23793173132	Bernardo Costa	1977-07-22	16:54:00	bernardo.costa4706@exemplo.com	fotos_alunos\\aluno_5.jpg	F	a	TEMP-5	\N	Rua Gomes 20	445	\N	\N	\N	\N	\N	\N	\N	\N	\N	\N	t	O+	\N	\N	\N	\N	2º Grau	a	[]	\N	2025-09-05 09:46:30.26+00	2025-11-24 00:24:58.141+00	\N	\N	\N	1	\N	\N
49	94862716636	Miguel Gomes	1976-11-22	09:09:00	miguel.gomes6012@exemplo.com	fotos_alunos\\aluno_49.jpg	M	a	TEMP-49	\N	Rua Fernandes 82	813	\N	\N	\N	\N	\N	\N	\N	\N	\N	\N	t	A-	\N	\N	\N	\N	Colégio Sacerdotal	a	[]	\N	2025-09-05 09:46:36.085+00	2025-11-24 00:25:00.008+00	\N	\N	\N	1	\N	\N
39	10218552771	Maitê Oliveira	1975-10-05	09:57:00	maitê.oliveira430@exemplo.com	fotos_alunos\\aluno_39.jpg	M	a	TEMP-39	\N	Rua Fernandes 28	464	\N	\N	\N	\N	\N	\N	\N	\N	\N	\N	t	AB+	\N	\N	\N	\N	Colégio Sacerdotal	a	[]	\N	2025-09-05 09:46:34.899+00	2025-11-24 00:24:59.725+00	\N	\N	\N	3	\N	\N
17	68777527999	Helena Souza	1993-11-12	09:17:00	helena.souza4736@exemplo.com	fotos_alunos\\aluno_17.jpg	M	a	TEMP-17	\N	Rua Lopes 30	586	\N	\N	\N	\N	\N	\N	\N	\N	\N	\N	t	AB+	\N	\N	\N	\N	3º Grau	a	[]	\N	2025-09-05 09:46:32.086+00	2025-11-24 00:24:59.4+00	\N	\N	\N	1	\N	\N
24	51391638589	Heitor Martins	1974-08-24	04:00:00	heitor.martins9364@exemplo.com	fotos_alunos\\aluno_24.jpg	M	a	TEMP-24	\N	Rua Souza 70	779	\N	\N	\N	\N	\N	\N	\N	\N	\N	\N	t	A+	\N	\N	\N	\N	1º Grau	a	[]	\N	2025-09-05 09:46:33.044+00	2025-11-24 00:24:59.261+00	\N	\N	\N	2	\N	\N
7	29495056344	Liz Pereira	1987-01-19	05:48:00	liz.pereira2401@exemplo.com	fotos_alunos\\aluno_7.jpg	F	a	TEMP-7	\N	Rua Rodrigues 19	494	\N	\N	\N	\N	\N	\N	\N	\N	\N	\N	t	AB-	\N	\N	\N	\N	1º Grau	a	[]	\N	2025-09-05 09:46:30.628+00	2025-11-24 00:24:59.539+00	\N	\N	\N	2	\N	\N
37	28512355524	Sophia Vieira	1970-12-03	00:03:00	sophia.vieira775@exemplo.com	fotos_alunos\\aluno_37.jpg	F	a	TEMP-37	\N	Rua Almeida 38	233	\N	\N	\N	\N	\N	\N	\N	\N	\N	\N	t	AB-	\N	\N	\N	\N	2º Grau	a	[]	\N	2025-09-05 09:46:34.703+00	2025-11-24 00:25:00.672+00	\N	\N	\N	3	\N	\N
19	27211233857	Arthur Soares	1982-08-23	13:20:00	arthur.soares759@exemplo.com	fotos_alunos\\aluno_19.jpg	M	a	TEMP-19	\N	Rua Souza 4	781	\N	\N	\N	\N	\N	\N	\N	\N	\N	\N	t	A-	\N	\N	\N	\N	3º Grau	a	[]	\N	2025-09-05 09:46:32.349+00	2025-11-24 00:24:57.673+00	\N	\N	\N	2	\N	\N
8	14298860511	Theo Vieira	1989-09-28	01:51:00	theo.vieira2506@exemplo.com	fotos_alunos\\aluno_8.jpg	F	a	TEMP-8	\N	Rua Carvalho 75	151	\N	\N	\N	\N	\N	\N	\N	\N	\N	\N	t	O-	\N	\N	\N	\N	1º Grau	a	[]	\N	2025-09-05 09:46:30.795+00	2025-11-24 00:25:00.868+00	\N	\N	\N	2	\N	\N
33	20029195432	Davi Gomes	1980-11-28	04:08:00	davi.gomes1744@exemplo.com	fotos_alunos\\aluno_33.jpg	M	a	TEMP-33	\N	Rua Souza 91	165	\N	\N	\N	\N	\N	\N	\N	\N	\N	\N	t	B+	\N	\N	\N	\N	Coleginho	a	[]	\N	2025-09-05 09:46:34.327+00	2025-11-24 00:24:58.652+00	\N	\N	\N	1	\N	\N
44	68452828657	Liz Souza	1974-04-18	22:25:00	liz.souza400@exemplo.com	fotos_alunos\\aluno_44.jpg	M	a	TEMP-44	\N	Rua Santos 100	874	\N	\N	\N	\N	\N	\N	\N	\N	\N	\N	t	B-	\N	\N	\N	\N	3º Grau	a	[]	\N	2025-09-05 09:46:35.43+00	2025-11-24 00:24:59.608+00	\N	\N	\N	3	\N	\N
12	16565474265	Bernardo Almeida	1972-06-18	13:32:00	bernardo.almeida6825@exemplo.com	fotos_alunos\\aluno_12.jpg	F	a	TEMP-12	\N	Rua Pereira 91	207	\N	\N	\N	\N	\N	\N	\N	\N	\N	\N	t	B-	\N	\N	\N	\N	3º Grau	a	[]	\N	2025-09-05 09:46:31.342+00	2025-11-24 00:24:57.934+00	\N	\N	\N	2	\N	\N
\.


--
-- Data for Name: alunos_bairro; Type: TABLE DATA; Schema: public; Owner: omaum_user
--

COPY public.alunos_bairro (id, nome, codigo_externo, cidade_id) FROM stdin;
\.


--
-- Data for Name: alunos_cidade; Type: TABLE DATA; Schema: public; Owner: omaum_user
--

COPY public.alunos_cidade (id, nome, codigo_ibge, estado_id) FROM stdin;
1	Alta Floresta D'Oeste	1100015	1
2	Alto Alegre dos Parecis	1100379	1
3	Alto Paraíso	1100403	1
4	Alvorada D'Oeste	1100346	1
5	Ariquemes	1100023	1
6	Buritis	1100452	1
7	Cabixi	1100031	1
8	Cacaulândia	1100601	1
9	Cacoal	1100049	1
10	Campo Novo de Rondônia	1100700	1
11	Candeias do Jamari	1100809	1
12	Castanheiras	1100908	1
13	Cerejeiras	1100056	1
14	Chupinguaia	1100924	1
15	Colorado do Oeste	1100064	1
16	Corumbiara	1100072	1
17	Costa Marques	1100080	1
18	Cujubim	1100940	1
19	Espigão D'Oeste	1100098	1
20	Governador Jorge Teixeira	1101005	1
21	Guajará-Mirim	1100106	1
22	Itapuã do Oeste	1101104	1
23	Jaru	1100114	1
24	Ji-Paraná	1100122	1
25	Machadinho D'Oeste	1100130	1
26	Ministro Andreazza	1101203	1
27	Mirante da Serra	1101302	1
28	Monte Negro	1101401	1
29	Nova Brasilândia D'Oeste	1100148	1
30	Nova Mamoré	1100338	1
31	Nova União	1101435	1
32	Novo Horizonte do Oeste	1100502	1
33	Ouro Preto do Oeste	1100155	1
34	Parecis	1101450	1
35	Pimenta Bueno	1100189	1
36	Pimenteiras do Oeste	1101468	1
37	Porto Velho	1100205	1
38	Presidente Médici	1100254	1
39	Primavera de Rondônia	1101476	1
40	Rio Crespo	1100262	1
41	Rolim de Moura	1100288	1
42	Santa Luzia D'Oeste	1100296	1
43	São Felipe D'Oeste	1101484	1
44	São Francisco do Guaporé	1101492	1
45	São Miguel do Guaporé	1100320	1
46	Seringueiras	1101500	1
47	Teixeirópolis	1101559	1
48	Theobroma	1101609	1
49	Urupá	1101708	1
50	Vale do Anari	1101757	1
51	Vale do Paraíso	1101807	1
52	Vilhena	1100304	1
53	Acrelândia	1200013	2
54	Assis Brasil	1200054	2
55	Brasiléia	1200104	2
56	Bujari	1200138	2
57	Capixaba	1200179	2
58	Cruzeiro do Sul	1200203	2
59	Epitaciolândia	1200252	2
60	Feijó	1200302	2
61	Jordão	1200328	2
62	Mâncio Lima	1200336	2
63	Manoel Urbano	1200344	2
64	Marechal Thaumaturgo	1200351	2
65	Plácido de Castro	1200385	2
66	Porto Acre	1200807	2
67	Porto Walter	1200393	2
68	Rio Branco	1200401	2
69	Rodrigues Alves	1200427	2
70	Santa Rosa do Purus	1200435	2
71	Sena Madureira	1200500	2
72	Senador Guiomard	1200450	2
73	Tarauacá	1200609	2
74	Xapuri	1200708	2
75	Alvarães	1300029	3
76	Amaturá	1300060	3
77	Anamã	1300086	3
78	Anori	1300102	3
79	Apuí	1300144	3
80	Atalaia do Norte	1300201	3
81	Autazes	1300300	3
82	Barcelos	1300409	3
83	Barreirinha	1300508	3
84	Benjamin Constant	1300607	3
85	Beruri	1300631	3
86	Boa Vista do Ramos	1300680	3
87	Boca do Acre	1300706	3
88	Borba	1300805	3
89	Caapiranga	1300839	3
90	Canutama	1300904	3
91	Carauari	1301001	3
92	Careiro	1301100	3
93	Careiro da Várzea	1301159	3
94	Coari	1301209	3
95	Codajás	1301308	3
96	Eirunepé	1301407	3
97	Envira	1301506	3
98	Fonte Boa	1301605	3
99	Guajará	1301654	3
100	Humaitá	1301704	3
101	Ipixuna	1301803	3
102	Iranduba	1301852	3
103	Itacoatiara	1301902	3
104	Itamarati	1301951	3
105	Itapiranga	1302009	3
106	Japurá	1302108	3
107	Juruá	1302207	3
108	Jutaí	1302306	3
109	Lábrea	1302405	3
110	Manacapuru	1302504	3
111	Manaquiri	1302553	3
112	Manaus	1302603	3
113	Manicoré	1302702	3
114	Maraã	1302801	3
115	Maués	1302900	3
116	Nhamundá	1303007	3
117	Nova Olinda do Norte	1303106	3
118	Novo Airão	1303205	3
119	Novo Aripuanã	1303304	3
120	Parintins	1303403	3
121	Pauini	1303502	3
122	Presidente Figueiredo	1303536	3
123	Rio Preto da Eva	1303569	3
124	Santa Isabel do Rio Negro	1303601	3
125	Santo Antônio do Içá	1303700	3
126	São Gabriel da Cachoeira	1303809	3
127	São Paulo de Olivença	1303908	3
128	São Sebastião do Uatumã	1303957	3
129	Silves	1304005	3
130	Tabatinga	1304062	3
131	Tapauá	1304104	3
132	Tefé	1304203	3
133	Tonantins	1304237	3
134	Uarini	1304260	3
135	Urucará	1304302	3
136	Urucurituba	1304401	3
137	Alto Alegre	1400050	4
138	Amajari	1400027	4
139	Boa Vista	1400100	4
140	Bonfim	1400159	4
141	Cantá	1400175	4
142	Caracaraí	1400209	4
143	Caroebe	1400233	4
144	Iracema	1400282	4
145	Mucajaí	1400308	4
146	Normandia	1400407	4
147	Pacaraima	1400456	4
148	Rorainópolis	1400472	4
149	São João da Baliza	1400506	4
150	São Luiz	1400605	4
151	Uiramutã	1400704	4
152	Abaetetuba	1500107	5
153	Abel Figueiredo	1500131	5
154	Acará	1500206	5
155	Afuá	1500305	5
156	Água Azul do Norte	1500347	5
157	Alenquer	1500404	5
158	Almeirim	1500503	5
159	Altamira	1500602	5
160	Anajás	1500701	5
161	Ananindeua	1500800	5
162	Anapu	1500859	5
163	Augusto Corrêa	1500909	5
164	Aurora do Pará	1500958	5
165	Aveiro	1501006	5
166	Bagre	1501105	5
167	Baião	1501204	5
168	Bannach	1501253	5
169	Barcarena	1501303	5
170	Belém	1501402	5
171	Belterra	1501451	5
172	Benevides	1501501	5
173	Bom Jesus do Tocantins	1501576	5
174	Bonito	1501600	5
175	Bragança	1501709	5
176	Brasil Novo	1501725	5
177	Brejo Grande do Araguaia	1501758	5
178	Breu Branco	1501782	5
179	Breves	1501808	5
180	Bujaru	1501907	5
181	Cachoeira do Arari	1502004	5
182	Cachoeira do Piriá	1501956	5
183	Cametá	1502103	5
184	Canaã dos Carajás	1502152	5
185	Capanema	1502202	5
186	Capitão Poço	1502301	5
187	Castanhal	1502400	5
188	Chaves	1502509	5
189	Colares	1502608	5
190	Conceição do Araguaia	1502707	5
191	Concórdia do Pará	1502756	5
192	Cumaru do Norte	1502764	5
193	Curionópolis	1502772	5
194	Curralinho	1502806	5
195	Curuá	1502855	5
196	Curuçá	1502905	5
197	Dom Eliseu	1502939	5
198	Eldorado do Carajás	1502954	5
199	Faro	1503002	5
200	Floresta do Araguaia	1503044	5
201	Garrafão do Norte	1503077	5
202	Goianésia do Pará	1503093	5
203	Gurupá	1503101	5
204	Igarapé-Açu	1503200	5
205	Igarapé-Miri	1503309	5
206	Inhangapi	1503408	5
207	Ipixuna do Pará	1503457	5
208	Irituia	1503507	5
209	Itaituba	1503606	5
210	Itupiranga	1503705	5
211	Jacareacanga	1503754	5
212	Jacundá	1503804	5
213	Juruti	1503903	5
214	Limoeiro do Ajuru	1504000	5
215	Mãe do Rio	1504059	5
216	Magalhães Barata	1504109	5
217	Marabá	1504208	5
218	Maracanã	1504307	5
219	Marapanim	1504406	5
220	Marituba	1504422	5
221	Medicilândia	1504455	5
222	Melgaço	1504505	5
223	Mocajuba	1504604	5
224	Moju	1504703	5
225	Mojuí dos Campos	1504752	5
226	Monte Alegre	1504802	5
227	Muaná	1504901	5
228	Nova Esperança do Piriá	1504950	5
229	Nova Ipixuna	1504976	5
230	Nova Timboteua	1505007	5
231	Novo Progresso	1505031	5
232	Novo Repartimento	1505064	5
233	Óbidos	1505106	5
234	Oeiras do Pará	1505205	5
235	Oriximiná	1505304	5
236	Ourém	1505403	5
237	Ourilândia do Norte	1505437	5
238	Pacajá	1505486	5
239	Palestina do Pará	1505494	5
240	Paragominas	1505502	5
241	Parauapebas	1505536	5
242	Pau D'Arco	1505551	5
243	Peixe-Boi	1505601	5
244	Piçarra	1505635	5
245	Placas	1505650	5
246	Ponta de Pedras	1505700	5
247	Portel	1505809	5
248	Porto de Moz	1505908	5
249	Prainha	1506005	5
250	Primavera	1506104	5
251	Quatipuru	1506112	5
252	Redenção	1506138	5
253	Rio Maria	1506161	5
254	Rondon do Pará	1506187	5
255	Rurópolis	1506195	5
256	Salinópolis	1506203	5
257	Salvaterra	1506302	5
258	Santa Bárbara do Pará	1506351	5
259	Santa Cruz do Arari	1506401	5
260	Santa Izabel do Pará	1506500	5
261	Santa Luzia do Pará	1506559	5
262	Santa Maria das Barreiras	1506583	5
263	Santa Maria do Pará	1506609	5
264	Santana do Araguaia	1506708	5
265	Santarém	1506807	5
266	Santarém Novo	1506906	5
267	Santo Antônio do Tauá	1507003	5
268	São Caetano de Odivelas	1507102	5
269	São Domingos do Araguaia	1507151	5
270	São Domingos do Capim	1507201	5
271	São Félix do Xingu	1507300	5
272	São Francisco do Pará	1507409	5
273	São Geraldo do Araguaia	1507458	5
274	São João da Ponta	1507466	5
275	São João de Pirabas	1507474	5
276	São João do Araguaia	1507508	5
277	São Miguel do Guamá	1507607	5
278	São Sebastião da Boa Vista	1507706	5
279	Sapucaia	1507755	5
280	Senador José Porfírio	1507805	5
281	Soure	1507904	5
282	Tailândia	1507953	5
283	Terra Alta	1507961	5
284	Terra Santa	1507979	5
285	Tomé-Açu	1508001	5
286	Tracuateua	1508035	5
287	Trairão	1508050	5
288	Tucumã	1508084	5
289	Tucuruí	1508100	5
290	Ulianópolis	1508126	5
291	Uruará	1508159	5
292	Vigia	1508209	5
293	Viseu	1508308	5
294	Vitória do Xingu	1508357	5
295	Xinguara	1508407	5
296	Amapá	1600105	6
297	Calçoene	1600204	6
298	Cutias	1600212	6
299	Ferreira Gomes	1600238	6
300	Itaubal	1600253	6
301	Laranjal do Jari	1600279	6
302	Macapá	1600303	6
303	Mazagão	1600402	6
304	Oiapoque	1600501	6
305	Pedra Branca do Amapari	1600154	6
306	Porto Grande	1600535	6
307	Pracuúba	1600550	6
308	Santana	1600600	6
309	Serra do Navio	1600055	6
310	Tartarugalzinho	1600709	6
311	Vitória do Jari	1600808	6
312	Abreulândia	1700251	7
313	Aguiarnópolis	1700301	7
314	Aliança do Tocantins	1700350	7
315	Almas	1700400	7
316	Alvorada	1700707	7
317	Ananás	1701002	7
318	Angico	1701051	7
319	Aparecida do Rio Negro	1701101	7
320	Aragominas	1701309	7
321	Araguacema	1701903	7
322	Araguaçu	1702000	7
323	Araguaína	1702109	7
324	Araguanã	1702158	7
325	Araguatins	1702208	7
326	Arapoema	1702307	7
327	Arraias	1702406	7
328	Augustinópolis	1702554	7
329	Aurora do Tocantins	1702703	7
330	Axixá do Tocantins	1702901	7
331	Babaçulândia	1703008	7
332	Bandeirantes do Tocantins	1703057	7
333	Barra do Ouro	1703073	7
334	Barrolândia	1703107	7
335	Bernardo Sayão	1703206	7
336	Bom Jesus do Tocantins	1703305	7
337	Brasilândia do Tocantins	1703602	7
338	Brejinho de Nazaré	1703701	7
339	Buriti do Tocantins	1703800	7
340	Cachoeirinha	1703826	7
341	Campos Lindos	1703842	7
342	Cariri do Tocantins	1703867	7
343	Carmolândia	1703883	7
344	Carrasco Bonito	1703891	7
345	Caseara	1703909	7
346	Centenário	1704105	7
347	Chapada da Natividade	1705102	7
348	Chapada de Areia	1704600	7
349	Colinas do Tocantins	1705508	7
350	Colméia	1716703	7
351	Combinado	1705557	7
352	Conceição do Tocantins	1705607	7
353	Couto Magalhães	1706001	7
354	Cristalândia	1706100	7
355	Crixás do Tocantins	1706258	7
356	Darcinópolis	1706506	7
357	Dianópolis	1707009	7
358	Divinópolis do Tocantins	1707108	7
359	Dois Irmãos do Tocantins	1707207	7
360	Dueré	1707306	7
361	Esperantina	1707405	7
362	Fátima	1707553	7
363	Figueirópolis	1707652	7
364	Filadélfia	1707702	7
365	Formoso do Araguaia	1708205	7
366	Goianorte	1708304	7
367	Goiatins	1709005	7
368	Guaraí	1709302	7
369	Gurupi	1709500	7
370	Ipueiras	1709807	7
371	Itacajá	1710508	7
372	Itaguatins	1710706	7
373	Itapiratins	1710904	7
374	Itaporã do Tocantins	1711100	7
375	Jaú do Tocantins	1711506	7
376	Juarina	1711803	7
377	Lagoa da Confusão	1711902	7
378	Lagoa do Tocantins	1711951	7
379	Lajeado	1712009	7
380	Lavandeira	1712157	7
381	Lizarda	1712405	7
382	Luzinópolis	1712454	7
383	Marianópolis do Tocantins	1712504	7
384	Mateiros	1712702	7
385	Maurilândia do Tocantins	1712801	7
386	Miracema do Tocantins	1713205	7
387	Miranorte	1713304	7
388	Monte do Carmo	1713601	7
389	Monte Santo do Tocantins	1713700	7
390	Muricilândia	1713957	7
391	Natividade	1714203	7
392	Nazaré	1714302	7
393	Nova Olinda	1714880	7
394	Nova Rosalândia	1715002	7
395	Novo Acordo	1715101	7
396	Novo Alegre	1715150	7
397	Novo Jardim	1715259	7
398	Oliveira de Fátima	1715507	7
399	Palmas	1721000	7
400	Palmeirante	1715705	7
401	Palmeiras do Tocantins	1713809	7
402	Palmeirópolis	1715754	7
403	Paraíso do Tocantins	1716109	7
404	Paranã	1716208	7
405	Pau D'Arco	1716307	7
406	Pedro Afonso	1716505	7
407	Peixe	1716604	7
408	Pequizeiro	1716653	7
409	Pindorama do Tocantins	1717008	7
410	Piraquê	1717206	7
411	Pium	1717503	7
412	Ponte Alta do Bom Jesus	1717800	7
413	Ponte Alta do Tocantins	1717909	7
414	Porto Alegre do Tocantins	1718006	7
415	Porto Nacional	1718204	7
416	Praia Norte	1718303	7
417	Presidente Kennedy	1718402	7
418	Pugmil	1718451	7
419	Recursolândia	1718501	7
420	Riachinho	1718550	7
421	Rio da Conceição	1718659	7
422	Rio dos Bois	1718709	7
423	Rio Sono	1718758	7
424	Sampaio	1718808	7
425	Sandolândia	1718840	7
426	Santa Fé do Araguaia	1718865	7
427	Santa Maria do Tocantins	1718881	7
428	Santa Rita do Tocantins	1718899	7
429	Santa Rosa do Tocantins	1718907	7
430	Santa Tereza do Tocantins	1719004	7
431	Santa Terezinha do Tocantins	1720002	7
432	São Bento do Tocantins	1720101	7
433	São Félix do Tocantins	1720150	7
434	São Miguel do Tocantins	1720200	7
435	São Salvador do Tocantins	1720259	7
436	São Sebastião do Tocantins	1720309	7
437	São Valério	1720499	7
438	Silvanópolis	1720655	7
439	Sítio Novo do Tocantins	1720804	7
440	Sucupira	1720853	7
441	Tabocão	1708254	7
442	Taguatinga	1720903	7
443	Taipas do Tocantins	1720937	7
444	Talismã	1720978	7
445	Tocantínia	1721109	7
446	Tocantinópolis	1721208	7
447	Tupirama	1721257	7
448	Tupiratins	1721307	7
449	Wanderlândia	1722081	7
450	Xambioá	1722107	7
451	Açailândia	2100055	8
452	Afonso Cunha	2100105	8
453	Água Doce do Maranhão	2100154	8
454	Alcântara	2100204	8
455	Aldeias Altas	2100303	8
456	Altamira do Maranhão	2100402	8
457	Alto Alegre do Maranhão	2100436	8
458	Alto Alegre do Pindaré	2100477	8
459	Alto Parnaíba	2100501	8
460	Amapá do Maranhão	2100550	8
461	Amarante do Maranhão	2100600	8
462	Anajatuba	2100709	8
463	Anapurus	2100808	8
464	Apicum-Açu	2100832	8
465	Araguanã	2100873	8
466	Araioses	2100907	8
467	Arame	2100956	8
468	Arari	2101004	8
469	Axixá	2101103	8
470	Bacabal	2101202	8
471	Bacabeira	2101251	8
472	Bacuri	2101301	8
473	Bacurituba	2101350	8
474	Balsas	2101400	8
475	Barão de Grajaú	2101509	8
476	Barra do Corda	2101608	8
477	Barreirinhas	2101707	8
478	Bela Vista do Maranhão	2101772	8
479	Belágua	2101731	8
480	Benedito Leite	2101806	8
481	Bequimão	2101905	8
482	Bernardo do Mearim	2101939	8
483	Boa Vista do Gurupi	2101970	8
484	Bom Jardim	2102002	8
485	Bom Jesus das Selvas	2102036	8
486	Bom Lugar	2102077	8
487	Brejo	2102101	8
488	Brejo de Areia	2102150	8
489	Buriti	2102200	8
490	Buriti Bravo	2102309	8
491	Buriticupu	2102325	8
492	Buritirana	2102358	8
493	Cachoeira Grande	2102374	8
494	Cajapió	2102408	8
495	Cajari	2102507	8
496	Campestre do Maranhão	2102556	8
497	Cândido Mendes	2102606	8
498	Cantanhede	2102705	8
499	Capinzal do Norte	2102754	8
500	Carolina	2102804	8
501	Carutapera	2102903	8
502	Caxias	2103000	8
503	Cedral	2103109	8
504	Central do Maranhão	2103125	8
505	Centro do Guilherme	2103158	8
506	Centro Novo do Maranhão	2103174	8
507	Chapadinha	2103208	8
508	Cidelândia	2103257	8
509	Codó	2103307	8
510	Coelho Neto	2103406	8
511	Colinas	2103505	8
512	Conceição do Lago-Açu	2103554	8
513	Coroatá	2103604	8
514	Cururupu	2103703	8
515	Davinópolis	2103752	8
516	Dom Pedro	2103802	8
517	Duque Bacelar	2103901	8
518	Esperantinópolis	2104008	8
519	Estreito	2104057	8
520	Feira Nova do Maranhão	2104073	8
521	Fernando Falcão	2104081	8
522	Formosa da Serra Negra	2104099	8
523	Fortaleza dos Nogueiras	2104107	8
524	Fortuna	2104206	8
525	Godofredo Viana	2104305	8
526	Gonçalves Dias	2104404	8
527	Governador Archer	2104503	8
528	Governador Edison Lobão	2104552	8
529	Governador Eugênio Barros	2104602	8
530	Governador Luiz Rocha	2104628	8
531	Governador Newton Bello	2104651	8
532	Governador Nunes Freire	2104677	8
533	Graça Aranha	2104701	8
534	Grajaú	2104800	8
535	Guimarães	2104909	8
536	Humberto de Campos	2105005	8
537	Icatu	2105104	8
538	Igarapé do Meio	2105153	8
539	Igarapé Grande	2105203	8
540	Imperatriz	2105302	8
541	Itaipava do Grajaú	2105351	8
542	Itapecuru Mirim	2105401	8
543	Itinga do Maranhão	2105427	8
544	Jatobá	2105450	8
545	Jenipapo dos Vieiras	2105476	8
546	João Lisboa	2105500	8
547	Joselândia	2105609	8
548	Junco do Maranhão	2105658	8
549	Lago da Pedra	2105708	8
550	Lago do Junco	2105807	8
551	Lago dos Rodrigues	2105948	8
552	Lago Verde	2105906	8
553	Lagoa do Mato	2105922	8
554	Lagoa Grande do Maranhão	2105963	8
555	Lajeado Novo	2105989	8
556	Lima Campos	2106003	8
557	Loreto	2106102	8
558	Luís Domingues	2106201	8
559	Magalhães de Almeida	2106300	8
560	Maracaçumé	2106326	8
561	Marajá do Sena	2106359	8
562	Maranhãozinho	2106375	8
563	Mata Roma	2106409	8
564	Matinha	2106508	8
565	Matões	2106607	8
566	Matões do Norte	2106631	8
567	Milagres do Maranhão	2106672	8
568	Mirador	2106706	8
569	Miranda do Norte	2106755	8
570	Mirinzal	2106805	8
571	Monção	2106904	8
572	Montes Altos	2107001	8
573	Morros	2107100	8
574	Nina Rodrigues	2107209	8
575	Nova Colinas	2107258	8
576	Nova Iorque	2107308	8
577	Nova Olinda do Maranhão	2107357	8
578	Olho d'Água das Cunhãs	2107407	8
579	Olinda Nova do Maranhão	2107456	8
580	Paço do Lumiar	2107506	8
581	Palmeirândia	2107605	8
582	Paraibano	2107704	8
583	Parnarama	2107803	8
584	Passagem Franca	2107902	8
585	Pastos Bons	2108009	8
586	Paulino Neves	2108058	8
587	Paulo Ramos	2108108	8
588	Pedreiras	2108207	8
589	Pedro do Rosário	2108256	8
590	Penalva	2108306	8
591	Peri Mirim	2108405	8
592	Peritoró	2108454	8
593	Pindaré-Mirim	2108504	8
594	Pinheiro	2108603	8
595	Pio XII	2108702	8
596	Pirapemas	2108801	8
597	Poção de Pedras	2108900	8
598	Porto Franco	2109007	8
599	Porto Rico do Maranhão	2109056	8
600	Presidente Dutra	2109106	8
601	Presidente Juscelino	2109205	8
602	Presidente Médici	2109239	8
603	Presidente Sarney	2109270	8
604	Presidente Vargas	2109304	8
605	Primeira Cruz	2109403	8
606	Raposa	2109452	8
607	Riachão	2109502	8
608	Ribamar Fiquene	2109551	8
609	Rosário	2109601	8
610	Sambaíba	2109700	8
611	Santa Filomena do Maranhão	2109759	8
612	Santa Helena	2109809	8
613	Santa Inês	2109908	8
614	Santa Luzia	2110005	8
615	Santa Luzia do Paruá	2110039	8
616	Santa Quitéria do Maranhão	2110104	8
617	Santa Rita	2110203	8
618	Santana do Maranhão	2110237	8
619	Santo Amaro do Maranhão	2110278	8
620	Santo Antônio dos Lopes	2110302	8
621	São Benedito do Rio Preto	2110401	8
622	São Bento	2110500	8
623	São Bernardo	2110609	8
624	São Domingos do Azeitão	2110658	8
625	São Domingos do Maranhão	2110708	8
626	São Félix de Balsas	2110807	8
627	São Francisco do Brejão	2110856	8
628	São Francisco do Maranhão	2110906	8
629	São João Batista	2111003	8
630	São João do Carú	2111029	8
631	São João do Paraíso	2111052	8
632	São João do Soter	2111078	8
633	São João dos Patos	2111102	8
634	São José de Ribamar	2111201	8
635	São José dos Basílios	2111250	8
636	São Luís	2111300	8
637	São Luís Gonzaga do Maranhão	2111409	8
638	São Mateus do Maranhão	2111508	8
639	São Pedro da Água Branca	2111532	8
640	São Pedro dos Crentes	2111573	8
641	São Raimundo das Mangabeiras	2111607	8
642	São Raimundo do Doca Bezerra	2111631	8
643	São Roberto	2111672	8
644	São Vicente Ferrer	2111706	8
645	Satubinha	2111722	8
646	Senador Alexandre Costa	2111748	8
647	Senador La Rocque	2111763	8
648	Serrano do Maranhão	2111789	8
649	Sítio Novo	2111805	8
650	Sucupira do Norte	2111904	8
651	Sucupira do Riachão	2111953	8
652	Tasso Fragoso	2112001	8
653	Timbiras	2112100	8
654	Timon	2112209	8
655	Trizidela do Vale	2112233	8
656	Tufilândia	2112274	8
657	Tuntum	2112308	8
658	Turiaçu	2112407	8
659	Turilândia	2112456	8
660	Tutóia	2112506	8
661	Urbano Santos	2112605	8
662	Vargem Grande	2112704	8
663	Viana	2112803	8
664	Vila Nova dos Martírios	2112852	8
665	Vitória do Mearim	2112902	8
666	Vitorino Freire	2113009	8
667	Zé Doca	2114007	8
668	Acauã	2200053	9
669	Agricolândia	2200103	9
670	Água Branca	2200202	9
671	Alagoinha do Piauí	2200251	9
672	Alegrete do Piauí	2200277	9
673	Alto Longá	2200301	9
674	Altos	2200400	9
675	Alvorada do Gurguéia	2200459	9
676	Amarante	2200509	9
677	Angical do Piauí	2200608	9
678	Anísio de Abreu	2200707	9
679	Antônio Almeida	2200806	9
680	Aroazes	2200905	9
681	Aroeiras do Itaim	2200954	9
682	Arraial	2201002	9
683	Assunção do Piauí	2201051	9
684	Avelino Lopes	2201101	9
685	Baixa Grande do Ribeiro	2201150	9
686	Barra D'Alcântara	2201176	9
687	Barras	2201200	9
688	Barreiras do Piauí	2201309	9
689	Barro Duro	2201408	9
690	Batalha	2201507	9
691	Bela Vista do Piauí	2201556	9
692	Belém do Piauí	2201572	9
693	Beneditinos	2201606	9
694	Bertolínia	2201705	9
695	Betânia do Piauí	2201739	9
696	Boa Hora	2201770	9
697	Bocaina	2201804	9
698	Bom Jesus	2201903	9
699	Bom Princípio do Piauí	2201919	9
700	Bonfim do Piauí	2201929	9
701	Boqueirão do Piauí	2201945	9
702	Brasileira	2201960	9
703	Brejo do Piauí	2201988	9
704	Buriti dos Lopes	2202000	9
705	Buriti dos Montes	2202026	9
706	Cabeceiras do Piauí	2202059	9
707	Cajazeiras do Piauí	2202075	9
708	Cajueiro da Praia	2202083	9
709	Caldeirão Grande do Piauí	2202091	9
710	Campinas do Piauí	2202109	9
711	Campo Alegre do Fidalgo	2202117	9
712	Campo Grande do Piauí	2202133	9
713	Campo Largo do Piauí	2202174	9
714	Campo Maior	2202208	9
715	Canavieira	2202251	9
716	Canto do Buriti	2202307	9
717	Capitão de Campos	2202406	9
718	Capitão Gervásio Oliveira	2202455	9
719	Caracol	2202505	9
720	Caraúbas do Piauí	2202539	9
721	Caridade do Piauí	2202554	9
722	Castelo do Piauí	2202604	9
723	Caxingó	2202653	9
724	Cocal	2202703	9
725	Cocal de Telha	2202711	9
726	Cocal dos Alves	2202729	9
727	Coivaras	2202737	9
728	Colônia do Gurguéia	2202752	9
729	Colônia do Piauí	2202778	9
730	Conceição do Canindé	2202802	9
731	Coronel José Dias	2202851	9
732	Corrente	2202901	9
733	Cristalândia do Piauí	2203008	9
734	Cristino Castro	2203107	9
735	Curimatá	2203206	9
736	Currais	2203230	9
737	Curral Novo do Piauí	2203271	9
738	Curralinhos	2203255	9
739	Demerval Lobão	2203305	9
740	Dirceu Arcoverde	2203354	9
741	Dom Expedito Lopes	2203404	9
742	Dom Inocêncio	2203453	9
743	Domingos Mourão	2203420	9
744	Elesbão Veloso	2203503	9
745	Eliseu Martins	2203602	9
746	Esperantina	2203701	9
747	Fartura do Piauí	2203750	9
748	Flores do Piauí	2203800	9
749	Floresta do Piauí	2203859	9
750	Floriano	2203909	9
751	Francinópolis	2204006	9
752	Francisco Ayres	2204105	9
753	Francisco Macedo	2204154	9
754	Francisco Santos	2204204	9
755	Fronteiras	2204303	9
756	Geminiano	2204352	9
757	Gilbués	2204402	9
758	Guadalupe	2204501	9
759	Guaribas	2204550	9
760	Hugo Napoleão	2204600	9
761	Ilha Grande	2204659	9
762	Inhuma	2204709	9
763	Ipiranga do Piauí	2204808	9
764	Isaías Coelho	2204907	9
765	Itainópolis	2205003	9
766	Itaueira	2205102	9
767	Jacobina do Piauí	2205151	9
768	Jaicós	2205201	9
769	Jardim do Mulato	2205250	9
770	Jatobá do Piauí	2205276	9
771	Jerumenha	2205300	9
772	João Costa	2205359	9
773	Joaquim Pires	2205409	9
774	Joca Marques	2205458	9
775	José de Freitas	2205508	9
776	Juazeiro do Piauí	2205516	9
777	Júlio Borges	2205524	9
778	Jurema	2205532	9
779	Lagoa Alegre	2205557	9
780	Lagoa de São Francisco	2205573	9
781	Lagoa do Barro do Piauí	2205565	9
782	Lagoa do Piauí	2205581	9
783	Lagoa do Sítio	2205599	9
784	Lagoinha do Piauí	2205540	9
785	Landri Sales	2205607	9
786	Luís Correia	2205706	9
787	Luzilândia	2205805	9
788	Madeiro	2205854	9
789	Manoel Emídio	2205904	9
790	Marcolândia	2205953	9
791	Marcos Parente	2206001	9
792	Massapê do Piauí	2206050	9
793	Matias Olímpio	2206100	9
794	Miguel Alves	2206209	9
795	Miguel Leão	2206308	9
796	Milton Brandão	2206357	9
797	Monsenhor Gil	2206407	9
798	Monsenhor Hipólito	2206506	9
799	Monte Alegre do Piauí	2206605	9
800	Morro Cabeça no Tempo	2206654	9
801	Morro do Chapéu do Piauí	2206670	9
802	Murici dos Portelas	2206696	9
803	Nazaré do Piauí	2206704	9
804	Nazária	2206720	9
805	Nossa Senhora de Nazaré	2206753	9
806	Nossa Senhora dos Remédios	2206803	9
807	Nova Santa Rita	2207959	9
808	Novo Oriente do Piauí	2206902	9
809	Novo Santo Antônio	2206951	9
810	Oeiras	2207009	9
811	Olho D'Água do Piauí	2207108	9
812	Padre Marcos	2207207	9
813	Paes Landim	2207306	9
814	Pajeú do Piauí	2207355	9
815	Palmeira do Piauí	2207405	9
816	Palmeirais	2207504	9
817	Paquetá	2207553	9
818	Parnaguá	2207603	9
819	Parnaíba	2207702	9
820	Passagem Franca do Piauí	2207751	9
821	Patos do Piauí	2207777	9
822	Pau D'Arco do Piauí	2207793	9
823	Paulistana	2207801	9
824	Pavussu	2207850	9
825	Pedro II	2207900	9
826	Pedro Laurentino	2207934	9
827	Picos	2208007	9
828	Pimenteiras	2208106	9
829	Pio IX	2208205	9
830	Piracuruca	2208304	9
831	Piripiri	2208403	9
832	Porto	2208502	9
833	Porto Alegre do Piauí	2208551	9
834	Prata do Piauí	2208601	9
835	Queimada Nova	2208650	9
836	Redenção do Gurguéia	2208700	9
837	Regeneração	2208809	9
838	Riacho Frio	2208858	9
839	Ribeira do Piauí	2208874	9
840	Ribeiro Gonçalves	2208908	9
841	Rio Grande do Piauí	2209005	9
842	Santa Cruz do Piauí	2209104	9
843	Santa Cruz dos Milagres	2209153	9
844	Santa Filomena	2209203	9
845	Santa Luz	2209302	9
846	Santa Rosa do Piauí	2209377	9
847	Santana do Piauí	2209351	9
848	Santo Antônio de Lisboa	2209401	9
849	Santo Antônio dos Milagres	2209450	9
850	Santo Inácio do Piauí	2209500	9
851	São Braz do Piauí	2209559	9
852	São Félix do Piauí	2209609	9
853	São Francisco de Assis do Piauí	2209658	9
854	São Francisco do Piauí	2209708	9
855	São Gonçalo do Gurguéia	2209757	9
856	São Gonçalo do Piauí	2209807	9
857	São João da Canabrava	2209856	9
858	São João da Fronteira	2209872	9
859	São João da Serra	2209906	9
860	São João da Varjota	2209955	9
861	São João do Arraial	2209971	9
862	São João do Piauí	2210003	9
863	São José do Divino	2210052	9
864	São José do Peixe	2210102	9
865	São José do Piauí	2210201	9
866	São Julião	2210300	9
867	São Lourenço do Piauí	2210359	9
868	São Luis do Piauí	2210375	9
869	São Miguel da Baixa Grande	2210383	9
870	São Miguel do Fidalgo	2210391	9
871	São Miguel do Tapuio	2210409	9
872	São Pedro do Piauí	2210508	9
873	São Raimundo Nonato	2210607	9
874	Sebastião Barros	2210623	9
875	Sebastião Leal	2210631	9
876	Sigefredo Pacheco	2210656	9
877	Simões	2210706	9
878	Simplício Mendes	2210805	9
879	Socorro do Piauí	2210904	9
880	Sussuapara	2210938	9
881	Tamboril do Piauí	2210953	9
882	Tanque do Piauí	2210979	9
883	Teresina	2211001	9
884	União	2211100	9
885	Uruçuí	2211209	9
886	Valença do Piauí	2211308	9
887	Várzea Branca	2211357	9
888	Várzea Grande	2211407	9
889	Vera Mendes	2211506	9
890	Vila Nova do Piauí	2211605	9
891	Wall Ferraz	2211704	9
892	Abaiara	2300101	10
893	Acarape	2300150	10
894	Acaraú	2300200	10
895	Acopiara	2300309	10
896	Aiuaba	2300408	10
897	Alcântaras	2300507	10
898	Altaneira	2300606	10
899	Alto Santo	2300705	10
900	Amontada	2300754	10
901	Antonina do Norte	2300804	10
902	Apuiarés	2300903	10
903	Aquiraz	2301000	10
904	Aracati	2301109	10
905	Aracoiaba	2301208	10
906	Ararendá	2301257	10
907	Araripe	2301307	10
908	Aratuba	2301406	10
909	Arneiroz	2301505	10
910	Assaré	2301604	10
911	Aurora	2301703	10
912	Baixio	2301802	10
913	Banabuiú	2301851	10
914	Barbalha	2301901	10
915	Barreira	2301950	10
916	Barro	2302008	10
917	Barroquinha	2302057	10
918	Baturité	2302107	10
919	Beberibe	2302206	10
920	Bela Cruz	2302305	10
921	Boa Viagem	2302404	10
922	Brejo Santo	2302503	10
923	Camocim	2302602	10
924	Campos Sales	2302701	10
925	Canindé	2302800	10
926	Capistrano	2302909	10
927	Caridade	2303006	10
928	Cariré	2303105	10
929	Caririaçu	2303204	10
930	Cariús	2303303	10
931	Carnaubal	2303402	10
932	Cascavel	2303501	10
933	Catarina	2303600	10
934	Catunda	2303659	10
935	Caucaia	2303709	10
936	Cedro	2303808	10
937	Chaval	2303907	10
938	Choró	2303931	10
939	Chorozinho	2303956	10
940	Coreaú	2304004	10
941	Crateús	2304103	10
942	Crato	2304202	10
943	Croatá	2304236	10
944	Cruz	2304251	10
945	Deputado Irapuan Pinheiro	2304269	10
946	Ereré	2304277	10
947	Eusébio	2304285	10
948	Farias Brito	2304301	10
949	Forquilha	2304350	10
950	Fortaleza	2304400	10
951	Fortim	2304459	10
952	Frecheirinha	2304509	10
953	General Sampaio	2304608	10
954	Graça	2304657	10
955	Granja	2304707	10
956	Granjeiro	2304806	10
957	Groaíras	2304905	10
958	Guaiúba	2304954	10
959	Guaraciaba do Norte	2305001	10
960	Guaramiranga	2305100	10
961	Hidrolândia	2305209	10
962	Horizonte	2305233	10
963	Ibaretama	2305266	10
964	Ibiapina	2305308	10
965	Ibicuitinga	2305332	10
966	Icapuí	2305357	10
967	Icó	2305407	10
968	Iguatu	2305506	10
969	Independência	2305605	10
970	Ipaporanga	2305654	10
971	Ipaumirim	2305704	10
972	Ipu	2305803	10
973	Ipueiras	2305902	10
974	Iracema	2306009	10
975	Irauçuba	2306108	10
976	Itaiçaba	2306207	10
977	Itaitinga	2306256	10
978	Itapajé	2306306	10
979	Itapipoca	2306405	10
980	Itapiúna	2306504	10
981	Itarema	2306553	10
982	Itatira	2306603	10
983	Jaguaretama	2306702	10
984	Jaguaribara	2306801	10
985	Jaguaribe	2306900	10
986	Jaguaruana	2307007	10
987	Jardim	2307106	10
988	Jati	2307205	10
989	Jijoca de Jericoacoara	2307254	10
990	Juazeiro do Norte	2307304	10
991	Jucás	2307403	10
992	Lavras da Mangabeira	2307502	10
993	Limoeiro do Norte	2307601	10
994	Madalena	2307635	10
995	Maracanaú	2307650	10
996	Maranguape	2307700	10
997	Marco	2307809	10
998	Martinópole	2307908	10
999	Massapê	2308005	10
1000	Mauriti	2308104	10
1001	Meruoca	2308203	10
1002	Milagres	2308302	10
1003	Milhã	2308351	10
1004	Miraíma	2308377	10
1005	Missão Velha	2308401	10
1006	Mombaça	2308500	10
1007	Monsenhor Tabosa	2308609	10
1008	Morada Nova	2308708	10
1009	Moraújo	2308807	10
1010	Morrinhos	2308906	10
1011	Mucambo	2309003	10
1012	Mulungu	2309102	10
1013	Nova Olinda	2309201	10
1014	Nova Russas	2309300	10
1015	Novo Oriente	2309409	10
1016	Ocara	2309458	10
1017	Orós	2309508	10
1018	Pacajus	2309607	10
1019	Pacatuba	2309706	10
1020	Pacoti	2309805	10
1021	Pacujá	2309904	10
1022	Palhano	2310001	10
1023	Palmácia	2310100	10
1024	Paracuru	2310209	10
1025	Paraipaba	2310258	10
1026	Parambu	2310308	10
1027	Paramoti	2310407	10
1028	Pedra Branca	2310506	10
1029	Penaforte	2310605	10
1030	Pentecoste	2310704	10
1031	Pereiro	2310803	10
1032	Pindoretama	2310852	10
1033	Piquet Carneiro	2310902	10
1034	Pires Ferreira	2310951	10
1035	Poranga	2311009	10
1036	Porteiras	2311108	10
1037	Potengi	2311207	10
1038	Potiretama	2311231	10
1039	Quiterianópolis	2311264	10
1040	Quixadá	2311306	10
1041	Quixelô	2311355	10
1042	Quixeramobim	2311405	10
1043	Quixeré	2311504	10
1044	Redenção	2311603	10
1045	Reriutaba	2311702	10
1046	Russas	2311801	10
1047	Saboeiro	2311900	10
1048	Salitre	2311959	10
1049	Santa Quitéria	2312205	10
1050	Santana do Acaraú	2312007	10
1051	Santana do Cariri	2312106	10
1052	São Benedito	2312304	10
1053	São Gonçalo do Amarante	2312403	10
1054	São João do Jaguaribe	2312502	10
1055	São Luís do Curu	2312601	10
1056	Senador Pompeu	2312700	10
1057	Senador Sá	2312809	10
1058	Sobral	2312908	10
1059	Solonópole	2313005	10
1060	Tabuleiro do Norte	2313104	10
1061	Tamboril	2313203	10
1062	Tarrafas	2313252	10
1063	Tauá	2313302	10
1064	Tejuçuoca	2313351	10
1065	Tianguá	2313401	10
1066	Trairi	2313500	10
1067	Tururu	2313559	10
1068	Ubajara	2313609	10
1069	Umari	2313708	10
1070	Umirim	2313757	10
1071	Uruburetama	2313807	10
1072	Uruoca	2313906	10
1073	Varjota	2313955	10
1074	Várzea Alegre	2314003	10
1075	Viçosa do Ceará	2314102	10
1076	Acari	2400109	11
1077	Açu	2400208	11
1078	Afonso Bezerra	2400307	11
1079	Água Nova	2400406	11
1080	Alexandria	2400505	11
1081	Almino Afonso	2400604	11
1082	Alto do Rodrigues	2400703	11
1083	Angicos	2400802	11
1084	Antônio Martins	2400901	11
1085	Apodi	2401008	11
1086	Areia Branca	2401107	11
1087	Arês	2401206	11
1088	Baía Formosa	2401404	11
1089	Baraúna	2401453	11
1090	Barcelona	2401503	11
1091	Bento Fernandes	2401602	11
1092	Bodó	2401651	11
1093	Bom Jesus	2401701	11
1094	Brejinho	2401800	11
1095	Caiçara do Norte	2401859	11
1096	Caiçara do Rio do Vento	2401909	11
1097	Caicó	2402006	11
1098	Campo Grande	2401305	11
1099	Campo Redondo	2402105	11
1100	Canguaretama	2402204	11
1101	Caraúbas	2402303	11
1102	Carnaúba dos Dantas	2402402	11
1103	Carnaubais	2402501	11
1104	Ceará-Mirim	2402600	11
1105	Cerro Corá	2402709	11
1106	Coronel Ezequiel	2402808	11
1107	Coronel João Pessoa	2402907	11
1108	Cruzeta	2403004	11
1109	Currais Novos	2403103	11
1110	Doutor Severiano	2403202	11
1111	Encanto	2403301	11
1112	Equador	2403400	11
1113	Espírito Santo	2403509	11
1114	Extremoz	2403608	11
1115	Felipe Guerra	2403707	11
1116	Fernando Pedroza	2403756	11
1117	Florânia	2403806	11
1118	Francisco Dantas	2403905	11
1119	Frutuoso Gomes	2404002	11
1120	Galinhos	2404101	11
1121	Goianinha	2404200	11
1122	Governador Dix-Sept Rosado	2404309	11
1123	Grossos	2404408	11
1124	Guamaré	2404507	11
1125	Ielmo Marinho	2404606	11
1126	Ipanguaçu	2404705	11
1127	Ipueira	2404804	11
1128	Itajá	2404853	11
1129	Itaú	2404903	11
1130	Jaçanã	2405009	11
1131	Jandaíra	2405108	11
1132	Janduís	2405207	11
1133	Januário Cicco	2405306	11
1134	Japi	2405405	11
1135	Jardim de Angicos	2405504	11
1136	Jardim de Piranhas	2405603	11
1137	Jardim do Seridó	2405702	11
1138	João Câmara	2405801	11
1139	João Dias	2405900	11
1140	José da Penha	2406007	11
1141	Jucurutu	2406106	11
1142	Jundiá	2406155	11
1143	Lagoa d'Anta	2406205	11
1144	Lagoa de Pedras	2406304	11
1145	Lagoa de Velhos	2406403	11
1146	Lagoa Nova	2406502	11
1147	Lagoa Salgada	2406601	11
1148	Lajes	2406700	11
1149	Lajes Pintadas	2406809	11
1150	Lucrécia	2406908	11
1151	Luís Gomes	2407005	11
1152	Macaíba	2407104	11
1153	Macau	2407203	11
1154	Major Sales	2407252	11
1155	Marcelino Vieira	2407302	11
1156	Martins	2407401	11
1157	Maxaranguape	2407500	11
1158	Messias Targino	2407609	11
1159	Montanhas	2407708	11
1160	Monte Alegre	2407807	11
1161	Monte das Gameleiras	2407906	11
1162	Mossoró	2408003	11
1163	Natal	2408102	11
1164	Nísia Floresta	2408201	11
1165	Nova Cruz	2408300	11
1166	Olho d'Água do Borges	2408409	11
1167	Ouro Branco	2408508	11
1168	Paraná	2408607	11
1169	Paraú	2408706	11
1170	Parazinho	2408805	11
1171	Parelhas	2408904	11
1172	Parnamirim	2403251	11
1173	Passa e Fica	2409100	11
1174	Passagem	2409209	11
1175	Patu	2409308	11
1176	Pau dos Ferros	2409407	11
1177	Pedra Grande	2409506	11
1178	Pedra Preta	2409605	11
1179	Pedro Avelino	2409704	11
1180	Pedro Velho	2409803	11
1181	Pendências	2409902	11
1182	Pilões	2410009	11
1183	Poço Branco	2410108	11
1184	Portalegre	2410207	11
1185	Porto do Mangue	2410256	11
1186	Pureza	2410405	11
1187	Rafael Fernandes	2410504	11
1188	Rafael Godeiro	2410603	11
1189	Riacho da Cruz	2410702	11
1190	Riacho de Santana	2410801	11
1191	Riachuelo	2410900	11
1192	Rio do Fogo	2408953	11
1193	Rodolfo Fernandes	2411007	11
1194	Ruy Barbosa	2411106	11
1195	Santa Cruz	2411205	11
1196	Santa Maria	2409332	11
1197	Santana do Matos	2411403	11
1198	Santana do Seridó	2411429	11
1199	Santo Antônio	2411502	11
1200	São Bento do Norte	2411601	11
1201	São Bento do Trairí	2411700	11
1202	São Fernando	2411809	11
1203	São Francisco do Oeste	2411908	11
1204	São Gonçalo do Amarante	2412005	11
1205	São João do Sabugi	2412104	11
1206	São José de Mipibu	2412203	11
1207	São José do Campestre	2412302	11
1208	São José do Seridó	2412401	11
1209	São Miguel	2412500	11
1210	São Miguel do Gostoso	2412559	11
1211	São Paulo do Potengi	2412609	11
1212	São Pedro	2412708	11
1213	São Rafael	2412807	11
1214	São Tomé	2412906	11
1215	São Vicente	2413003	11
1216	Senador Elói de Souza	2413102	11
1217	Senador Georgino Avelino	2413201	11
1218	Serra Caiada	2410306	11
1219	Serra de São Bento	2413300	11
1220	Serra do Mel	2413359	11
1221	Serra Negra do Norte	2413409	11
1222	Serrinha	2413508	11
1223	Serrinha dos Pintos	2413557	11
1224	Severiano Melo	2413607	11
1225	Sítio Novo	2413706	11
1226	Taboleiro Grande	2413805	11
1227	Taipu	2413904	11
1228	Tangará	2414001	11
1229	Tenente Ananias	2414100	11
1230	Tenente Laurentino Cruz	2414159	11
1231	Tibau	2411056	11
1232	Tibau do Sul	2414209	11
1233	Timbaúba dos Batistas	2414308	11
1234	Touros	2414407	11
1235	Triunfo Potiguar	2414456	11
1236	Umarizal	2414506	11
1237	Upanema	2414605	11
1238	Várzea	2414704	11
1239	Venha-Ver	2414753	11
1240	Vera Cruz	2414803	11
1241	Viçosa	2414902	11
1242	Vila Flor	2415008	11
1243	Água Branca	2500106	12
1244	Aguiar	2500205	12
1245	Alagoa Grande	2500304	12
1246	Alagoa Nova	2500403	12
1247	Alagoinha	2500502	12
1248	Alcantil	2500536	12
1249	Algodão de Jandaíra	2500577	12
1250	Alhandra	2500601	12
1251	Amparo	2500734	12
1252	Aparecida	2500775	12
1253	Araçagi	2500809	12
1254	Arara	2500908	12
1255	Araruna	2501005	12
1256	Areia	2501104	12
1257	Areia de Baraúnas	2501153	12
1258	Areial	2501203	12
1259	Aroeiras	2501302	12
1260	Assunção	2501351	12
1261	Baía da Traição	2501401	12
1262	Bananeiras	2501500	12
1263	Baraúna	2501534	12
1264	Barra de Santa Rosa	2501609	12
1265	Barra de Santana	2501575	12
1266	Barra de São Miguel	2501708	12
1267	Bayeux	2501807	12
1268	Belém	2501906	12
1269	Belém do Brejo do Cruz	2502003	12
1270	Bernardino Batista	2502052	12
1271	Boa Ventura	2502102	12
1272	Boa Vista	2502151	12
1273	Bom Jesus	2502201	12
1274	Bom Sucesso	2502300	12
1275	Bonito de Santa Fé	2502409	12
1276	Boqueirão	2502508	12
1277	Borborema	2502706	12
1278	Brejo do Cruz	2502805	12
1279	Brejo dos Santos	2502904	12
1280	Caaporã	2503001	12
1281	Cabaceiras	2503100	12
1282	Cabedelo	2503209	12
1283	Cachoeira dos Índios	2503308	12
1284	Cacimba de Areia	2503407	12
1285	Cacimba de Dentro	2503506	12
1286	Cacimbas	2503555	12
1287	Caiçara	2503605	12
1288	Cajazeiras	2503704	12
1289	Cajazeirinhas	2503753	12
1290	Caldas Brandão	2503803	12
1291	Camalaú	2503902	12
1292	Campina Grande	2504009	12
1293	Capim	2504033	12
1294	Caraúbas	2504074	12
1295	Carrapateira	2504108	12
1296	Casserengue	2504157	12
1297	Catingueira	2504207	12
1298	Catolé do Rocha	2504306	12
1299	Caturité	2504355	12
1300	Conceição	2504405	12
1301	Condado	2504504	12
1302	Conde	2504603	12
1303	Congo	2504702	12
1304	Coremas	2504801	12
1305	Coxixola	2504850	12
1306	Cruz do Espírito Santo	2504900	12
1307	Cubati	2505006	12
1308	Cuité	2505105	12
1309	Cuité de Mamanguape	2505238	12
1310	Cuitegi	2505204	12
1311	Curral de Cima	2505279	12
1312	Curral Velho	2505303	12
1313	Damião	2505352	12
1314	Desterro	2505402	12
1315	Diamante	2505600	12
1316	Dona Inês	2505709	12
1317	Duas Estradas	2505808	12
1318	Emas	2505907	12
1319	Esperança	2506004	12
1320	Fagundes	2506103	12
1321	Frei Martinho	2506202	12
1322	Gado Bravo	2506251	12
1323	Guarabira	2506301	12
1324	Gurinhém	2506400	12
1325	Gurjão	2506509	12
1326	Ibiara	2506608	12
1327	Igaracy	2502607	12
1328	Imaculada	2506707	12
1329	Ingá	2506806	12
1330	Itabaiana	2506905	12
1331	Itaporanga	2507002	12
1332	Itapororoca	2507101	12
1333	Itatuba	2507200	12
1334	Jacaraú	2507309	12
1335	Jericó	2507408	12
1336	João Pessoa	2507507	12
1337	Joca Claudino	2513653	12
1338	Juarez Távora	2507606	12
1339	Juazeirinho	2507705	12
1340	Junco do Seridó	2507804	12
1341	Juripiranga	2507903	12
1342	Juru	2508000	12
1343	Lagoa	2508109	12
1344	Lagoa de Dentro	2508208	12
1345	Lagoa Seca	2508307	12
1346	Lastro	2508406	12
1347	Livramento	2508505	12
1348	Logradouro	2508554	12
1349	Lucena	2508604	12
1350	Mãe d'Água	2508703	12
1351	Malta	2508802	12
1352	Mamanguape	2508901	12
1353	Manaíra	2509008	12
1354	Marcação	2509057	12
1355	Mari	2509107	12
1356	Marizópolis	2509156	12
1357	Massaranduba	2509206	12
1358	Mataraca	2509305	12
1359	Matinhas	2509339	12
1360	Mato Grosso	2509370	12
1361	Maturéia	2509396	12
1362	Mogeiro	2509404	12
1363	Montadas	2509503	12
1364	Monte Horebe	2509602	12
1365	Monteiro	2509701	12
1366	Mulungu	2509800	12
1367	Natuba	2509909	12
1368	Nazarezinho	2510006	12
1369	Nova Floresta	2510105	12
1370	Nova Olinda	2510204	12
1371	Nova Palmeira	2510303	12
1372	Olho d'Água	2510402	12
1373	Olivedos	2510501	12
1374	Ouro Velho	2510600	12
1375	Parari	2510659	12
1376	Passagem	2510709	12
1377	Patos	2510808	12
1378	Paulista	2510907	12
1379	Pedra Branca	2511004	12
1380	Pedra Lavrada	2511103	12
1381	Pedras de Fogo	2511202	12
1382	Pedro Régis	2512721	12
1383	Piancó	2511301	12
1384	Picuí	2511400	12
1385	Pilar	2511509	12
1386	Pilões	2511608	12
1387	Pilõezinhos	2511707	12
1388	Pirpirituba	2511806	12
1389	Pitimbu	2511905	12
1390	Pocinhos	2512002	12
1391	Poço Dantas	2512036	12
1392	Poço de José de Moura	2512077	12
1393	Pombal	2512101	12
1394	Prata	2512200	12
1395	Princesa Isabel	2512309	12
1396	Puxinanã	2512408	12
1397	Queimadas	2512507	12
1398	Quixaba	2512606	12
1399	Remígio	2512705	12
1400	Riachão	2512747	12
1401	Riachão do Bacamarte	2512754	12
1402	Riachão do Poço	2512762	12
1403	Riacho de Santo Antônio	2512788	12
1404	Riacho dos Cavalos	2512804	12
1405	Rio Tinto	2512903	12
1406	Salgadinho	2513000	12
1407	Salgado de São Félix	2513109	12
1408	Santa Cecília	2513158	12
1409	Santa Cruz	2513208	12
1410	Santa Helena	2513307	12
1411	Santa Inês	2513356	12
1412	Santa Luzia	2513406	12
1413	Santa Rita	2513703	12
1414	Santa Teresinha	2513802	12
1415	Santana de Mangueira	2513505	12
1416	Santana dos Garrotes	2513604	12
1417	Santo André	2513851	12
1418	São Bentinho	2513927	12
1419	São Bento	2513901	12
1420	São Domingos	2513968	12
1421	São Domingos do Cariri	2513943	12
1422	São Francisco	2513984	12
1423	São João do Cariri	2514008	12
1424	São João do Rio do Peixe	2500700	12
1425	São João do Tigre	2514107	12
1426	São José da Lagoa Tapada	2514206	12
1427	São José de Caiana	2514305	12
1428	São José de Espinharas	2514404	12
1429	São José de Piranhas	2514503	12
1430	São José de Princesa	2514552	12
1431	São José do Bonfim	2514602	12
1432	São José do Brejo do Cruz	2514651	12
1433	São José do Sabugi	2514701	12
1434	São José dos Cordeiros	2514800	12
1435	São José dos Ramos	2514453	12
1436	São Mamede	2514909	12
1437	São Miguel de Taipu	2515005	12
1438	São Sebastião de Lagoa de Roça	2515104	12
1439	São Sebastião do Umbuzeiro	2515203	12
1440	São Vicente do Seridó	2515401	12
1441	Sapé	2515302	12
1442	Serra Branca	2515500	12
1443	Serra da Raiz	2515609	12
1444	Serra Grande	2515708	12
1445	Serra Redonda	2515807	12
1446	Serraria	2515906	12
1447	Sertãozinho	2515930	12
1448	Sobrado	2515971	12
1449	Solânea	2516003	12
1450	Soledade	2516102	12
1451	Sossêgo	2516151	12
1452	Sousa	2516201	12
1453	Sumé	2516300	12
1454	Tacima	2516409	12
1455	Taperoá	2516508	12
1456	Tavares	2516607	12
1457	Teixeira	2516706	12
1458	Tenório	2516755	12
1459	Triunfo	2516805	12
1460	Uiraúna	2516904	12
1461	Umbuzeiro	2517001	12
1462	Várzea	2517100	12
1463	Vieirópolis	2517209	12
1464	Vista Serrana	2505501	12
1465	Zabelê	2517407	12
1466	Abreu e Lima	2600054	13
1467	Afogados da Ingazeira	2600104	13
1468	Afrânio	2600203	13
1469	Agrestina	2600302	13
1470	Água Preta	2600401	13
1471	Águas Belas	2600500	13
1472	Alagoinha	2600609	13
1473	Aliança	2600708	13
1474	Altinho	2600807	13
1475	Amaraji	2600906	13
1476	Angelim	2601003	13
1477	Araçoiaba	2601052	13
1478	Araripina	2601102	13
1479	Arcoverde	2601201	13
1480	Barra de Guabiraba	2601300	13
1481	Barreiros	2601409	13
1482	Belém de Maria	2601508	13
1483	Belém do São Francisco	2601607	13
1484	Belo Jardim	2601706	13
1485	Betânia	2601805	13
1486	Bezerros	2601904	13
1487	Bodocó	2602001	13
1488	Bom Conselho	2602100	13
1489	Bom Jardim	2602209	13
1490	Bonito	2602308	13
1491	Brejão	2602407	13
1492	Brejinho	2602506	13
1493	Brejo da Madre de Deus	2602605	13
1494	Buenos Aires	2602704	13
1495	Buíque	2602803	13
1496	Cabo de Santo Agostinho	2602902	13
1497	Cabrobó	2603009	13
1498	Cachoeirinha	2603108	13
1499	Caetés	2603207	13
1500	Calçado	2603306	13
1501	Calumbi	2603405	13
1502	Camaragibe	2603454	13
1503	Camocim de São Félix	2603504	13
1504	Camutanga	2603603	13
1505	Canhotinho	2603702	13
1506	Capoeiras	2603801	13
1507	Carnaíba	2603900	13
1508	Carnaubeira da Penha	2603926	13
1509	Carpina	2604007	13
1510	Caruaru	2604106	13
1511	Casinhas	2604155	13
1512	Catende	2604205	13
1513	Cedro	2604304	13
1514	Chã de Alegria	2604403	13
1515	Chã Grande	2604502	13
1516	Condado	2604601	13
1517	Correntes	2604700	13
1518	Cortês	2604809	13
1519	Cumaru	2604908	13
1520	Cupira	2605004	13
1521	Custódia	2605103	13
1522	Dormentes	2605152	13
1523	Escada	2605202	13
1524	Exu	2605301	13
1525	Feira Nova	2605400	13
1526	Fernando de Noronha	2605459	13
1527	Ferreiros	2605509	13
1528	Flores	2605608	13
1529	Floresta	2605707	13
1530	Frei Miguelinho	2605806	13
1531	Gameleira	2605905	13
1532	Garanhuns	2606002	13
1533	Glória do Goitá	2606101	13
1534	Goiana	2606200	13
1535	Granito	2606309	13
1536	Gravatá	2606408	13
1537	Iati	2606507	13
1538	Ibimirim	2606606	13
1539	Ibirajuba	2606705	13
1540	Igarassu	2606804	13
1541	Iguaracy	2606903	13
1542	Ilha de Itamaracá	2607604	13
1543	Inajá	2607000	13
1544	Ingazeira	2607109	13
1545	Ipojuca	2607208	13
1546	Ipubi	2607307	13
1547	Itacuruba	2607406	13
1548	Itaíba	2607505	13
1549	Itambé	2607653	13
1550	Itapetim	2607703	13
1551	Itapissuma	2607752	13
1552	Itaquitinga	2607802	13
1553	Jaboatão dos Guararapes	2607901	13
1554	Jaqueira	2607950	13
1555	Jataúba	2608008	13
1556	Jatobá	2608057	13
1557	João Alfredo	2608107	13
1558	Joaquim Nabuco	2608206	13
1559	Jucati	2608255	13
1560	Jupi	2608305	13
1561	Jurema	2608404	13
1562	Lagoa de Itaenga	2608503	13
1563	Lagoa do Carro	2608453	13
1564	Lagoa do Ouro	2608602	13
1565	Lagoa dos Gatos	2608701	13
1566	Lagoa Grande	2608750	13
1567	Lajedo	2608800	13
1568	Limoeiro	2608909	13
1569	Macaparana	2609006	13
1570	Machados	2609105	13
1571	Manari	2609154	13
1572	Maraial	2609204	13
1573	Mirandiba	2609303	13
1574	Moreilândia	2614303	13
1575	Moreno	2609402	13
1576	Nazaré da Mata	2609501	13
1577	Olinda	2609600	13
1578	Orobó	2609709	13
1579	Orocó	2609808	13
1580	Ouricuri	2609907	13
1581	Palmares	2610004	13
1582	Palmeirina	2610103	13
1583	Panelas	2610202	13
1584	Paranatama	2610301	13
1585	Parnamirim	2610400	13
1586	Passira	2610509	13
1587	Paudalho	2610608	13
1588	Paulista	2610707	13
1589	Pedra	2610806	13
1590	Pesqueira	2610905	13
1591	Petrolândia	2611002	13
1592	Petrolina	2611101	13
1593	Poção	2611200	13
1594	Pombos	2611309	13
1595	Primavera	2611408	13
1596	Quipapá	2611507	13
1597	Quixaba	2611533	13
1598	Recife	2611606	13
1599	Riacho das Almas	2611705	13
1600	Ribeirão	2611804	13
1601	Rio Formoso	2611903	13
1602	Sairé	2612000	13
1603	Salgadinho	2612109	13
1604	Salgueiro	2612208	13
1605	Saloá	2612307	13
1606	Sanharó	2612406	13
1607	Santa Cruz	2612455	13
1608	Santa Cruz da Baixa Verde	2612471	13
1609	Santa Cruz do Capibaribe	2612505	13
1610	Santa Filomena	2612554	13
1611	Santa Maria da Boa Vista	2612604	13
1612	Santa Maria do Cambucá	2612703	13
1613	Santa Terezinha	2612802	13
1614	São Benedito do Sul	2612901	13
1615	São Bento do Una	2613008	13
1616	São Caitano	2613107	13
1617	São João	2613206	13
1618	São Joaquim do Monte	2613305	13
1619	São José da Coroa Grande	2613404	13
1620	São José do Belmonte	2613503	13
1621	São José do Egito	2613602	13
1622	São Lourenço da Mata	2613701	13
1623	São Vicente Férrer	2613800	13
1624	Serra Talhada	2613909	13
1625	Serrita	2614006	13
1626	Sertânia	2614105	13
1627	Sirinhaém	2614204	13
1628	Solidão	2614402	13
1629	Surubim	2614501	13
1630	Tabira	2614600	13
1631	Tacaimbó	2614709	13
1632	Tacaratu	2614808	13
1633	Tamandaré	2614857	13
1634	Taquaritinga do Norte	2615003	13
1635	Terezinha	2615102	13
1636	Terra Nova	2615201	13
1637	Timbaúba	2615300	13
1638	Toritama	2615409	13
1639	Tracunhaém	2615508	13
1640	Trindade	2615607	13
1641	Triunfo	2615706	13
1642	Tupanatinga	2615805	13
1643	Tuparetama	2615904	13
1644	Venturosa	2616001	13
1645	Verdejante	2616100	13
1646	Vertente do Lério	2616183	13
1647	Vertentes	2616209	13
1648	Vicência	2616308	13
1649	Vitória de Santo Antão	2616407	13
1650	Xexéu	2616506	13
1651	Água Branca	2700102	14
1652	Anadia	2700201	14
1653	Arapiraca	2700300	14
1654	Atalaia	2700409	14
1655	Barra de Santo Antônio	2700508	14
1656	Barra de São Miguel	2700607	14
1657	Batalha	2700706	14
1658	Belém	2700805	14
1659	Belo Monte	2700904	14
1660	Boca da Mata	2701001	14
1661	Branquinha	2701100	14
1662	Cacimbinhas	2701209	14
1663	Cajueiro	2701308	14
1664	Campestre	2701357	14
1665	Campo Alegre	2701407	14
1666	Campo Grande	2701506	14
1667	Canapi	2701605	14
1668	Capela	2701704	14
1669	Carneiros	2701803	14
1670	Chã Preta	2701902	14
1671	Coité do Nóia	2702009	14
1672	Colônia Leopoldina	2702108	14
1673	Coqueiro Seco	2702207	14
1674	Coruripe	2702306	14
1675	Craíbas	2702355	14
1676	Delmiro Gouveia	2702405	14
1677	Dois Riachos	2702504	14
1678	Estrela de Alagoas	2702553	14
1679	Feira Grande	2702603	14
1680	Feliz Deserto	2702702	14
1681	Flexeiras	2702801	14
1682	Girau do Ponciano	2702900	14
1683	Ibateguara	2703007	14
1684	Igaci	2703106	14
1685	Igreja Nova	2703205	14
1686	Inhapi	2703304	14
1687	Jacaré dos Homens	2703403	14
1688	Jacuípe	2703502	14
1689	Japaratinga	2703601	14
1690	Jaramataia	2703700	14
1691	Jequiá da Praia	2703759	14
1692	Joaquim Gomes	2703809	14
1693	Jundiá	2703908	14
1694	Junqueiro	2704005	14
1695	Lagoa da Canoa	2704104	14
1696	Limoeiro de Anadia	2704203	14
1697	Maceió	2704302	14
1698	Major Isidoro	2704401	14
1699	Mar Vermelho	2704906	14
1700	Maragogi	2704500	14
1701	Maravilha	2704609	14
1702	Marechal Deodoro	2704708	14
1703	Maribondo	2704807	14
1704	Mata Grande	2705002	14
1705	Matriz de Camaragibe	2705101	14
1706	Messias	2705200	14
1707	Minador do Negrão	2705309	14
1708	Monteirópolis	2705408	14
1709	Murici	2705507	14
1710	Novo Lino	2705606	14
1711	Olho d'Água das Flores	2705705	14
1712	Olho d'Água do Casado	2705804	14
1713	Olho d'Água Grande	2705903	14
1714	Olivença	2706000	14
1715	Ouro Branco	2706109	14
1716	Palestina	2706208	14
1717	Palmeira dos Índios	2706307	14
1718	Pão de Açúcar	2706406	14
1719	Pariconha	2706422	14
1720	Paripueira	2706448	14
1721	Passo de Camaragibe	2706505	14
1722	Paulo Jacinto	2706604	14
1723	Penedo	2706703	14
1724	Piaçabuçu	2706802	14
1725	Pilar	2706901	14
1726	Pindoba	2707008	14
1727	Piranhas	2707107	14
1728	Poço das Trincheiras	2707206	14
1729	Porto Calvo	2707305	14
1730	Porto de Pedras	2707404	14
1731	Porto Real do Colégio	2707503	14
1732	Quebrangulo	2707602	14
1733	Rio Largo	2707701	14
1734	Roteiro	2707800	14
1735	Santa Luzia do Norte	2707909	14
1736	Santana do Ipanema	2708006	14
1737	Santana do Mundaú	2708105	14
1738	São Brás	2708204	14
1739	São José da Laje	2708303	14
1740	São José da Tapera	2708402	14
1741	São Luís do Quitunde	2708501	14
1742	São Miguel dos Campos	2708600	14
1743	São Miguel dos Milagres	2708709	14
1744	São Sebastião	2708808	14
1745	Satuba	2708907	14
1746	Senador Rui Palmeira	2708956	14
1747	Tanque d'Arca	2709004	14
1748	Taquarana	2709103	14
1749	Teotônio Vilela	2709152	14
1750	Traipu	2709202	14
1751	União dos Palmares	2709301	14
1752	Viçosa	2709400	14
1753	Amparo do São Francisco	2800100	15
1754	Aquidabã	2800209	15
1755	Aracaju	2800308	15
1756	Arauá	2800407	15
1757	Areia Branca	2800506	15
1758	Barra dos Coqueiros	2800605	15
1759	Boquim	2800670	15
1760	Brejo Grande	2800704	15
1761	Campo do Brito	2801009	15
1762	Canhoba	2801108	15
1763	Canindé de São Francisco	2801207	15
1764	Capela	2801306	15
1765	Carira	2801405	15
1766	Carmópolis	2801504	15
1767	Cedro de São João	2801603	15
1768	Cristinápolis	2801702	15
1769	Cumbe	2801900	15
1770	Divina Pastora	2802007	15
1771	Estância	2802106	15
1772	Feira Nova	2802205	15
1773	Frei Paulo	2802304	15
1774	Gararu	2802403	15
1775	General Maynard	2802502	15
1776	Graccho Cardoso	2802601	15
1777	Ilha das Flores	2802700	15
1778	Indiaroba	2802809	15
1779	Itabaiana	2802908	15
1780	Itabaianinha	2803005	15
1781	Itabi	2803104	15
1782	Itaporanga d'Ajuda	2803203	15
1783	Japaratuba	2803302	15
1784	Japoatã	2803401	15
1785	Lagarto	2803500	15
1786	Laranjeiras	2803609	15
1787	Macambira	2803708	15
1788	Malhada dos Bois	2803807	15
1789	Malhador	2803906	15
1790	Maruim	2804003	15
1791	Moita Bonita	2804102	15
1792	Monte Alegre de Sergipe	2804201	15
1793	Muribeca	2804300	15
1794	Neópolis	2804409	15
1795	Nossa Senhora Aparecida	2804458	15
1796	Nossa Senhora da Glória	2804508	15
1797	Nossa Senhora das Dores	2804607	15
1798	Nossa Senhora de Lourdes	2804706	15
1799	Nossa Senhora do Socorro	2804805	15
1800	Pacatuba	2804904	15
1801	Pedra Mole	2805000	15
1802	Pedrinhas	2805109	15
1803	Pinhão	2805208	15
1804	Pirambu	2805307	15
1805	Poço Redondo	2805406	15
1806	Poço Verde	2805505	15
1807	Porto da Folha	2805604	15
1808	Propriá	2805703	15
1809	Riachão do Dantas	2805802	15
1810	Riachuelo	2805901	15
1811	Ribeirópolis	2806008	15
1812	Rosário do Catete	2806107	15
1813	Salgado	2806206	15
1814	Santa Luzia do Itanhy	2806305	15
1815	Santa Rosa de Lima	2806503	15
1816	Santana do São Francisco	2806404	15
1817	Santo Amaro das Brotas	2806602	15
1818	São Cristóvão	2806701	15
1819	São Domingos	2806800	15
1820	São Francisco	2806909	15
1821	São Miguel do Aleixo	2807006	15
1822	Simão Dias	2807105	15
1823	Siriri	2807204	15
1824	Telha	2807303	15
1825	Tobias Barreto	2807402	15
1826	Tomar do Geru	2807501	15
1827	Umbaúba	2807600	15
1828	Abaíra	2900108	16
1829	Abaré	2900207	16
1830	Acajutiba	2900306	16
1831	Adustina	2900355	16
1832	Água Fria	2900405	16
1833	Aiquara	2900603	16
1834	Alagoinhas	2900702	16
1835	Alcobaça	2900801	16
1836	Almadina	2900900	16
1837	Amargosa	2901007	16
1838	Amélia Rodrigues	2901106	16
1839	América Dourada	2901155	16
1840	Anagé	2901205	16
1841	Andaraí	2901304	16
1842	Andorinha	2901353	16
1843	Angical	2901403	16
1844	Anguera	2901502	16
1845	Antas	2901601	16
1846	Antônio Cardoso	2901700	16
1847	Antônio Gonçalves	2901809	16
1848	Aporá	2901908	16
1849	Apuarema	2901957	16
1850	Araçás	2902054	16
1851	Aracatu	2902005	16
1852	Araci	2902104	16
1853	Aramari	2902203	16
1854	Arataca	2902252	16
1855	Aratuípe	2902302	16
1856	Aurelino Leal	2902401	16
1857	Baianópolis	2902500	16
1858	Baixa Grande	2902609	16
1859	Banzaê	2902658	16
1860	Barra	2902708	16
1861	Barra da Estiva	2902807	16
1862	Barra do Choça	2902906	16
1863	Barra do Mendes	2903003	16
1864	Barra do Rocha	2903102	16
1865	Barreiras	2903201	16
1866	Barro Alto	2903235	16
1867	Barro Preto	2903300	16
1868	Barrocas	2903276	16
1869	Belmonte	2903409	16
1870	Belo Campo	2903508	16
1871	Biritinga	2903607	16
1872	Boa Nova	2903706	16
1873	Boa Vista do Tupim	2903805	16
1874	Bom Jesus da Lapa	2903904	16
1875	Bom Jesus da Serra	2903953	16
1876	Boninal	2904001	16
1877	Bonito	2904050	16
1878	Boquira	2904100	16
1879	Botuporã	2904209	16
1880	Brejões	2904308	16
1881	Brejolândia	2904407	16
1882	Brotas de Macaúbas	2904506	16
1883	Brumado	2904605	16
1884	Buerarema	2904704	16
1885	Buritirama	2904753	16
1886	Caatiba	2904803	16
1887	Cabaceiras do Paraguaçu	2904852	16
1888	Cachoeira	2904902	16
1889	Caculé	2905008	16
1890	Caém	2905107	16
1891	Caetanos	2905156	16
1892	Caetité	2905206	16
1893	Cafarnaum	2905305	16
1894	Cairu	2905404	16
1895	Caldeirão Grande	2905503	16
1896	Camacan	2905602	16
1897	Camaçari	2905701	16
1898	Camamu	2905800	16
1899	Campo Alegre de Lourdes	2905909	16
1900	Campo Formoso	2906006	16
1901	Canápolis	2906105	16
1902	Canarana	2906204	16
1903	Canavieiras	2906303	16
1904	Candeal	2906402	16
1905	Candeias	2906501	16
1906	Candiba	2906600	16
1907	Cândido Sales	2906709	16
1908	Cansanção	2906808	16
1909	Canudos	2906824	16
1910	Capela do Alto Alegre	2906857	16
1911	Capim Grosso	2906873	16
1912	Caraíbas	2906899	16
1913	Caravelas	2906907	16
1914	Cardeal da Silva	2907004	16
1915	Carinhanha	2907103	16
1916	Casa Nova	2907202	16
1917	Castro Alves	2907301	16
1918	Catolândia	2907400	16
1919	Catu	2907509	16
1920	Caturama	2907558	16
1921	Central	2907608	16
1922	Chorrochó	2907707	16
1923	Cícero Dantas	2907806	16
1924	Cipó	2907905	16
1925	Coaraci	2908002	16
1926	Cocos	2908101	16
1927	Conceição da Feira	2908200	16
1928	Conceição do Almeida	2908309	16
1929	Conceição do Coité	2908408	16
1930	Conceição do Jacuípe	2908507	16
1931	Conde	2908606	16
1932	Condeúba	2908705	16
1933	Contendas do Sincorá	2908804	16
1934	Coração de Maria	2908903	16
1935	Cordeiros	2909000	16
1936	Coribe	2909109	16
1937	Coronel João Sá	2909208	16
1938	Correntina	2909307	16
1939	Cotegipe	2909406	16
1940	Cravolândia	2909505	16
1941	Crisópolis	2909604	16
1942	Cristópolis	2909703	16
1943	Cruz das Almas	2909802	16
1944	Curaçá	2909901	16
1945	Dário Meira	2910008	16
1946	Dias d'Ávila	2910057	16
1947	Dom Basílio	2910107	16
1948	Dom Macedo Costa	2910206	16
1949	Elísio Medrado	2910305	16
1950	Encruzilhada	2910404	16
1951	Entre Rios	2910503	16
1952	Érico Cardoso	2900504	16
1953	Esplanada	2910602	16
1954	Euclides da Cunha	2910701	16
1955	Eunápolis	2910727	16
1956	Fátima	2910750	16
1957	Feira da Mata	2910776	16
1958	Feira de Santana	2910800	16
1959	Filadélfia	2910859	16
1960	Firmino Alves	2910909	16
1961	Floresta Azul	2911006	16
1962	Formosa do Rio Preto	2911105	16
1963	Gandu	2911204	16
1964	Gavião	2911253	16
1965	Gentio do Ouro	2911303	16
1966	Glória	2911402	16
1967	Gongogi	2911501	16
1968	Governador Mangabeira	2911600	16
1969	Guajeru	2911659	16
1970	Guanambi	2911709	16
1971	Guaratinga	2911808	16
1972	Heliópolis	2911857	16
1973	Iaçu	2911907	16
1974	Ibiassucê	2912004	16
1975	Ibicaraí	2912103	16
1976	Ibicoara	2912202	16
1977	Ibicuí	2912301	16
1978	Ibipeba	2912400	16
1979	Ibipitanga	2912509	16
1980	Ibiquera	2912608	16
1981	Ibirapitanga	2912707	16
1982	Ibirapuã	2912806	16
1983	Ibirataia	2912905	16
1984	Ibitiara	2913002	16
1985	Ibititá	2913101	16
1986	Ibotirama	2913200	16
1987	Ichu	2913309	16
1988	Igaporã	2913408	16
1989	Igrapiúna	2913457	16
1990	Iguaí	2913507	16
1991	Ilhéus	2913606	16
1992	Inhambupe	2913705	16
1993	Ipecaetá	2913804	16
1994	Ipiaú	2913903	16
1995	Ipirá	2914000	16
1996	Ipupiara	2914109	16
1997	Irajuba	2914208	16
1998	Iramaia	2914307	16
1999	Iraquara	2914406	16
2000	Irará	2914505	16
2001	Irecê	2914604	16
2002	Itabela	2914653	16
2003	Itaberaba	2914703	16
2004	Itabuna	2914802	16
2005	Itacaré	2914901	16
2006	Itaeté	2915007	16
2007	Itagi	2915106	16
2008	Itagibá	2915205	16
2009	Itagimirim	2915304	16
2010	Itaguaçu da Bahia	2915353	16
2011	Itaju do Colônia	2915403	16
2012	Itajuípe	2915502	16
2013	Itamaraju	2915601	16
2014	Itamari	2915700	16
2015	Itambé	2915809	16
2016	Itanagra	2915908	16
2017	Itanhém	2916005	16
2018	Itaparica	2916104	16
2019	Itapé	2916203	16
2020	Itapebi	2916302	16
2021	Itapetinga	2916401	16
2022	Itapicuru	2916500	16
2023	Itapitanga	2916609	16
2024	Itaquara	2916708	16
2025	Itarantim	2916807	16
2026	Itatim	2916856	16
2027	Itiruçu	2916906	16
2028	Itiúba	2917003	16
2029	Itororó	2917102	16
2030	Ituaçu	2917201	16
2031	Ituberá	2917300	16
2032	Iuiu	2917334	16
2033	Jaborandi	2917359	16
2034	Jacaraci	2917409	16
2035	Jacobina	2917508	16
2036	Jaguaquara	2917607	16
2037	Jaguarari	2917706	16
2038	Jaguaripe	2917805	16
2039	Jandaíra	2917904	16
2040	Jequié	2918001	16
2041	Jeremoabo	2918100	16
2042	Jiquiriçá	2918209	16
2043	Jitaúna	2918308	16
2044	João Dourado	2918357	16
2045	Juazeiro	2918407	16
2046	Jucuruçu	2918456	16
2047	Jussara	2918506	16
2048	Jussari	2918555	16
2049	Jussiape	2918605	16
2050	Lafaiete Coutinho	2918704	16
2051	Lagoa Real	2918753	16
2052	Laje	2918803	16
2053	Lajedão	2918902	16
2054	Lajedinho	2919009	16
2055	Lajedo do Tabocal	2919058	16
2056	Lamarão	2919108	16
2057	Lapão	2919157	16
2058	Lauro de Freitas	2919207	16
2059	Lençóis	2919306	16
2060	Licínio de Almeida	2919405	16
2061	Livramento de Nossa Senhora	2919504	16
2062	Luís Eduardo Magalhães	2919553	16
2063	Macajuba	2919603	16
2064	Macarani	2919702	16
2065	Macaúbas	2919801	16
2066	Macururé	2919900	16
2067	Madre de Deus	2919926	16
2068	Maetinga	2919959	16
2069	Maiquinique	2920007	16
2070	Mairi	2920106	16
2071	Malhada	2920205	16
2072	Malhada de Pedras	2920304	16
2073	Manoel Vitorino	2920403	16
2074	Mansidão	2920452	16
2075	Maracás	2920502	16
2076	Maragogipe	2920601	16
2077	Maraú	2920700	16
2078	Marcionílio Souza	2920809	16
2079	Mascote	2920908	16
2080	Mata de São João	2921005	16
2081	Matina	2921054	16
2082	Medeiros Neto	2921104	16
2083	Miguel Calmon	2921203	16
2084	Milagres	2921302	16
2085	Mirangaba	2921401	16
2086	Mirante	2921450	16
2087	Monte Santo	2921500	16
2088	Morpará	2921609	16
2089	Morro do Chapéu	2921708	16
2090	Mortugaba	2921807	16
2091	Mucugê	2921906	16
2092	Mucuri	2922003	16
2093	Mulungu do Morro	2922052	16
2094	Mundo Novo	2922102	16
2095	Muniz Ferreira	2922201	16
2096	Muquém do São Francisco	2922250	16
2097	Muritiba	2922300	16
2098	Mutuípe	2922409	16
2099	Nazaré	2922508	16
2100	Nilo Peçanha	2922607	16
2101	Nordestina	2922656	16
2102	Nova Canaã	2922706	16
2103	Nova Fátima	2922730	16
2104	Nova Ibiá	2922755	16
2105	Nova Itarana	2922805	16
2106	Nova Redenção	2922854	16
2107	Nova Soure	2922904	16
2108	Nova Viçosa	2923001	16
2109	Novo Horizonte	2923035	16
2110	Novo Triunfo	2923050	16
2111	Olindina	2923100	16
2112	Oliveira dos Brejinhos	2923209	16
2113	Ouriçangas	2923308	16
2114	Ourolândia	2923357	16
2115	Palmas de Monte Alto	2923407	16
2116	Palmeiras	2923506	16
2117	Paramirim	2923605	16
2118	Paratinga	2923704	16
2119	Paripiranga	2923803	16
2120	Pau Brasil	2923902	16
2121	Paulo Afonso	2924009	16
2122	Pé de Serra	2924058	16
2123	Pedrão	2924108	16
2124	Pedro Alexandre	2924207	16
2125	Piatã	2924306	16
2126	Pilão Arcado	2924405	16
2127	Pindaí	2924504	16
2128	Pindobaçu	2924603	16
2129	Pintadas	2924652	16
2130	Piraí do Norte	2924678	16
2131	Piripá	2924702	16
2132	Piritiba	2924801	16
2133	Planaltino	2924900	16
2134	Planalto	2925006	16
2135	Poções	2925105	16
2136	Pojuca	2925204	16
2137	Ponto Novo	2925253	16
2138	Porto Seguro	2925303	16
2139	Potiraguá	2925402	16
2140	Prado	2925501	16
2141	Presidente Dutra	2925600	16
2142	Presidente Jânio Quadros	2925709	16
2143	Presidente Tancredo Neves	2925758	16
2144	Queimadas	2925808	16
2145	Quijingue	2925907	16
2146	Quixabeira	2925931	16
2147	Rafael Jambeiro	2925956	16
2148	Remanso	2926004	16
2149	Retirolândia	2926103	16
2150	Riachão das Neves	2926202	16
2151	Riachão do Jacuípe	2926301	16
2152	Riacho de Santana	2926400	16
2153	Ribeira do Amparo	2926509	16
2154	Ribeira do Pombal	2926608	16
2155	Ribeirão do Largo	2926657	16
2156	Rio de Contas	2926707	16
2157	Rio do Antônio	2926806	16
2158	Rio do Pires	2926905	16
2159	Rio Real	2927002	16
2160	Rodelas	2927101	16
2161	Ruy Barbosa	2927200	16
2162	Salinas da Margarida	2927309	16
2163	Salvador	2927408	16
2164	Santa Bárbara	2927507	16
2165	Santa Brígida	2927606	16
2166	Santa Cruz Cabrália	2927705	16
2167	Santa Cruz da Vitória	2927804	16
2168	Santa Inês	2927903	16
2169	Santa Luzia	2928059	16
2170	Santa Maria da Vitória	2928109	16
2171	Santa Rita de Cássia	2928406	16
2172	Santa Terezinha	2928505	16
2173	Santaluz	2928000	16
2174	Santana	2928208	16
2175	Santanópolis	2928307	16
2176	Santo Amaro	2928604	16
2177	Santo Antônio de Jesus	2928703	16
2178	Santo Estêvão	2928802	16
2179	São Desidério	2928901	16
2180	São Domingos	2928950	16
2181	São Felipe	2929107	16
2182	São Félix	2929008	16
2183	São Félix do Coribe	2929057	16
2184	São Francisco do Conde	2929206	16
2185	São Gabriel	2929255	16
2186	São Gonçalo dos Campos	2929305	16
2187	São José da Vitória	2929354	16
2188	São José do Jacuípe	2929370	16
2189	São Miguel das Matas	2929404	16
2190	São Sebastião do Passé	2929503	16
2191	Sapeaçu	2929602	16
2192	Sátiro Dias	2929701	16
2193	Saubara	2929750	16
2194	Saúde	2929800	16
2195	Seabra	2929909	16
2196	Sebastião Laranjeiras	2930006	16
2197	Senhor do Bonfim	2930105	16
2198	Sento Sé	2930204	16
2199	Serra do Ramalho	2930154	16
2200	Serra Dourada	2930303	16
2201	Serra Preta	2930402	16
2202	Serrinha	2930501	16
2203	Serrolândia	2930600	16
2204	Simões Filho	2930709	16
2205	Sítio do Mato	2930758	16
2206	Sítio do Quinto	2930766	16
2207	Sobradinho	2930774	16
2208	Souto Soares	2930808	16
2209	Tabocas do Brejo Velho	2930907	16
2210	Tanhaçu	2931004	16
2211	Tanque Novo	2931053	16
2212	Tanquinho	2931103	16
2213	Taperoá	2931202	16
2214	Tapiramutá	2931301	16
2215	Teixeira de Freitas	2931350	16
2216	Teodoro Sampaio	2931400	16
2217	Teofilândia	2931509	16
2218	Teolândia	2931608	16
2219	Terra Nova	2931707	16
2220	Tremedal	2931806	16
2221	Tucano	2931905	16
2222	Uauá	2932002	16
2223	Ubaíra	2932101	16
2224	Ubaitaba	2932200	16
2225	Ubatã	2932309	16
2226	Uibaí	2932408	16
2227	Umburanas	2932457	16
2228	Una	2932507	16
2229	Urandi	2932606	16
2230	Uruçuca	2932705	16
2231	Utinga	2932804	16
2232	Valença	2932903	16
2233	Valente	2933000	16
2234	Várzea da Roça	2933059	16
2235	Várzea do Poço	2933109	16
2236	Várzea Nova	2933158	16
2237	Varzedo	2933174	16
2238	Vera Cruz	2933208	16
2239	Vereda	2933257	16
2240	Vitória da Conquista	2933307	16
2241	Wagner	2933406	16
2242	Wanderley	2933455	16
2243	Wenceslau Guimarães	2933505	16
2244	Xique-Xique	2933604	16
2245	Abadia dos Dourados	3100104	17
2246	Abaeté	3100203	17
2247	Abre Campo	3100302	17
2248	Acaiaca	3100401	17
2249	Açucena	3100500	17
2250	Água Boa	3100609	17
2251	Água Comprida	3100708	17
2252	Aguanil	3100807	17
2253	Águas Formosas	3100906	17
2254	Águas Vermelhas	3101003	17
2255	Aimorés	3101102	17
2256	Aiuruoca	3101201	17
2257	Alagoa	3101300	17
2258	Albertina	3101409	17
2259	Além Paraíba	3101508	17
2260	Alfenas	3101607	17
2261	Alfredo Vasconcelos	3101631	17
2262	Almenara	3101706	17
2263	Alpercata	3101805	17
2264	Alpinópolis	3101904	17
2265	Alterosa	3102001	17
2266	Alto Caparaó	3102050	17
2267	Alto Jequitibá	3153509	17
2268	Alto Rio Doce	3102100	17
2269	Alvarenga	3102209	17
2270	Alvinópolis	3102308	17
2271	Alvorada de Minas	3102407	17
2272	Amparo do Serra	3102506	17
2273	Andradas	3102605	17
2274	Andrelândia	3102803	17
2275	Angelândia	3102852	17
2276	Antônio Carlos	3102902	17
2277	Antônio Dias	3103009	17
2278	Antônio Prado de Minas	3103108	17
2279	Araçaí	3103207	17
2280	Aracitaba	3103306	17
2281	Araçuaí	3103405	17
2282	Araguari	3103504	17
2283	Arantina	3103603	17
2284	Araponga	3103702	17
2285	Araporã	3103751	17
2286	Arapuá	3103801	17
2287	Araújos	3103900	17
2288	Araxá	3104007	17
2289	Arceburgo	3104106	17
2290	Arcos	3104205	17
2291	Areado	3104304	17
2292	Argirita	3104403	17
2293	Aricanduva	3104452	17
2294	Arinos	3104502	17
2295	Astolfo Dutra	3104601	17
2296	Ataléia	3104700	17
2297	Augusto de Lima	3104809	17
2298	Baependi	3104908	17
2299	Baldim	3105004	17
2300	Bambuí	3105103	17
2301	Bandeira	3105202	17
2302	Bandeira do Sul	3105301	17
2303	Barão de Cocais	3105400	17
2304	Barão do Monte Alto	3105509	17
2305	Barbacena	3105608	17
2306	Barra Longa	3105707	17
2307	Barroso	3105905	17
2308	Bela Vista de Minas	3106002	17
2309	Belmiro Braga	3106101	17
2310	Belo Horizonte	3106200	17
2311	Belo Oriente	3106309	17
2312	Belo Vale	3106408	17
2313	Berilo	3106507	17
2314	Berizal	3106655	17
2315	Bertópolis	3106606	17
2316	Betim	3106705	17
2317	Bias Fortes	3106804	17
2318	Bicas	3106903	17
2319	Biquinhas	3107000	17
2320	Boa Esperança	3107109	17
2321	Bocaina de Minas	3107208	17
2322	Bocaiúva	3107307	17
2323	Bom Despacho	3107406	17
2324	Bom Jardim de Minas	3107505	17
2325	Bom Jesus da Penha	3107604	17
2326	Bom Jesus do Amparo	3107703	17
2327	Bom Jesus do Galho	3107802	17
2328	Bom Repouso	3107901	17
2329	Bom Sucesso	3108008	17
2330	Bonfim	3108107	17
2331	Bonfinópolis de Minas	3108206	17
2332	Bonito de Minas	3108255	17
2333	Borda da Mata	3108305	17
2334	Botelhos	3108404	17
2335	Botumirim	3108503	17
2336	Brás Pires	3108701	17
2337	Brasilândia de Minas	3108552	17
2338	Brasília de Minas	3108602	17
2339	Braúnas	3108800	17
2340	Brazópolis	3108909	17
2341	Brumadinho	3109006	17
2342	Bueno Brandão	3109105	17
2343	Buenópolis	3109204	17
2344	Bugre	3109253	17
2345	Buritis	3109303	17
2346	Buritizeiro	3109402	17
2347	Cabeceira Grande	3109451	17
2348	Cabo Verde	3109501	17
2349	Cachoeira da Prata	3109600	17
2350	Cachoeira de Minas	3109709	17
2351	Cachoeira de Pajeú	3102704	17
2352	Cachoeira Dourada	3109808	17
2353	Caetanópolis	3109907	17
2354	Caeté	3110004	17
2355	Caiana	3110103	17
2356	Cajuri	3110202	17
2357	Caldas	3110301	17
2358	Camacho	3110400	17
2359	Camanducaia	3110509	17
2360	Cambuí	3110608	17
2361	Cambuquira	3110707	17
2362	Campanário	3110806	17
2363	Campanha	3110905	17
2364	Campestre	3111002	17
2365	Campina Verde	3111101	17
2366	Campo Azul	3111150	17
2367	Campo Belo	3111200	17
2368	Campo do Meio	3111309	17
2369	Campo Florido	3111408	17
2370	Campos Altos	3111507	17
2371	Campos Gerais	3111606	17
2372	Cana Verde	3111903	17
2373	Canaã	3111705	17
2374	Canápolis	3111804	17
2375	Candeias	3112000	17
2376	Cantagalo	3112059	17
2377	Caparaó	3112109	17
2378	Capela Nova	3112208	17
2379	Capelinha	3112307	17
2380	Capetinga	3112406	17
2381	Capim Branco	3112505	17
2382	Capinópolis	3112604	17
2383	Capitão Andrade	3112653	17
2384	Capitão Enéas	3112703	17
2385	Capitólio	3112802	17
2386	Caputira	3112901	17
2387	Caraí	3113008	17
2388	Caranaíba	3113107	17
2389	Carandaí	3113206	17
2390	Carangola	3113305	17
2391	Caratinga	3113404	17
2392	Carbonita	3113503	17
2393	Careaçu	3113602	17
2394	Carlos Chagas	3113701	17
2395	Carmésia	3113800	17
2396	Carmo da Cachoeira	3113909	17
2397	Carmo da Mata	3114006	17
2398	Carmo de Minas	3114105	17
2399	Carmo do Cajuru	3114204	17
2400	Carmo do Paranaíba	3114303	17
2401	Carmo do Rio Claro	3114402	17
2402	Carmópolis de Minas	3114501	17
2403	Carneirinho	3114550	17
2404	Carrancas	3114600	17
2405	Carvalhópolis	3114709	17
2406	Carvalhos	3114808	17
2407	Casa Grande	3114907	17
2408	Cascalho Rico	3115003	17
2409	Cássia	3115102	17
2410	Cataguases	3115300	17
2411	Catas Altas	3115359	17
2412	Catas Altas da Noruega	3115409	17
2413	Catuji	3115458	17
2414	Catuti	3115474	17
2415	Caxambu	3115508	17
2416	Cedro do Abaeté	3115607	17
2417	Central de Minas	3115706	17
2418	Centralina	3115805	17
2419	Chácara	3115904	17
2420	Chalé	3116001	17
2421	Chapada do Norte	3116100	17
2422	Chapada Gaúcha	3116159	17
2423	Chiador	3116209	17
2424	Cipotânea	3116308	17
2425	Claraval	3116407	17
2426	Claro dos Poções	3116506	17
2427	Cláudio	3116605	17
2428	Coimbra	3116704	17
2429	Coluna	3116803	17
2430	Comendador Gomes	3116902	17
2431	Comercinho	3117009	17
2432	Conceição da Aparecida	3117108	17
2433	Conceição da Barra de Minas	3115201	17
2434	Conceição das Alagoas	3117306	17
2435	Conceição das Pedras	3117207	17
2436	Conceição de Ipanema	3117405	17
2437	Conceição do Mato Dentro	3117504	17
2438	Conceição do Pará	3117603	17
2439	Conceição do Rio Verde	3117702	17
2440	Conceição dos Ouros	3117801	17
2441	Cônego Marinho	3117836	17
2442	Confins	3117876	17
2443	Congonhal	3117900	17
2444	Congonhas	3118007	17
2445	Congonhas do Norte	3118106	17
2446	Conquista	3118205	17
2447	Conselheiro Lafaiete	3118304	17
2448	Conselheiro Pena	3118403	17
2449	Consolação	3118502	17
2450	Contagem	3118601	17
2451	Coqueiral	3118700	17
2452	Coração de Jesus	3118809	17
2453	Cordisburgo	3118908	17
2454	Cordislândia	3119005	17
2455	Corinto	3119104	17
2456	Coroaci	3119203	17
2457	Coromandel	3119302	17
2458	Coronel Fabriciano	3119401	17
2459	Coronel Murta	3119500	17
2460	Coronel Pacheco	3119609	17
2461	Coronel Xavier Chaves	3119708	17
2462	Córrego Danta	3119807	17
2463	Córrego do Bom Jesus	3119906	17
2464	Córrego Fundo	3119955	17
2465	Córrego Novo	3120003	17
2466	Couto de Magalhães de Minas	3120102	17
2467	Crisólita	3120151	17
2468	Cristais	3120201	17
2469	Cristália	3120300	17
2470	Cristiano Otoni	3120409	17
2471	Cristina	3120508	17
2472	Crucilândia	3120607	17
2473	Cruzeiro da Fortaleza	3120706	17
2474	Cruzília	3120805	17
2475	Cuparaque	3120839	17
2476	Curral de Dentro	3120870	17
2477	Curvelo	3120904	17
2478	Datas	3121001	17
2479	Delfim Moreira	3121100	17
2480	Delfinópolis	3121209	17
2481	Delta	3121258	17
2482	Descoberto	3121308	17
2483	Desterro de Entre Rios	3121407	17
2484	Desterro do Melo	3121506	17
2485	Diamantina	3121605	17
2486	Diogo de Vasconcelos	3121704	17
2487	Dionísio	3121803	17
2488	Divinésia	3121902	17
2489	Divino	3122009	17
2490	Divino das Laranjeiras	3122108	17
2491	Divinolândia de Minas	3122207	17
2492	Divinópolis	3122306	17
2493	Divisa Alegre	3122355	17
2494	Divisa Nova	3122405	17
2495	Divisópolis	3122454	17
2496	Dom Bosco	3122470	17
2497	Dom Cavati	3122504	17
2498	Dom Joaquim	3122603	17
2499	Dom Silvério	3122702	17
2500	Dom Viçoso	3122801	17
2501	Dona Euzébia	3122900	17
2502	Dores de Campos	3123007	17
2503	Dores de Guanhães	3123106	17
2504	Dores do Indaiá	3123205	17
2505	Dores do Turvo	3123304	17
2506	Doresópolis	3123403	17
2507	Douradoquara	3123502	17
2508	Durandé	3123528	17
2509	Elói Mendes	3123601	17
2510	Engenheiro Caldas	3123700	17
2511	Engenheiro Navarro	3123809	17
2512	Entre Folhas	3123858	17
2513	Entre Rios de Minas	3123908	17
2514	Ervália	3124005	17
2515	Esmeraldas	3124104	17
2516	Espera Feliz	3124203	17
2517	Espinosa	3124302	17
2518	Espírito Santo do Dourado	3124401	17
2519	Estiva	3124500	17
2520	Estrela Dalva	3124609	17
2521	Estrela do Indaiá	3124708	17
2522	Estrela do Sul	3124807	17
2523	Eugenópolis	3124906	17
2524	Ewbank da Câmara	3125002	17
2525	Extrema	3125101	17
2526	Fama	3125200	17
2527	Faria Lemos	3125309	17
2528	Felício dos Santos	3125408	17
2529	Felisburgo	3125606	17
2530	Felixlândia	3125705	17
2531	Fernandes Tourinho	3125804	17
2532	Ferros	3125903	17
2533	Fervedouro	3125952	17
2534	Florestal	3126000	17
2535	Formiga	3126109	17
2536	Formoso	3126208	17
2537	Fortaleza de Minas	3126307	17
2538	Fortuna de Minas	3126406	17
2539	Francisco Badaró	3126505	17
2540	Francisco Dumont	3126604	17
2541	Francisco Sá	3126703	17
2542	Franciscópolis	3126752	17
2543	Frei Gaspar	3126802	17
2544	Frei Inocêncio	3126901	17
2545	Frei Lagonegro	3126950	17
2546	Fronteira	3127008	17
2547	Fronteira dos Vales	3127057	17
2548	Fruta de Leite	3127073	17
2549	Frutal	3127107	17
2550	Funilândia	3127206	17
2551	Galiléia	3127305	17
2552	Gameleiras	3127339	17
2553	Glaucilândia	3127354	17
2554	Goiabeira	3127370	17
2555	Goianá	3127388	17
2556	Gonçalves	3127404	17
2557	Gonzaga	3127503	17
2558	Gouveia	3127602	17
2559	Governador Valadares	3127701	17
2560	Grão Mogol	3127800	17
2561	Grupiara	3127909	17
2562	Guanhães	3128006	17
2563	Guapé	3128105	17
2564	Guaraciaba	3128204	17
2565	Guaraciama	3128253	17
2566	Guaranésia	3128303	17
2567	Guarani	3128402	17
2568	Guarará	3128501	17
2569	Guarda-Mor	3128600	17
2570	Guaxupé	3128709	17
2571	Guidoval	3128808	17
2572	Guimarânia	3128907	17
2573	Guiricema	3129004	17
2574	Gurinhatã	3129103	17
2575	Heliodora	3129202	17
2576	Iapu	3129301	17
2577	Ibertioga	3129400	17
2578	Ibiá	3129509	17
2579	Ibiaí	3129608	17
2580	Ibiracatu	3129657	17
2581	Ibiraci	3129707	17
2582	Ibirité	3129806	17
2583	Ibitiúra de Minas	3129905	17
2584	Ibituruna	3130002	17
2585	Icaraí de Minas	3130051	17
2586	Igarapé	3130101	17
2587	Igaratinga	3130200	17
2588	Iguatama	3130309	17
2589	Ijaci	3130408	17
2590	Ilicínea	3130507	17
2591	Imbé de Minas	3130556	17
2592	Inconfidentes	3130606	17
2593	Indaiabira	3130655	17
2594	Indianópolis	3130705	17
2595	Ingaí	3130804	17
2596	Inhapim	3130903	17
2597	Inhaúma	3131000	17
2598	Inimutaba	3131109	17
2599	Ipaba	3131158	17
2600	Ipanema	3131208	17
2601	Ipatinga	3131307	17
2602	Ipiaçu	3131406	17
2603	Ipuiúna	3131505	17
2604	Iraí de Minas	3131604	17
2605	Itabira	3131703	17
2606	Itabirinha	3131802	17
2607	Itabirito	3131901	17
2608	Itacambira	3132008	17
2609	Itacarambi	3132107	17
2610	Itaguara	3132206	17
2611	Itaipé	3132305	17
2612	Itajubá	3132404	17
2613	Itamarandiba	3132503	17
2614	Itamarati de Minas	3132602	17
2615	Itambacuri	3132701	17
2616	Itambé do Mato Dentro	3132800	17
2617	Itamogi	3132909	17
2618	Itamonte	3133006	17
2619	Itanhandu	3133105	17
2620	Itanhomi	3133204	17
2621	Itaobim	3133303	17
2622	Itapagipe	3133402	17
2623	Itapecerica	3133501	17
2624	Itapeva	3133600	17
2625	Itatiaiuçu	3133709	17
2626	Itaú de Minas	3133758	17
2627	Itaúna	3133808	17
2628	Itaverava	3133907	17
2629	Itinga	3134004	17
2630	Itueta	3134103	17
2631	Ituiutaba	3134202	17
2632	Itumirim	3134301	17
2633	Iturama	3134400	17
2634	Itutinga	3134509	17
2635	Jaboticatubas	3134608	17
2636	Jacinto	3134707	17
2637	Jacuí	3134806	17
2638	Jacutinga	3134905	17
2639	Jaguaraçu	3135001	17
2640	Jaíba	3135050	17
2641	Jampruca	3135076	17
2642	Janaúba	3135100	17
2643	Januária	3135209	17
2644	Japaraíba	3135308	17
2645	Japonvar	3135357	17
2646	Jeceaba	3135407	17
2647	Jenipapo de Minas	3135456	17
2648	Jequeri	3135506	17
2649	Jequitaí	3135605	17
2650	Jequitibá	3135704	17
2651	Jequitinhonha	3135803	17
2652	Jesuânia	3135902	17
2653	Joaíma	3136009	17
2654	Joanésia	3136108	17
2655	João Monlevade	3136207	17
2656	João Pinheiro	3136306	17
2657	Joaquim Felício	3136405	17
2658	Jordânia	3136504	17
2659	José Gonçalves de Minas	3136520	17
2660	José Raydan	3136553	17
2661	Josenópolis	3136579	17
2662	Juatuba	3136652	17
2663	Juiz de Fora	3136702	17
2664	Juramento	3136801	17
2665	Juruaia	3136900	17
2666	Juvenília	3136959	17
2667	Ladainha	3137007	17
2668	Lagamar	3137106	17
2669	Lagoa da Prata	3137205	17
2670	Lagoa dos Patos	3137304	17
2671	Lagoa Dourada	3137403	17
2672	Lagoa Formosa	3137502	17
2673	Lagoa Grande	3137536	17
2674	Lagoa Santa	3137601	17
2675	Lajinha	3137700	17
2676	Lambari	3137809	17
2677	Lamim	3137908	17
2678	Laranjal	3138005	17
2679	Lassance	3138104	17
2680	Lavras	3138203	17
2681	Leandro Ferreira	3138302	17
2682	Leme do Prado	3138351	17
2683	Leopoldina	3138401	17
2684	Liberdade	3138500	17
2685	Lima Duarte	3138609	17
2686	Limeira do Oeste	3138625	17
2687	Lontra	3138658	17
2688	Luisburgo	3138674	17
2689	Luislândia	3138682	17
2690	Luminárias	3138708	17
2691	Luz	3138807	17
2692	Machacalis	3138906	17
2693	Machado	3139003	17
2694	Madre de Deus de Minas	3139102	17
2695	Malacacheta	3139201	17
2696	Mamonas	3139250	17
2697	Manga	3139300	17
2698	Manhuaçu	3139409	17
2699	Manhumirim	3139508	17
2700	Mantena	3139607	17
2701	Mar de Espanha	3139805	17
2702	Maravilhas	3139706	17
2703	Maria da Fé	3139904	17
2704	Mariana	3140001	17
2705	Marilac	3140100	17
2706	Mário Campos	3140159	17
2707	Maripá de Minas	3140209	17
2708	Marliéria	3140308	17
2709	Marmelópolis	3140407	17
2710	Martinho Campos	3140506	17
2711	Martins Soares	3140530	17
2712	Mata Verde	3140555	17
2713	Materlândia	3140605	17
2714	Mateus Leme	3140704	17
2715	Mathias Lobato	3171501	17
2716	Matias Barbosa	3140803	17
2717	Matias Cardoso	3140852	17
2718	Matipó	3140902	17
2719	Mato Verde	3141009	17
2720	Matozinhos	3141108	17
2721	Matutina	3141207	17
2722	Medeiros	3141306	17
2723	Medina	3141405	17
2724	Mendes Pimentel	3141504	17
2725	Mercês	3141603	17
2726	Mesquita	3141702	17
2727	Minas Novas	3141801	17
2728	Minduri	3141900	17
2729	Mirabela	3142007	17
2730	Miradouro	3142106	17
2731	Miraí	3142205	17
2732	Miravânia	3142254	17
2733	Moeda	3142304	17
2734	Moema	3142403	17
2735	Monjolos	3142502	17
2736	Monsenhor Paulo	3142601	17
2737	Montalvânia	3142700	17
2738	Monte Alegre de Minas	3142809	17
2739	Monte Azul	3142908	17
2740	Monte Belo	3143005	17
2741	Monte Carmelo	3143104	17
2742	Monte Formoso	3143153	17
2743	Monte Santo de Minas	3143203	17
2744	Monte Sião	3143401	17
2745	Montes Claros	3143302	17
2746	Montezuma	3143450	17
2747	Morada Nova de Minas	3143500	17
2748	Morro da Garça	3143609	17
2749	Morro do Pilar	3143708	17
2750	Munhoz	3143807	17
2751	Muriaé	3143906	17
2752	Mutum	3144003	17
2753	Muzambinho	3144102	17
2754	Nacip Raydan	3144201	17
2755	Nanuque	3144300	17
2756	Naque	3144359	17
2757	Natalândia	3144375	17
2758	Natércia	3144409	17
2759	Nazareno	3144508	17
2760	Nepomuceno	3144607	17
2761	Ninheira	3144656	17
2762	Nova Belém	3144672	17
2763	Nova Era	3144706	17
2764	Nova Lima	3144805	17
2765	Nova Módica	3144904	17
2766	Nova Ponte	3145000	17
2767	Nova Porteirinha	3145059	17
2768	Nova Resende	3145109	17
2769	Nova Serrana	3145208	17
2770	Nova União	3136603	17
2771	Novo Cruzeiro	3145307	17
2772	Novo Oriente de Minas	3145356	17
2773	Novorizonte	3145372	17
2774	Olaria	3145406	17
2775	Olhos-d'Água	3145455	17
2776	Olímpio Noronha	3145505	17
2777	Oliveira	3145604	17
2778	Oliveira Fortes	3145703	17
2779	Onça de Pitangui	3145802	17
2780	Oratórios	3145851	17
2781	Orizânia	3145877	17
2782	Ouro Branco	3145901	17
2783	Ouro Fino	3146008	17
2784	Ouro Preto	3146107	17
2785	Ouro Verde de Minas	3146206	17
2786	Padre Carvalho	3146255	17
2787	Padre Paraíso	3146305	17
2788	Pai Pedro	3146552	17
2789	Paineiras	3146404	17
2790	Pains	3146503	17
2791	Paiva	3146602	17
2792	Palma	3146701	17
2793	Palmópolis	3146750	17
2794	Papagaios	3146909	17
2795	Pará de Minas	3147105	17
2796	Paracatu	3147006	17
2797	Paraguaçu	3147204	17
2798	Paraisópolis	3147303	17
2799	Paraopeba	3147402	17
2800	Passa Quatro	3147600	17
2801	Passa Tempo	3147709	17
2802	Passa Vinte	3147808	17
2803	Passabém	3147501	17
2804	Passos	3147907	17
2805	Patis	3147956	17
2806	Patos de Minas	3148004	17
2807	Patrocínio	3148103	17
2808	Patrocínio do Muriaé	3148202	17
2809	Paula Cândido	3148301	17
2810	Paulistas	3148400	17
2811	Pavão	3148509	17
2812	Peçanha	3148608	17
2813	Pedra Azul	3148707	17
2814	Pedra Bonita	3148756	17
2815	Pedra do Anta	3148806	17
2816	Pedra do Indaiá	3148905	17
2817	Pedra Dourada	3149002	17
2818	Pedralva	3149101	17
2819	Pedras de Maria da Cruz	3149150	17
2820	Pedrinópolis	3149200	17
2821	Pedro Leopoldo	3149309	17
2822	Pedro Teixeira	3149408	17
2823	Pequeri	3149507	17
2824	Pequi	3149606	17
2825	Perdigão	3149705	17
2826	Perdizes	3149804	17
2827	Perdões	3149903	17
2828	Periquito	3149952	17
2829	Pescador	3150000	17
2830	Piau	3150109	17
2831	Piedade de Caratinga	3150158	17
2832	Piedade de Ponte Nova	3150208	17
2833	Piedade do Rio Grande	3150307	17
2834	Piedade dos Gerais	3150406	17
2835	Pimenta	3150505	17
2836	Pingo-d'Água	3150539	17
2837	Pintópolis	3150570	17
2838	Piracema	3150604	17
2839	Pirajuba	3150703	17
2840	Piranga	3150802	17
2841	Piranguçu	3150901	17
2842	Piranguinho	3151008	17
2843	Pirapetinga	3151107	17
2844	Pirapora	3151206	17
2845	Piraúba	3151305	17
2846	Pitangui	3151404	17
2847	Piumhi	3151503	17
2848	Planura	3151602	17
2849	Poço Fundo	3151701	17
2850	Poços de Caldas	3151800	17
2851	Pocrane	3151909	17
2852	Pompéu	3152006	17
2853	Ponte Nova	3152105	17
2854	Ponto Chique	3152131	17
2855	Ponto dos Volantes	3152170	17
2856	Porteirinha	3152204	17
2857	Porto Firme	3152303	17
2858	Poté	3152402	17
2859	Pouso Alegre	3152501	17
2860	Pouso Alto	3152600	17
2861	Prados	3152709	17
2862	Prata	3152808	17
2863	Pratápolis	3152907	17
2864	Pratinha	3153004	17
2865	Presidente Bernardes	3153103	17
2866	Presidente Juscelino	3153202	17
2867	Presidente Kubitschek	3153301	17
2868	Presidente Olegário	3153400	17
2869	Prudente de Morais	3153608	17
2870	Quartel Geral	3153707	17
2871	Queluzito	3153806	17
2872	Raposos	3153905	17
2873	Raul Soares	3154002	17
2874	Recreio	3154101	17
2875	Reduto	3154150	17
2876	Resende Costa	3154200	17
2877	Resplendor	3154309	17
2878	Ressaquinha	3154408	17
2879	Riachinho	3154457	17
2880	Riacho dos Machados	3154507	17
2881	Ribeirão das Neves	3154606	17
2882	Ribeirão Vermelho	3154705	17
2883	Rio Acima	3154804	17
2884	Rio Casca	3154903	17
2885	Rio do Prado	3155108	17
2886	Rio Doce	3155009	17
2887	Rio Espera	3155207	17
2888	Rio Manso	3155306	17
2889	Rio Novo	3155405	17
2890	Rio Paranaíba	3155504	17
2891	Rio Pardo de Minas	3155603	17
2892	Rio Piracicaba	3155702	17
2893	Rio Pomba	3155801	17
2894	Rio Preto	3155900	17
2895	Rio Vermelho	3156007	17
2896	Ritápolis	3156106	17
2897	Rochedo de Minas	3156205	17
2898	Rodeiro	3156304	17
2899	Romaria	3156403	17
2900	Rosário da Limeira	3156452	17
2901	Rubelita	3156502	17
2902	Rubim	3156601	17
2903	Sabará	3156700	17
2904	Sabinópolis	3156809	17
2905	Sacramento	3156908	17
2906	Salinas	3157005	17
2907	Salto da Divisa	3157104	17
2908	Santa Bárbara	3157203	17
2909	Santa Bárbara do Leste	3157252	17
2910	Santa Bárbara do Monte Verde	3157278	17
2911	Santa Bárbara do Tugúrio	3157302	17
2912	Santa Cruz de Minas	3157336	17
2913	Santa Cruz de Salinas	3157377	17
2914	Santa Cruz do Escalvado	3157401	17
2915	Santa Efigênia de Minas	3157500	17
2916	Santa Fé de Minas	3157609	17
2917	Santa Helena de Minas	3157658	17
2918	Santa Juliana	3157708	17
2919	Santa Luzia	3157807	17
2920	Santa Margarida	3157906	17
2921	Santa Maria de Itabira	3158003	17
2922	Santa Maria do Salto	3158102	17
2923	Santa Maria do Suaçuí	3158201	17
2924	Santa Rita de Caldas	3159209	17
2925	Santa Rita de Ibitipoca	3159407	17
2926	Santa Rita de Jacutinga	3159308	17
2927	Santa Rita de Minas	3159357	17
2928	Santa Rita do Itueto	3159506	17
2929	Santa Rita do Sapucaí	3159605	17
2930	Santa Rosa da Serra	3159704	17
2931	Santa Vitória	3159803	17
2932	Santana da Vargem	3158300	17
2933	Santana de Cataguases	3158409	17
2934	Santana de Pirapama	3158508	17
2935	Santana do Deserto	3158607	17
2936	Santana do Garambéu	3158706	17
2937	Santana do Jacaré	3158805	17
2938	Santana do Manhuaçu	3158904	17
2939	Santana do Paraíso	3158953	17
2940	Santana do Riacho	3159001	17
2941	Santana dos Montes	3159100	17
2942	Santo Antônio do Amparo	3159902	17
2943	Santo Antônio do Aventureiro	3160009	17
2944	Santo Antônio do Grama	3160108	17
2945	Santo Antônio do Itambé	3160207	17
2946	Santo Antônio do Jacinto	3160306	17
2947	Santo Antônio do Monte	3160405	17
2948	Santo Antônio do Retiro	3160454	17
2949	Santo Antônio do Rio Abaixo	3160504	17
2950	Santo Hipólito	3160603	17
2951	Santos Dumont	3160702	17
2952	São Bento Abade	3160801	17
2953	São Brás do Suaçuí	3160900	17
2954	São Domingos das Dores	3160959	17
2955	São Domingos do Prata	3161007	17
2956	São Félix de Minas	3161056	17
2957	São Francisco	3161106	17
2958	São Francisco de Paula	3161205	17
2959	São Francisco de Sales	3161304	17
3072	União de Minas	3170438	17
2960	São Francisco do Glória	3161403	17
2961	São Geraldo	3161502	17
2962	São Geraldo da Piedade	3161601	17
2963	São Geraldo do Baixio	3161650	17
2964	São Gonçalo do Abaeté	3161700	17
2965	São Gonçalo do Pará	3161809	17
2966	São Gonçalo do Rio Abaixo	3161908	17
2967	São Gonçalo do Rio Preto	3125507	17
2968	São Gonçalo do Sapucaí	3162005	17
2969	São Gotardo	3162104	17
2970	São João Batista do Glória	3162203	17
2971	São João da Lagoa	3162252	17
2972	São João da Mata	3162302	17
2973	São João da Ponte	3162401	17
2974	São João das Missões	3162450	17
2975	São João del Rei	3162500	17
2976	São João do Manhuaçu	3162559	17
2977	São João do Manteninha	3162575	17
2978	São João do Oriente	3162609	17
2979	São João do Pacuí	3162658	17
2980	São João do Paraíso	3162708	17
2981	São João Evangelista	3162807	17
2982	São João Nepomuceno	3162906	17
2983	São Joaquim de Bicas	3162922	17
2984	São José da Barra	3162948	17
2985	São José da Lapa	3162955	17
2986	São José da Safira	3163003	17
2987	São José da Varginha	3163102	17
2988	São José do Alegre	3163201	17
2989	São José do Divino	3163300	17
2990	São José do Goiabal	3163409	17
2991	São José do Jacuri	3163508	17
2992	São José do Mantimento	3163607	17
2993	São Lourenço	3163706	17
2994	São Miguel do Anta	3163805	17
2995	São Pedro da União	3163904	17
2996	São Pedro do Suaçuí	3164100	17
2997	São Pedro dos Ferros	3164001	17
2998	São Romão	3164209	17
2999	São Roque de Minas	3164308	17
3000	São Sebastião da Bela Vista	3164407	17
3001	São Sebastião da Vargem Alegre	3164431	17
3002	São Sebastião do Anta	3164472	17
3003	São Sebastião do Maranhão	3164506	17
3004	São Sebastião do Oeste	3164605	17
3005	São Sebastião do Paraíso	3164704	17
3006	São Sebastião do Rio Preto	3164803	17
3007	São Sebastião do Rio Verde	3164902	17
3008	São Tiago	3165008	17
3009	São Tomás de Aquino	3165107	17
3010	São Tomé das Letras	3165206	17
3011	São Vicente de Minas	3165305	17
3012	Sapucaí-Mirim	3165404	17
3013	Sardoá	3165503	17
3014	Sarzedo	3165537	17
3015	Sem-Peixe	3165560	17
3016	Senador Amaral	3165578	17
3017	Senador Cortes	3165602	17
3018	Senador Firmino	3165701	17
3019	Senador José Bento	3165800	17
3020	Senador Modestino Gonçalves	3165909	17
3021	Senhora de Oliveira	3166006	17
3022	Senhora do Porto	3166105	17
3023	Senhora dos Remédios	3166204	17
3024	Sericita	3166303	17
3025	Seritinga	3166402	17
3026	Serra Azul de Minas	3166501	17
3027	Serra da Saudade	3166600	17
3028	Serra do Salitre	3166808	17
3029	Serra dos Aimorés	3166709	17
3030	Serrania	3166907	17
3031	Serranópolis de Minas	3166956	17
3032	Serranos	3167004	17
3033	Serro	3167103	17
3034	Sete Lagoas	3167202	17
3035	Setubinha	3165552	17
3036	Silveirânia	3167301	17
3037	Silvianópolis	3167400	17
3038	Simão Pereira	3167509	17
3039	Simonésia	3167608	17
3040	Sobrália	3167707	17
3041	Soledade de Minas	3167806	17
3042	Tabuleiro	3167905	17
3043	Taiobeiras	3168002	17
3044	Taparuba	3168051	17
3045	Tapira	3168101	17
3046	Tapiraí	3168200	17
3047	Taquaraçu de Minas	3168309	17
3048	Tarumirim	3168408	17
3049	Teixeiras	3168507	17
3050	Teófilo Otoni	3168606	17
3051	Timóteo	3168705	17
3052	Tiradentes	3168804	17
3053	Tiros	3168903	17
3054	Tocantins	3169000	17
3055	Tocos do Moji	3169059	17
3056	Toledo	3169109	17
3057	Tombos	3169208	17
3058	Três Corações	3169307	17
3059	Três Marias	3169356	17
3060	Três Pontas	3169406	17
3061	Tumiritinga	3169505	17
3062	Tupaciguara	3169604	17
3063	Turmalina	3169703	17
3064	Turvolândia	3169802	17
3065	Ubá	3169901	17
3066	Ubaí	3170008	17
3067	Ubaporanga	3170057	17
3068	Uberaba	3170107	17
3069	Uberlândia	3170206	17
3070	Umburatiba	3170305	17
3071	Unaí	3170404	17
3073	Uruana de Minas	3170479	17
3074	Urucânia	3170503	17
3075	Urucuia	3170529	17
3076	Vargem Alegre	3170578	17
3077	Vargem Bonita	3170602	17
3078	Vargem Grande do Rio Pardo	3170651	17
3079	Varginha	3170701	17
3080	Varjão de Minas	3170750	17
3081	Várzea da Palma	3170800	17
3082	Varzelândia	3170909	17
3083	Vazante	3171006	17
3084	Verdelândia	3171030	17
3085	Veredinha	3171071	17
3086	Veríssimo	3171105	17
3087	Vermelho Novo	3171154	17
3088	Vespasiano	3171204	17
3089	Viçosa	3171303	17
3090	Vieiras	3171402	17
3091	Virgem da Lapa	3171600	17
3092	Virgínia	3171709	17
3093	Virginópolis	3171808	17
3094	Virgolândia	3171907	17
3095	Visconde do Rio Branco	3172004	17
3096	Volta Grande	3172103	17
3097	Wenceslau Braz	3172202	17
3098	Afonso Cláudio	3200102	18
3099	Água Doce do Norte	3200169	18
3100	Águia Branca	3200136	18
3101	Alegre	3200201	18
3102	Alfredo Chaves	3200300	18
3103	Alto Rio Novo	3200359	18
3104	Anchieta	3200409	18
3105	Apiacá	3200508	18
3106	Aracruz	3200607	18
3107	Atílio Vivácqua	3200706	18
3108	Baixo Guandu	3200805	18
3109	Barra de São Francisco	3200904	18
3110	Boa Esperança	3201001	18
3111	Bom Jesus do Norte	3201100	18
3112	Brejetuba	3201159	18
3113	Cachoeiro de Itapemirim	3201209	18
3114	Cariacica	3201308	18
3115	Castelo	3201407	18
3116	Colatina	3201506	18
3117	Conceição da Barra	3201605	18
3118	Conceição do Castelo	3201704	18
3119	Divino de São Lourenço	3201803	18
3120	Domingos Martins	3201902	18
3121	Dores do Rio Preto	3202009	18
3122	Ecoporanga	3202108	18
3123	Fundão	3202207	18
3124	Governador Lindenberg	3202256	18
3125	Guaçuí	3202306	18
3126	Guarapari	3202405	18
3127	Ibatiba	3202454	18
3128	Ibiraçu	3202504	18
3129	Ibitirama	3202553	18
3130	Iconha	3202603	18
3131	Irupi	3202652	18
3132	Itaguaçu	3202702	18
3133	Itapemirim	3202801	18
3134	Itarana	3202900	18
3135	Iúna	3203007	18
3136	Jaguaré	3203056	18
3137	Jerônimo Monteiro	3203106	18
3138	João Neiva	3203130	18
3139	Laranja da Terra	3203163	18
3140	Linhares	3203205	18
3141	Mantenópolis	3203304	18
3142	Marataízes	3203320	18
3143	Marechal Floriano	3203346	18
3144	Marilândia	3203353	18
3145	Mimoso do Sul	3203403	18
3146	Montanha	3203502	18
3147	Mucurici	3203601	18
3148	Muniz Freire	3203700	18
3149	Muqui	3203809	18
3150	Nova Venécia	3203908	18
3151	Pancas	3204005	18
3152	Pedro Canário	3204054	18
3153	Pinheiros	3204104	18
3154	Piúma	3204203	18
3155	Ponto Belo	3204252	18
3156	Presidente Kennedy	3204302	18
3157	Rio Bananal	3204351	18
3158	Rio Novo do Sul	3204401	18
3159	Santa Leopoldina	3204500	18
3160	Santa Maria de Jetibá	3204559	18
3161	Santa Teresa	3204609	18
3162	São Domingos do Norte	3204658	18
3163	São Gabriel da Palha	3204708	18
3164	São José do Calçado	3204807	18
3165	São Mateus	3204906	18
3166	São Roque do Canaã	3204955	18
3167	Serra	3205002	18
3168	Sooretama	3205010	18
3169	Vargem Alta	3205036	18
3170	Venda Nova do Imigrante	3205069	18
3171	Viana	3205101	18
3172	Vila Pavão	3205150	18
3173	Vila Valério	3205176	18
3174	Vila Velha	3205200	18
3175	Vitória	3205309	18
3176	Angra dos Reis	3300100	19
3177	Aperibé	3300159	19
3178	Araruama	3300209	19
3179	Areal	3300225	19
3180	Armação dos Búzios	3300233	19
3181	Arraial do Cabo	3300258	19
3182	Barra do Piraí	3300308	19
3183	Barra Mansa	3300407	19
3184	Belford Roxo	3300456	19
3185	Bom Jardim	3300506	19
3186	Bom Jesus do Itabapoana	3300605	19
3187	Cabo Frio	3300704	19
3188	Cachoeiras de Macacu	3300803	19
3189	Cambuci	3300902	19
3190	Campos dos Goytacazes	3301009	19
3191	Cantagalo	3301108	19
3192	Carapebus	3300936	19
3193	Cardoso Moreira	3301157	19
3194	Carmo	3301207	19
3195	Casimiro de Abreu	3301306	19
3196	Comendador Levy Gasparian	3300951	19
3197	Conceição de Macabu	3301405	19
3198	Cordeiro	3301504	19
3199	Duas Barras	3301603	19
3200	Duque de Caxias	3301702	19
3201	Engenheiro Paulo de Frontin	3301801	19
3202	Guapimirim	3301850	19
3203	Iguaba Grande	3301876	19
3204	Itaboraí	3301900	19
3205	Itaguaí	3302007	19
3206	Italva	3302056	19
3207	Itaocara	3302106	19
3208	Itaperuna	3302205	19
3209	Itatiaia	3302254	19
3210	Japeri	3302270	19
3211	Laje do Muriaé	3302304	19
3212	Macaé	3302403	19
3213	Macuco	3302452	19
3214	Magé	3302502	19
3215	Mangaratiba	3302601	19
3216	Maricá	3302700	19
3217	Mendes	3302809	19
3218	Mesquita	3302858	19
3219	Miguel Pereira	3302908	19
3220	Miracema	3303005	19
3221	Natividade	3303104	19
3222	Nilópolis	3303203	19
3223	Niterói	3303302	19
3224	Nova Friburgo	3303401	19
3225	Nova Iguaçu	3303500	19
3226	Paracambi	3303609	19
3227	Paraíba do Sul	3303708	19
3228	Paraty	3303807	19
3229	Paty do Alferes	3303856	19
3230	Petrópolis	3303906	19
3231	Pinheiral	3303955	19
3232	Piraí	3304003	19
3233	Porciúncula	3304102	19
3234	Porto Real	3304110	19
3235	Quatis	3304128	19
3236	Queimados	3304144	19
3237	Quissamã	3304151	19
3238	Resende	3304201	19
3239	Rio Bonito	3304300	19
3240	Rio Claro	3304409	19
3241	Rio das Flores	3304508	19
3242	Rio das Ostras	3304524	19
3243	Rio de Janeiro	3304557	19
3244	Santa Maria Madalena	3304607	19
3245	Santo Antônio de Pádua	3304706	19
3246	São Fidélis	3304805	19
3247	São Francisco de Itabapoana	3304755	19
3248	São Gonçalo	3304904	19
3249	São João da Barra	3305000	19
3250	São João de Meriti	3305109	19
3251	São José de Ubá	3305133	19
3252	São José do Vale do Rio Preto	3305158	19
3253	São Pedro da Aldeia	3305208	19
3254	São Sebastião do Alto	3305307	19
3255	Sapucaia	3305406	19
3256	Saquarema	3305505	19
3257	Seropédica	3305554	19
3258	Silva Jardim	3305604	19
3259	Sumidouro	3305703	19
3260	Tanguá	3305752	19
3261	Teresópolis	3305802	19
3262	Trajano de Moraes	3305901	19
3263	Três Rios	3306008	19
3264	Valença	3306107	19
3265	Varre-Sai	3306156	19
3266	Vassouras	3306206	19
3267	Volta Redonda	3306305	19
3268	Adamantina	3500105	20
3269	Adolfo	3500204	20
3270	Aguaí	3500303	20
3271	Águas da Prata	3500402	20
3272	Águas de Lindóia	3500501	20
3273	Águas de Santa Bárbara	3500550	20
3274	Águas de São Pedro	3500600	20
3275	Agudos	3500709	20
3276	Alambari	3500758	20
3277	Alfredo Marcondes	3500808	20
3278	Altair	3500907	20
3279	Altinópolis	3501004	20
3280	Alto Alegre	3501103	20
3281	Alumínio	3501152	20
3282	Álvares Florence	3501202	20
3283	Álvares Machado	3501301	20
3284	Álvaro de Carvalho	3501400	20
3285	Alvinlândia	3501509	20
3286	Americana	3501608	20
3287	Américo Brasiliense	3501707	20
3288	Américo de Campos	3501806	20
3289	Amparo	3501905	20
3290	Analândia	3502002	20
3291	Andradina	3502101	20
3292	Angatuba	3502200	20
3293	Anhembi	3502309	20
3294	Anhumas	3502408	20
3295	Aparecida	3502507	20
3296	Aparecida d'Oeste	3502606	20
3297	Apiaí	3502705	20
3298	Araçariguama	3502754	20
3299	Araçatuba	3502804	20
3300	Araçoiaba da Serra	3502903	20
3301	Aramina	3503000	20
3302	Arandu	3503109	20
3303	Arapeí	3503158	20
3304	Araraquara	3503208	20
3305	Araras	3503307	20
3306	Arco-Íris	3503356	20
3307	Arealva	3503406	20
3308	Areias	3503505	20
3309	Areiópolis	3503604	20
3310	Ariranha	3503703	20
3311	Artur Nogueira	3503802	20
3312	Arujá	3503901	20
3313	Aspásia	3503950	20
3314	Assis	3504008	20
3315	Atibaia	3504107	20
3316	Auriflama	3504206	20
3317	Avaí	3504305	20
3318	Avanhandava	3504404	20
3319	Avaré	3504503	20
3320	Bady Bassitt	3504602	20
3321	Balbinos	3504701	20
3322	Bálsamo	3504800	20
3323	Bananal	3504909	20
3324	Barão de Antonina	3505005	20
3325	Barbosa	3505104	20
3326	Bariri	3505203	20
3327	Barra Bonita	3505302	20
3328	Barra do Chapéu	3505351	20
3329	Barra do Turvo	3505401	20
3330	Barretos	3505500	20
3331	Barrinha	3505609	20
3332	Barueri	3505708	20
3333	Bastos	3505807	20
3334	Batatais	3505906	20
3335	Bauru	3506003	20
3336	Bebedouro	3506102	20
3337	Bento de Abreu	3506201	20
3338	Bernardino de Campos	3506300	20
3339	Bertioga	3506359	20
3340	Bilac	3506409	20
3341	Birigui	3506508	20
3342	Biritiba Mirim	3506607	20
3343	Boa Esperança do Sul	3506706	20
3344	Bocaina	3506805	20
3345	Bofete	3506904	20
3346	Boituva	3507001	20
3347	Bom Jesus dos Perdões	3507100	20
3348	Bom Sucesso de Itararé	3507159	20
3349	Borá	3507209	20
3350	Boracéia	3507308	20
3351	Borborema	3507407	20
3352	Borebi	3507456	20
3353	Botucatu	3507506	20
3354	Bragança Paulista	3507605	20
3355	Braúna	3507704	20
3356	Brejo Alegre	3507753	20
3357	Brodowski	3507803	20
3358	Brotas	3507902	20
3359	Buri	3508009	20
3360	Buritama	3508108	20
3361	Buritizal	3508207	20
3362	Cabrália Paulista	3508306	20
3363	Cabreúva	3508405	20
3364	Caçapava	3508504	20
3365	Cachoeira Paulista	3508603	20
3366	Caconde	3508702	20
3367	Cafelândia	3508801	20
3368	Caiabu	3508900	20
3369	Caieiras	3509007	20
3370	Caiuá	3509106	20
3371	Cajamar	3509205	20
3372	Cajati	3509254	20
3373	Cajobi	3509304	20
3374	Cajuru	3509403	20
3375	Campina do Monte Alegre	3509452	20
3376	Campinas	3509502	20
3377	Campo Limpo Paulista	3509601	20
3378	Campos do Jordão	3509700	20
3379	Campos Novos Paulista	3509809	20
3380	Cananéia	3509908	20
3381	Canas	3509957	20
3382	Cândido Mota	3510005	20
3383	Cândido Rodrigues	3510104	20
3384	Canitar	3510153	20
3385	Capão Bonito	3510203	20
3386	Capela do Alto	3510302	20
3387	Capivari	3510401	20
3388	Caraguatatuba	3510500	20
3389	Carapicuíba	3510609	20
3390	Cardoso	3510708	20
3391	Casa Branca	3510807	20
3392	Cássia dos Coqueiros	3510906	20
3393	Castilho	3511003	20
3394	Catanduva	3511102	20
3395	Catiguá	3511201	20
3396	Cedral	3511300	20
3397	Cerqueira César	3511409	20
3398	Cerquilho	3511508	20
3399	Cesário Lange	3511607	20
3400	Charqueada	3511706	20
3401	Chavantes	3557204	20
3402	Clementina	3511904	20
3403	Colina	3512001	20
3404	Colômbia	3512100	20
3405	Conchal	3512209	20
3406	Conchas	3512308	20
3407	Cordeirópolis	3512407	20
3408	Coroados	3512506	20
3409	Coronel Macedo	3512605	20
3410	Corumbataí	3512704	20
3411	Cosmópolis	3512803	20
3412	Cosmorama	3512902	20
3413	Cotia	3513009	20
3414	Cravinhos	3513108	20
3415	Cristais Paulista	3513207	20
3416	Cruzália	3513306	20
3417	Cruzeiro	3513405	20
3418	Cubatão	3513504	20
3419	Cunha	3513603	20
3420	Descalvado	3513702	20
3421	Diadema	3513801	20
3422	Dirce Reis	3513850	20
3423	Divinolândia	3513900	20
3424	Dobrada	3514007	20
3425	Dois Córregos	3514106	20
3426	Dolcinópolis	3514205	20
3427	Dourado	3514304	20
3428	Dracena	3514403	20
3429	Duartina	3514502	20
3430	Dumont	3514601	20
3431	Echaporã	3514700	20
3432	Eldorado	3514809	20
3433	Elias Fausto	3514908	20
3434	Elisiário	3514924	20
3435	Embaúba	3514957	20
3436	Embu das Artes	3515004	20
3437	Embu-Guaçu	3515103	20
3438	Emilianópolis	3515129	20
3439	Engenheiro Coelho	3515152	20
3440	Espírito Santo do Pinhal	3515186	20
3441	Espírito Santo do Turvo	3515194	20
3442	Estiva Gerbi	3557303	20
3443	Estrela do Norte	3515301	20
3444	Estrela d'Oeste	3515202	20
3445	Euclides da Cunha Paulista	3515350	20
3446	Fartura	3515400	20
3447	Fernando Prestes	3515608	20
3448	Fernandópolis	3515509	20
3449	Fernão	3515657	20
3450	Ferraz de Vasconcelos	3515707	20
3451	Flora Rica	3515806	20
3452	Floreal	3515905	20
3453	Flórida Paulista	3516002	20
3454	Florínea	3516101	20
3455	Franca	3516200	20
3456	Francisco Morato	3516309	20
3457	Franco da Rocha	3516408	20
3458	Gabriel Monteiro	3516507	20
3459	Gália	3516606	20
3460	Garça	3516705	20
3461	Gastão Vidigal	3516804	20
3462	Gavião Peixoto	3516853	20
3463	General Salgado	3516903	20
3464	Getulina	3517000	20
3465	Glicério	3517109	20
3466	Guaiçara	3517208	20
3467	Guaimbê	3517307	20
3468	Guaíra	3517406	20
3469	Guapiaçu	3517505	20
3470	Guapiara	3517604	20
3471	Guará	3517703	20
3472	Guaraçaí	3517802	20
3473	Guaraci	3517901	20
3474	Guarani d'Oeste	3518008	20
3475	Guarantã	3518107	20
3476	Guararapes	3518206	20
3477	Guararema	3518305	20
3478	Guaratinguetá	3518404	20
3479	Guareí	3518503	20
3480	Guariba	3518602	20
3481	Guarujá	3518701	20
3482	Guarulhos	3518800	20
3483	Guatapará	3518859	20
3484	Guzolândia	3518909	20
3485	Herculândia	3519006	20
3486	Holambra	3519055	20
3487	Hortolândia	3519071	20
3488	Iacanga	3519105	20
3489	Iacri	3519204	20
3490	Iaras	3519253	20
3491	Ibaté	3519303	20
3492	Ibirá	3519402	20
3493	Ibirarema	3519501	20
3494	Ibitinga	3519600	20
3495	Ibiúna	3519709	20
3496	Icém	3519808	20
3497	Iepê	3519907	20
3498	Igaraçu do Tietê	3520004	20
3499	Igarapava	3520103	20
3500	Igaratá	3520202	20
3501	Iguape	3520301	20
3502	Ilha Comprida	3520426	20
3503	Ilha Solteira	3520442	20
3504	Ilhabela	3520400	20
3505	Indaiatuba	3520509	20
3506	Indiana	3520608	20
3507	Indiaporã	3520707	20
3508	Inúbia Paulista	3520806	20
3509	Ipaussu	3520905	20
3510	Iperó	3521002	20
3511	Ipeúna	3521101	20
3512	Ipiguá	3521150	20
3513	Iporanga	3521200	20
3514	Ipuã	3521309	20
3515	Iracemápolis	3521408	20
3516	Irapuã	3521507	20
3517	Irapuru	3521606	20
3518	Itaberá	3521705	20
3519	Itaí	3521804	20
3520	Itajobi	3521903	20
3521	Itaju	3522000	20
3522	Itanhaém	3522109	20
3523	Itaoca	3522158	20
3524	Itapecerica da Serra	3522208	20
3525	Itapetininga	3522307	20
3526	Itapeva	3522406	20
3527	Itapevi	3522505	20
3528	Itapira	3522604	20
3529	Itapirapuã Paulista	3522653	20
3530	Itápolis	3522703	20
3531	Itaporanga	3522802	20
3532	Itapuí	3522901	20
3533	Itapura	3523008	20
3534	Itaquaquecetuba	3523107	20
3535	Itararé	3523206	20
3536	Itariri	3523305	20
3537	Itatiba	3523404	20
3538	Itatinga	3523503	20
3539	Itirapina	3523602	20
3540	Itirapuã	3523701	20
3541	Itobi	3523800	20
3542	Itu	3523909	20
3543	Itupeva	3524006	20
3544	Ituverava	3524105	20
3545	Jaborandi	3524204	20
3546	Jaboticabal	3524303	20
3547	Jacareí	3524402	20
3548	Jaci	3524501	20
3549	Jacupiranga	3524600	20
3550	Jaguariúna	3524709	20
3551	Jales	3524808	20
3552	Jambeiro	3524907	20
3553	Jandira	3525003	20
3554	Jardinópolis	3525102	20
3555	Jarinu	3525201	20
3556	Jaú	3525300	20
3557	Jeriquara	3525409	20
3558	Joanópolis	3525508	20
3559	João Ramalho	3525607	20
3560	José Bonifácio	3525706	20
3561	Júlio Mesquita	3525805	20
3562	Jumirim	3525854	20
3563	Jundiaí	3525904	20
3564	Junqueirópolis	3526001	20
3565	Juquiá	3526100	20
3566	Juquitiba	3526209	20
3567	Lagoinha	3526308	20
3568	Laranjal Paulista	3526407	20
3569	Lavínia	3526506	20
3570	Lavrinhas	3526605	20
3571	Leme	3526704	20
3572	Lençóis Paulista	3526803	20
3573	Limeira	3526902	20
3574	Lindóia	3527009	20
3575	Lins	3527108	20
3576	Lorena	3527207	20
3577	Lourdes	3527256	20
3578	Louveira	3527306	20
3579	Lucélia	3527405	20
3580	Lucianópolis	3527504	20
3581	Luís Antônio	3527603	20
3582	Luiziânia	3527702	20
3583	Lupércio	3527801	20
3584	Lutécia	3527900	20
3585	Macatuba	3528007	20
3586	Macaubal	3528106	20
3587	Macedônia	3528205	20
3588	Magda	3528304	20
3589	Mairinque	3528403	20
3590	Mairiporã	3528502	20
3591	Manduri	3528601	20
3592	Marabá Paulista	3528700	20
3593	Maracaí	3528809	20
3594	Marapoama	3528858	20
3595	Mariápolis	3528908	20
3596	Marília	3529005	20
3597	Marinópolis	3529104	20
3598	Martinópolis	3529203	20
3599	Matão	3529302	20
3600	Mauá	3529401	20
3601	Mendonça	3529500	20
3602	Meridiano	3529609	20
3603	Mesópolis	3529658	20
3604	Miguelópolis	3529708	20
3605	Mineiros do Tietê	3529807	20
3606	Mira Estrela	3530003	20
3607	Miracatu	3529906	20
3608	Mirandópolis	3530102	20
3609	Mirante do Paranapanema	3530201	20
3610	Mirassol	3530300	20
3611	Mirassolândia	3530409	20
3612	Mococa	3530508	20
3613	Mogi das Cruzes	3530607	20
3614	Mogi Guaçu	3530706	20
3615	Mogi Mirim	3530805	20
3616	Mombuca	3530904	20
3617	Monções	3531001	20
3618	Mongaguá	3531100	20
3619	Monte Alegre do Sul	3531209	20
3620	Monte Alto	3531308	20
3621	Monte Aprazível	3531407	20
3622	Monte Azul Paulista	3531506	20
3623	Monte Castelo	3531605	20
3624	Monte Mor	3531803	20
3625	Monteiro Lobato	3531704	20
3626	Morro Agudo	3531902	20
3627	Morungaba	3532009	20
3628	Motuca	3532058	20
3629	Murutinga do Sul	3532108	20
3630	Nantes	3532157	20
3631	Narandiba	3532207	20
3632	Natividade da Serra	3532306	20
3633	Nazaré Paulista	3532405	20
3634	Neves Paulista	3532504	20
3635	Nhandeara	3532603	20
3636	Nipoã	3532702	20
3637	Nova Aliança	3532801	20
3638	Nova Campina	3532827	20
3639	Nova Canaã Paulista	3532843	20
3640	Nova Castilho	3532868	20
3641	Nova Europa	3532900	20
3642	Nova Granada	3533007	20
3643	Nova Guataporanga	3533106	20
3644	Nova Independência	3533205	20
3645	Nova Luzitânia	3533304	20
3646	Nova Odessa	3533403	20
3647	Novais	3533254	20
3648	Novo Horizonte	3533502	20
3649	Nuporanga	3533601	20
3650	Ocauçu	3533700	20
3651	Óleo	3533809	20
3652	Olímpia	3533908	20
3653	Onda Verde	3534005	20
3654	Oriente	3534104	20
3655	Orindiúva	3534203	20
3656	Orlândia	3534302	20
3657	Osasco	3534401	20
3658	Oscar Bressane	3534500	20
3659	Osvaldo Cruz	3534609	20
3660	Ourinhos	3534708	20
3661	Ouro Verde	3534807	20
3662	Ouroeste	3534757	20
3663	Pacaembu	3534906	20
3664	Palestina	3535002	20
3665	Palmares Paulista	3535101	20
3666	Palmeira d'Oeste	3535200	20
3667	Palmital	3535309	20
3668	Panorama	3535408	20
3669	Paraguaçu Paulista	3535507	20
3670	Paraibuna	3535606	20
3671	Paraíso	3535705	20
3672	Paranapanema	3535804	20
3673	Paranapuã	3535903	20
3674	Parapuã	3536000	20
3675	Pardinho	3536109	20
3676	Pariquera-Açu	3536208	20
3677	Parisi	3536257	20
3678	Patrocínio Paulista	3536307	20
3679	Paulicéia	3536406	20
3680	Paulínia	3536505	20
3681	Paulistânia	3536570	20
3682	Paulo de Faria	3536604	20
3683	Pederneiras	3536703	20
3684	Pedra Bela	3536802	20
3685	Pedranópolis	3536901	20
3686	Pedregulho	3537008	20
3687	Pedreira	3537107	20
3688	Pedrinhas Paulista	3537156	20
3689	Pedro de Toledo	3537206	20
3690	Penápolis	3537305	20
3691	Pereira Barreto	3537404	20
3692	Pereiras	3537503	20
3693	Peruíbe	3537602	20
3694	Piacatu	3537701	20
3695	Piedade	3537800	20
3696	Pilar do Sul	3537909	20
3697	Pindamonhangaba	3538006	20
3698	Pindorama	3538105	20
3699	Pinhalzinho	3538204	20
3700	Piquerobi	3538303	20
3701	Piquete	3538501	20
3702	Piracaia	3538600	20
3703	Piracicaba	3538709	20
3704	Piraju	3538808	20
3705	Pirajuí	3538907	20
3706	Pirangi	3539004	20
3707	Pirapora do Bom Jesus	3539103	20
3708	Pirapozinho	3539202	20
3709	Pirassununga	3539301	20
3710	Piratininga	3539400	20
3711	Pitangueiras	3539509	20
3712	Planalto	3539608	20
3713	Platina	3539707	20
3714	Poá	3539806	20
3715	Poloni	3539905	20
3716	Pompéia	3540002	20
3717	Pongaí	3540101	20
3718	Pontal	3540200	20
3719	Pontalinda	3540259	20
3720	Pontes Gestal	3540309	20
3721	Populina	3540408	20
3722	Porangaba	3540507	20
3723	Porto Feliz	3540606	20
3724	Porto Ferreira	3540705	20
3725	Potim	3540754	20
3726	Potirendaba	3540804	20
3727	Pracinha	3540853	20
3728	Pradópolis	3540903	20
3729	Praia Grande	3541000	20
3730	Pratânia	3541059	20
3731	Presidente Alves	3541109	20
3732	Presidente Bernardes	3541208	20
3733	Presidente Epitácio	3541307	20
3734	Presidente Prudente	3541406	20
3735	Presidente Venceslau	3541505	20
3736	Promissão	3541604	20
3737	Quadra	3541653	20
3738	Quatá	3541703	20
3739	Queiroz	3541802	20
3740	Queluz	3541901	20
3741	Quintana	3542008	20
3742	Rafard	3542107	20
3743	Rancharia	3542206	20
3744	Redenção da Serra	3542305	20
3745	Regente Feijó	3542404	20
3746	Reginópolis	3542503	20
3747	Registro	3542602	20
3748	Restinga	3542701	20
3749	Ribeira	3542800	20
3750	Ribeirão Bonito	3542909	20
3751	Ribeirão Branco	3543006	20
3752	Ribeirão Corrente	3543105	20
3753	Ribeirão do Sul	3543204	20
3754	Ribeirão dos Índios	3543238	20
3755	Ribeirão Grande	3543253	20
3756	Ribeirão Pires	3543303	20
3757	Ribeirão Preto	3543402	20
3758	Rifaina	3543600	20
3759	Rincão	3543709	20
3760	Rinópolis	3543808	20
3761	Rio Claro	3543907	20
3762	Rio das Pedras	3544004	20
3763	Rio Grande da Serra	3544103	20
3764	Riolândia	3544202	20
3765	Riversul	3543501	20
3766	Rosana	3544251	20
3767	Roseira	3544301	20
3768	Rubiácea	3544400	20
3769	Rubinéia	3544509	20
3770	Sabino	3544608	20
3771	Sagres	3544707	20
3772	Sales	3544806	20
3773	Sales Oliveira	3544905	20
3774	Salesópolis	3545001	20
3775	Salmourão	3545100	20
3776	Saltinho	3545159	20
3777	Salto	3545209	20
3778	Salto de Pirapora	3545308	20
3779	Salto Grande	3545407	20
3780	Sandovalina	3545506	20
3781	Santa Adélia	3545605	20
3782	Santa Albertina	3545704	20
3783	Santa Bárbara d'Oeste	3545803	20
3784	Santa Branca	3546009	20
3785	Santa Clara d'Oeste	3546108	20
3786	Santa Cruz da Conceição	3546207	20
3787	Santa Cruz da Esperança	3546256	20
3788	Santa Cruz das Palmeiras	3546306	20
3789	Santa Cruz do Rio Pardo	3546405	20
3790	Santa Ernestina	3546504	20
3791	Santa Fé do Sul	3546603	20
3792	Santa Gertrudes	3546702	20
3793	Santa Isabel	3546801	20
3794	Santa Lúcia	3546900	20
3912	Zacarias	3557154	20
3795	Santa Maria da Serra	3547007	20
3796	Santa Mercedes	3547106	20
3797	Santa Rita do Passa Quatro	3547502	20
3798	Santa Rita d'Oeste	3547403	20
3799	Santa Rosa de Viterbo	3547601	20
3800	Santa Salete	3547650	20
3801	Santana da Ponte Pensa	3547205	20
3802	Santana de Parnaíba	3547304	20
3803	Santo Anastácio	3547700	20
3804	Santo André	3547809	20
3805	Santo Antônio da Alegria	3547908	20
3806	Santo Antônio de Posse	3548005	20
3807	Santo Antônio do Aracanguá	3548054	20
3808	Santo Antônio do Jardim	3548104	20
3809	Santo Antônio do Pinhal	3548203	20
3810	Santo Expedito	3548302	20
3811	Santópolis do Aguapeí	3548401	20
3812	Santos	3548500	20
3813	São Bento do Sapucaí	3548609	20
3814	São Bernardo do Campo	3548708	20
3815	São Caetano do Sul	3548807	20
3816	São Carlos	3548906	20
3817	São Francisco	3549003	20
3818	São João da Boa Vista	3549102	20
3819	São João das Duas Pontes	3549201	20
3820	São João de Iracema	3549250	20
3821	São João do Pau d'Alho	3549300	20
3822	São Joaquim da Barra	3549409	20
3823	São José da Bela Vista	3549508	20
3824	São José do Barreiro	3549607	20
3825	São José do Rio Pardo	3549706	20
3826	São José do Rio Preto	3549805	20
3827	São José dos Campos	3549904	20
3828	São Lourenço da Serra	3549953	20
3829	São Luiz do Paraitinga	3550001	20
3830	São Manuel	3550100	20
3831	São Miguel Arcanjo	3550209	20
3832	São Paulo	3550308	20
3833	São Pedro	3550407	20
3834	São Pedro do Turvo	3550506	20
3835	São Roque	3550605	20
3836	São Sebastião	3550704	20
3837	São Sebastião da Grama	3550803	20
3838	São Simão	3550902	20
3839	São Vicente	3551009	20
3840	Sarapuí	3551108	20
3841	Sarutaiá	3551207	20
3842	Sebastianópolis do Sul	3551306	20
3843	Serra Azul	3551405	20
3844	Serra Negra	3551603	20
3845	Serrana	3551504	20
3846	Sertãozinho	3551702	20
3847	Sete Barras	3551801	20
3848	Severínia	3551900	20
3849	Silveiras	3552007	20
3850	Socorro	3552106	20
3851	Sorocaba	3552205	20
3852	Sud Mennucci	3552304	20
3853	Sumaré	3552403	20
3854	Suzanápolis	3552551	20
3855	Suzano	3552502	20
3856	Tabapuã	3552601	20
3857	Tabatinga	3552700	20
3858	Taboão da Serra	3552809	20
3859	Taciba	3552908	20
3860	Taguaí	3553005	20
3861	Taiaçu	3553104	20
3862	Taiúva	3553203	20
3863	Tambaú	3553302	20
3864	Tanabi	3553401	20
3865	Tapiraí	3553500	20
3866	Tapiratiba	3553609	20
3867	Taquaral	3553658	20
3868	Taquaritinga	3553708	20
3869	Taquarituba	3553807	20
3870	Taquarivaí	3553856	20
3871	Tarabai	3553906	20
3872	Tarumã	3553955	20
3873	Tatuí	3554003	20
3874	Taubaté	3554102	20
3875	Tejupá	3554201	20
3876	Teodoro Sampaio	3554300	20
3877	Terra Roxa	3554409	20
3878	Tietê	3554508	20
3879	Timburi	3554607	20
3880	Torre de Pedra	3554656	20
3881	Torrinha	3554706	20
3882	Trabiju	3554755	20
3883	Tremembé	3554805	20
3884	Três Fronteiras	3554904	20
3885	Tuiuti	3554953	20
3886	Tupã	3555000	20
3887	Tupi Paulista	3555109	20
3888	Turiúba	3555208	20
3889	Turmalina	3555307	20
3890	Ubarana	3555356	20
3891	Ubatuba	3555406	20
3892	Ubirajara	3555505	20
3893	Uchoa	3555604	20
3894	União Paulista	3555703	20
3895	Urânia	3555802	20
3896	Uru	3555901	20
3897	Urupês	3556008	20
3898	Valentim Gentil	3556107	20
3899	Valinhos	3556206	20
3900	Valparaíso	3556305	20
3901	Vargem	3556354	20
3902	Vargem Grande do Sul	3556404	20
3903	Vargem Grande Paulista	3556453	20
3904	Várzea Paulista	3556503	20
3905	Vera Cruz	3556602	20
3906	Vinhedo	3556701	20
3907	Viradouro	3556800	20
3908	Vista Alegre do Alto	3556909	20
3909	Vitória Brasil	3556958	20
3910	Votorantim	3557006	20
3911	Votuporanga	3557105	20
3913	Abatiá	4100103	21
3914	Adrianópolis	4100202	21
3915	Agudos do Sul	4100301	21
3916	Almirante Tamandaré	4100400	21
3917	Altamira do Paraná	4100459	21
3918	Alto Paraíso	4128625	21
3919	Alto Paraná	4100608	21
3920	Alto Piquiri	4100707	21
3921	Altônia	4100509	21
3922	Alvorada do Sul	4100806	21
3923	Amaporã	4100905	21
3924	Ampére	4101002	21
3925	Anahy	4101051	21
3926	Andirá	4101101	21
3927	Ângulo	4101150	21
3928	Antonina	4101200	21
3929	Antônio Olinto	4101309	21
3930	Apucarana	4101408	21
3931	Arapongas	4101507	21
3932	Arapoti	4101606	21
3933	Arapuã	4101655	21
3934	Araruna	4101705	21
3935	Araucária	4101804	21
3936	Ariranha do Ivaí	4101853	21
3937	Assaí	4101903	21
3938	Assis Chateaubriand	4102000	21
3939	Astorga	4102109	21
3940	Atalaia	4102208	21
3941	Balsa Nova	4102307	21
3942	Bandeirantes	4102406	21
3943	Barbosa Ferraz	4102505	21
3944	Barra do Jacaré	4102703	21
3945	Barracão	4102604	21
3946	Bela Vista da Caroba	4102752	21
3947	Bela Vista do Paraíso	4102802	21
3948	Bituruna	4102901	21
3949	Boa Esperança	4103008	21
3950	Boa Esperança do Iguaçu	4103024	21
3951	Boa Ventura de São Roque	4103040	21
3952	Boa Vista da Aparecida	4103057	21
3953	Bocaiúva do Sul	4103107	21
3954	Bom Jesus do Sul	4103156	21
3955	Bom Sucesso	4103206	21
3956	Bom Sucesso do Sul	4103222	21
3957	Borrazópolis	4103305	21
3958	Braganey	4103354	21
3959	Brasilândia do Sul	4103370	21
3960	Cafeara	4103404	21
3961	Cafelândia	4103453	21
3962	Cafezal do Sul	4103479	21
3963	Califórnia	4103503	21
3964	Cambará	4103602	21
3965	Cambé	4103701	21
3966	Cambira	4103800	21
3967	Campina da Lagoa	4103909	21
3968	Campina do Simão	4103958	21
3969	Campina Grande do Sul	4104006	21
3970	Campo Bonito	4104055	21
3971	Campo do Tenente	4104105	21
3972	Campo Largo	4104204	21
3973	Campo Magro	4104253	21
3974	Campo Mourão	4104303	21
3975	Cândido de Abreu	4104402	21
3976	Candói	4104428	21
3977	Cantagalo	4104451	21
3978	Capanema	4104501	21
3979	Capitão Leônidas Marques	4104600	21
3980	Carambeí	4104659	21
3981	Carlópolis	4104709	21
3982	Cascavel	4104808	21
3983	Castro	4104907	21
3984	Catanduvas	4105003	21
3985	Centenário do Sul	4105102	21
3986	Cerro Azul	4105201	21
3987	Céu Azul	4105300	21
3988	Chopinzinho	4105409	21
3989	Cianorte	4105508	21
3990	Cidade Gaúcha	4105607	21
3991	Clevelândia	4105706	21
3992	Colombo	4105805	21
3993	Colorado	4105904	21
3994	Congonhinhas	4106001	21
3995	Conselheiro Mairinck	4106100	21
3996	Contenda	4106209	21
3997	Corbélia	4106308	21
3998	Cornélio Procópio	4106407	21
3999	Coronel Domingos Soares	4106456	21
4000	Coronel Vivida	4106506	21
4001	Corumbataí do Sul	4106555	21
4002	Cruz Machado	4106803	21
4003	Cruzeiro do Iguaçu	4106571	21
4004	Cruzeiro do Oeste	4106605	21
4005	Cruzeiro do Sul	4106704	21
4006	Cruzmaltina	4106852	21
4007	Curitiba	4106902	21
4008	Curiúva	4107009	21
4009	Diamante do Norte	4107108	21
4010	Diamante do Sul	4107124	21
4011	Diamante D'Oeste	4107157	21
4012	Dois Vizinhos	4107207	21
4013	Douradina	4107256	21
4014	Doutor Camargo	4107306	21
4015	Doutor Ulysses	4128633	21
4016	Enéas Marques	4107405	21
4017	Engenheiro Beltrão	4107504	21
4018	Entre Rios do Oeste	4107538	21
4019	Esperança Nova	4107520	21
4020	Espigão Alto do Iguaçu	4107546	21
4021	Farol	4107553	21
4022	Faxinal	4107603	21
4023	Fazenda Rio Grande	4107652	21
4024	Fênix	4107702	21
4025	Fernandes Pinheiro	4107736	21
4026	Figueira	4107751	21
4027	Flor da Serra do Sul	4107850	21
4028	Floraí	4107801	21
4029	Floresta	4107900	21
4030	Florestópolis	4108007	21
4031	Flórida	4108106	21
4032	Formosa do Oeste	4108205	21
4033	Foz do Iguaçu	4108304	21
4034	Foz do Jordão	4108452	21
4035	Francisco Alves	4108320	21
4036	Francisco Beltrão	4108403	21
4037	General Carneiro	4108502	21
4038	Godoy Moreira	4108551	21
4039	Goioerê	4108601	21
4040	Goioxim	4108650	21
4041	Grandes Rios	4108700	21
4042	Guaíra	4108809	21
4043	Guairaçá	4108908	21
4044	Guamiranga	4108957	21
4045	Guapirama	4109005	21
4046	Guaporema	4109104	21
4047	Guaraci	4109203	21
4048	Guaraniaçu	4109302	21
4049	Guarapuava	4109401	21
4050	Guaraqueçaba	4109500	21
4051	Guaratuba	4109609	21
4052	Honório Serpa	4109658	21
4053	Ibaiti	4109708	21
4054	Ibema	4109757	21
4055	Ibiporã	4109807	21
4056	Icaraíma	4109906	21
4057	Iguaraçu	4110003	21
4058	Iguatu	4110052	21
4059	Imbaú	4110078	21
4060	Imbituva	4110102	21
4061	Inácio Martins	4110201	21
4062	Inajá	4110300	21
4063	Indianópolis	4110409	21
4064	Ipiranga	4110508	21
4065	Iporã	4110607	21
4066	Iracema do Oeste	4110656	21
4067	Irati	4110706	21
4068	Iretama	4110805	21
4069	Itaguajé	4110904	21
4070	Itaipulândia	4110953	21
4071	Itambaracá	4111001	21
4072	Itambé	4111100	21
4073	Itapejara d'Oeste	4111209	21
4074	Itaperuçu	4111258	21
4075	Itaúna do Sul	4111308	21
4076	Ivaí	4111407	21
4077	Ivaiporã	4111506	21
4078	Ivaté	4111555	21
4079	Ivatuba	4111605	21
4080	Jaboti	4111704	21
4081	Jacarezinho	4111803	21
4082	Jaguapitã	4111902	21
4083	Jaguariaíva	4112009	21
4084	Jandaia do Sul	4112108	21
4085	Janiópolis	4112207	21
4086	Japira	4112306	21
4087	Japurá	4112405	21
4088	Jardim Alegre	4112504	21
4089	Jardim Olinda	4112603	21
4090	Jataizinho	4112702	21
4091	Jesuítas	4112751	21
4092	Joaquim Távora	4112801	21
4093	Jundiaí do Sul	4112900	21
4094	Juranda	4112959	21
4095	Jussara	4113007	21
4096	Kaloré	4113106	21
4097	Lapa	4113205	21
4098	Laranjal	4113254	21
4099	Laranjeiras do Sul	4113304	21
4100	Leópolis	4113403	21
4101	Lidianópolis	4113429	21
4102	Lindoeste	4113452	21
4103	Loanda	4113502	21
4104	Lobato	4113601	21
4105	Londrina	4113700	21
4106	Luiziana	4113734	21
4107	Lunardelli	4113759	21
4108	Lupionópolis	4113809	21
4109	Mallet	4113908	21
4110	Mamborê	4114005	21
4111	Mandaguaçu	4114104	21
4112	Mandaguari	4114203	21
4113	Mandirituba	4114302	21
4114	Manfrinópolis	4114351	21
4115	Mangueirinha	4114401	21
4116	Manoel Ribas	4114500	21
4117	Marechal Cândido Rondon	4114609	21
4118	Maria Helena	4114708	21
4119	Marialva	4114807	21
4120	Marilândia do Sul	4114906	21
4121	Marilena	4115002	21
4122	Mariluz	4115101	21
4123	Maringá	4115200	21
4124	Mariópolis	4115309	21
4125	Maripá	4115358	21
4126	Marmeleiro	4115408	21
4127	Marquinho	4115457	21
4128	Marumbi	4115507	21
4129	Matelândia	4115606	21
4130	Matinhos	4115705	21
4131	Mato Rico	4115739	21
4132	Mauá da Serra	4115754	21
4133	Medianeira	4115804	21
4134	Mercedes	4115853	21
4135	Mirador	4115903	21
4136	Miraselva	4116000	21
4137	Missal	4116059	21
4138	Moreira Sales	4116109	21
4139	Morretes	4116208	21
4140	Munhoz de Melo	4116307	21
4141	Nossa Senhora das Graças	4116406	21
4142	Nova Aliança do Ivaí	4116505	21
4143	Nova América da Colina	4116604	21
4144	Nova Aurora	4116703	21
4145	Nova Cantu	4116802	21
4146	Nova Esperança	4116901	21
4147	Nova Esperança do Sudoeste	4116950	21
4148	Nova Fátima	4117008	21
4149	Nova Laranjeiras	4117057	21
4150	Nova Londrina	4117107	21
4151	Nova Olímpia	4117206	21
4152	Nova Prata do Iguaçu	4117255	21
4153	Nova Santa Bárbara	4117214	21
4154	Nova Santa Rosa	4117222	21
4155	Nova Tebas	4117271	21
4156	Novo Itacolomi	4117297	21
4157	Ortigueira	4117305	21
4158	Ourizona	4117404	21
4159	Ouro Verde do Oeste	4117453	21
4160	Paiçandu	4117503	21
4161	Palmas	4117602	21
4162	Palmeira	4117701	21
4163	Palmital	4117800	21
4164	Palotina	4117909	21
4165	Paraíso do Norte	4118006	21
4166	Paranacity	4118105	21
4167	Paranaguá	4118204	21
4168	Paranapoema	4118303	21
4169	Paranavaí	4118402	21
4170	Pato Bragado	4118451	21
4171	Pato Branco	4118501	21
4172	Paula Freitas	4118600	21
4173	Paulo Frontin	4118709	21
4174	Peabiru	4118808	21
4175	Perobal	4118857	21
4176	Pérola	4118907	21
4177	Pérola d'Oeste	4119004	21
4178	Piên	4119103	21
4179	Pinhais	4119152	21
4180	Pinhal de São Bento	4119251	21
4181	Pinhalão	4119202	21
4182	Pinhão	4119301	21
4183	Piraí do Sul	4119400	21
4184	Piraquara	4119509	21
4185	Pitanga	4119608	21
4186	Pitangueiras	4119657	21
4187	Planaltina do Paraná	4119707	21
4188	Planalto	4119806	21
4189	Ponta Grossa	4119905	21
4190	Pontal do Paraná	4119954	21
4191	Porecatu	4120002	21
4192	Porto Amazonas	4120101	21
4193	Porto Barreiro	4120150	21
4194	Porto Rico	4120200	21
4195	Porto Vitória	4120309	21
4196	Prado Ferreira	4120333	21
4197	Pranchita	4120358	21
4198	Presidente Castelo Branco	4120408	21
4199	Primeiro de Maio	4120507	21
4200	Prudentópolis	4120606	21
4201	Quarto Centenário	4120655	21
4202	Quatiguá	4120705	21
4203	Quatro Barras	4120804	21
4204	Quatro Pontes	4120853	21
4205	Quedas do Iguaçu	4120903	21
4206	Querência do Norte	4121000	21
4207	Quinta do Sol	4121109	21
4208	Quitandinha	4121208	21
4209	Ramilândia	4121257	21
4210	Rancho Alegre	4121307	21
4211	Rancho Alegre D'Oeste	4121356	21
4212	Realeza	4121406	21
4213	Rebouças	4121505	21
4214	Renascença	4121604	21
4215	Reserva	4121703	21
4216	Reserva do Iguaçu	4121752	21
4217	Ribeirão Claro	4121802	21
4218	Ribeirão do Pinhal	4121901	21
4219	Rio Azul	4122008	21
4220	Rio Bom	4122107	21
4221	Rio Bonito do Iguaçu	4122156	21
4222	Rio Branco do Ivaí	4122172	21
4223	Rio Branco do Sul	4122206	21
4224	Rio Negro	4122305	21
4225	Rolândia	4122404	21
4226	Roncador	4122503	21
4227	Rondon	4122602	21
4228	Rosário do Ivaí	4122651	21
4229	Sabáudia	4122701	21
4230	Salgado Filho	4122800	21
4231	Salto do Itararé	4122909	21
4232	Salto do Lontra	4123006	21
4233	Santa Amélia	4123105	21
4234	Santa Cecília do Pavão	4123204	21
4235	Santa Cruz de Monte Castelo	4123303	21
4236	Santa Fé	4123402	21
4237	Santa Helena	4123501	21
4238	Santa Inês	4123600	21
4239	Santa Isabel do Ivaí	4123709	21
4240	Santa Izabel do Oeste	4123808	21
4241	Santa Lúcia	4123824	21
4242	Santa Maria do Oeste	4123857	21
4243	Santa Mariana	4123907	21
4244	Santa Mônica	4123956	21
4245	Santa Tereza do Oeste	4124020	21
4246	Santa Terezinha de Itaipu	4124053	21
4247	Santana do Itararé	4124004	21
4248	Santo Antônio da Platina	4124103	21
4249	Santo Antônio do Caiuá	4124202	21
4250	Santo Antônio do Paraíso	4124301	21
4251	Santo Antônio do Sudoeste	4124400	21
4252	Santo Inácio	4124509	21
4253	São Carlos do Ivaí	4124608	21
4254	São Jerônimo da Serra	4124707	21
4255	São João	4124806	21
4256	São João do Caiuá	4124905	21
4257	São João do Ivaí	4125001	21
4258	São João do Triunfo	4125100	21
4259	São Jorge do Ivaí	4125308	21
4260	São Jorge do Patrocínio	4125357	21
4261	São Jorge d'Oeste	4125209	21
4262	São José da Boa Vista	4125407	21
4263	São José das Palmeiras	4125456	21
4264	São José dos Pinhais	4125506	21
4265	São Manoel do Paraná	4125555	21
4266	São Mateus do Sul	4125605	21
4267	São Miguel do Iguaçu	4125704	21
4268	São Pedro do Iguaçu	4125753	21
4269	São Pedro do Ivaí	4125803	21
4270	São Pedro do Paraná	4125902	21
4271	São Sebastião da Amoreira	4126009	21
4272	São Tomé	4126108	21
4273	Sapopema	4126207	21
4274	Sarandi	4126256	21
4275	Saudade do Iguaçu	4126272	21
4276	Sengés	4126306	21
4277	Serranópolis do Iguaçu	4126355	21
4278	Sertaneja	4126405	21
4279	Sertanópolis	4126504	21
4280	Siqueira Campos	4126603	21
4281	Sulina	4126652	21
4282	Tamarana	4126678	21
4283	Tamboara	4126702	21
4284	Tapejara	4126801	21
4285	Tapira	4126900	21
4286	Teixeira Soares	4127007	21
4287	Telêmaco Borba	4127106	21
4288	Terra Boa	4127205	21
4289	Terra Rica	4127304	21
4290	Terra Roxa	4127403	21
4291	Tibagi	4127502	21
4292	Tijucas do Sul	4127601	21
4293	Toledo	4127700	21
4294	Tomazina	4127809	21
4295	Três Barras do Paraná	4127858	21
4296	Tunas do Paraná	4127882	21
4297	Tuneiras do Oeste	4127908	21
4298	Tupãssi	4127957	21
4299	Turvo	4127965	21
4300	Ubiratã	4128005	21
4301	Umuarama	4128104	21
4302	União da Vitória	4128203	21
4303	Uniflor	4128302	21
4304	Uraí	4128401	21
4305	Ventania	4128534	21
4306	Vera Cruz do Oeste	4128559	21
4307	Verê	4128609	21
4308	Virmond	4128658	21
4309	Vitorino	4128708	21
4310	Wenceslau Braz	4128500	21
4311	Xambrê	4128807	21
4312	Abdon Batista	4200051	22
4313	Abelardo Luz	4200101	22
4314	Agrolândia	4200200	22
4315	Agronômica	4200309	22
4316	Água Doce	4200408	22
4317	Águas de Chapecó	4200507	22
4318	Águas Frias	4200556	22
4319	Águas Mornas	4200606	22
4320	Alfredo Wagner	4200705	22
4321	Alto Bela Vista	4200754	22
4322	Anchieta	4200804	22
4323	Angelina	4200903	22
4324	Anita Garibaldi	4201000	22
4325	Anitápolis	4201109	22
4326	Antônio Carlos	4201208	22
4327	Apiúna	4201257	22
4328	Arabutã	4201273	22
4329	Araquari	4201307	22
4330	Araranguá	4201406	22
4331	Armazém	4201505	22
4332	Arroio Trinta	4201604	22
4333	Arvoredo	4201653	22
4334	Ascurra	4201703	22
4335	Atalanta	4201802	22
4336	Aurora	4201901	22
4337	Balneário Arroio do Silva	4201950	22
4338	Balneário Barra do Sul	4202057	22
4339	Balneário Camboriú	4202008	22
4340	Balneário Gaivota	4202073	22
4341	Balneário Piçarras	4212809	22
4342	Balneário Rincão	4220000	22
4343	Bandeirante	4202081	22
4344	Barra Bonita	4202099	22
4345	Barra Velha	4202107	22
4346	Bela Vista do Toldo	4202131	22
4347	Belmonte	4202156	22
4348	Benedito Novo	4202206	22
4349	Biguaçu	4202305	22
4350	Blumenau	4202404	22
4351	Bocaina do Sul	4202438	22
4352	Bom Jardim da Serra	4202503	22
4353	Bom Jesus	4202537	22
4354	Bom Jesus do Oeste	4202578	22
4355	Bom Retiro	4202602	22
4356	Bombinhas	4202453	22
4357	Botuverá	4202701	22
4358	Braço do Norte	4202800	22
4359	Braço do Trombudo	4202859	22
4360	Brunópolis	4202875	22
4361	Brusque	4202909	22
4362	Caçador	4203006	22
4363	Caibi	4203105	22
4364	Calmon	4203154	22
4365	Camboriú	4203204	22
4366	Campo Alegre	4203303	22
4367	Campo Belo do Sul	4203402	22
4368	Campo Erê	4203501	22
4369	Campos Novos	4203600	22
4370	Canelinha	4203709	22
4371	Canoinhas	4203808	22
4372	Capão Alto	4203253	22
4373	Capinzal	4203907	22
4374	Capivari de Baixo	4203956	22
4375	Catanduvas	4204004	22
4376	Caxambu do Sul	4204103	22
4377	Celso Ramos	4204152	22
4378	Cerro Negro	4204178	22
4379	Chapadão do Lageado	4204194	22
4380	Chapecó	4204202	22
4381	Cocal do Sul	4204251	22
4382	Concórdia	4204301	22
4383	Cordilheira Alta	4204350	22
4384	Coronel Freitas	4204400	22
4385	Coronel Martins	4204459	22
4386	Correia Pinto	4204558	22
4387	Corupá	4204509	22
4388	Criciúma	4204608	22
4389	Cunha Porã	4204707	22
4390	Cunhataí	4204756	22
4391	Curitibanos	4204806	22
4392	Descanso	4204905	22
4393	Dionísio Cerqueira	4205001	22
4394	Dona Emma	4205100	22
4395	Doutor Pedrinho	4205159	22
4396	Entre Rios	4205175	22
4397	Ermo	4205191	22
4398	Erval Velho	4205209	22
4399	Faxinal dos Guedes	4205308	22
4400	Flor do Sertão	4205357	22
4401	Florianópolis	4205407	22
4402	Formosa do Sul	4205431	22
4403	Forquilhinha	4205456	22
4404	Fraiburgo	4205506	22
4405	Frei Rogério	4205555	22
4406	Galvão	4205605	22
4407	Garopaba	4205704	22
4408	Garuva	4205803	22
4409	Gaspar	4205902	22
4410	Governador Celso Ramos	4206009	22
4411	Grão-Pará	4206108	22
4412	Gravatal	4206207	22
4413	Guabiruba	4206306	22
4414	Guaraciaba	4206405	22
4415	Guaramirim	4206504	22
4416	Guarujá do Sul	4206603	22
4417	Guatambú	4206652	22
4418	Herval d'Oeste	4206702	22
4419	Ibiam	4206751	22
4420	Ibicaré	4206801	22
4421	Ibirama	4206900	22
4422	Içara	4207007	22
4423	Ilhota	4207106	22
4424	Imaruí	4207205	22
4425	Imbituba	4207304	22
4426	Imbuia	4207403	22
4427	Indaial	4207502	22
4428	Iomerê	4207577	22
4429	Ipira	4207601	22
4430	Iporã do Oeste	4207650	22
4431	Ipuaçu	4207684	22
4432	Ipumirim	4207700	22
4433	Iraceminha	4207759	22
4434	Irani	4207809	22
4435	Irati	4207858	22
4436	Irineópolis	4207908	22
4437	Itá	4208005	22
4438	Itaiópolis	4208104	22
4439	Itajaí	4208203	22
4440	Itapema	4208302	22
4441	Itapiranga	4208401	22
4442	Itapoá	4208450	22
4443	Ituporanga	4208500	22
4444	Jaborá	4208609	22
4445	Jacinto Machado	4208708	22
4446	Jaguaruna	4208807	22
4447	Jaraguá do Sul	4208906	22
4448	Jardinópolis	4208955	22
4449	Joaçaba	4209003	22
4450	Joinville	4209102	22
4451	José Boiteux	4209151	22
4452	Jupiá	4209177	22
4453	Lacerdópolis	4209201	22
4454	Lages	4209300	22
4455	Laguna	4209409	22
4456	Lajeado Grande	4209458	22
4457	Laurentino	4209508	22
4458	Lauro Müller	4209607	22
4459	Lebon Régis	4209706	22
4460	Leoberto Leal	4209805	22
4461	Lindóia do Sul	4209854	22
4462	Lontras	4209904	22
4463	Luiz Alves	4210001	22
4464	Luzerna	4210035	22
4465	Macieira	4210050	22
4466	Mafra	4210100	22
4467	Major Gercino	4210209	22
4468	Major Vieira	4210308	22
4469	Maracajá	4210407	22
4470	Maravilha	4210506	22
4471	Marema	4210555	22
4472	Massaranduba	4210605	22
4473	Matos Costa	4210704	22
4474	Meleiro	4210803	22
4475	Mirim Doce	4210852	22
4476	Modelo	4210902	22
4477	Mondaí	4211009	22
4478	Monte Carlo	4211058	22
4479	Monte Castelo	4211108	22
4480	Morro da Fumaça	4211207	22
4481	Morro Grande	4211256	22
4482	Navegantes	4211306	22
4483	Nova Erechim	4211405	22
4484	Nova Itaberaba	4211454	22
4485	Nova Trento	4211504	22
4486	Nova Veneza	4211603	22
4487	Novo Horizonte	4211652	22
4488	Orleans	4211702	22
4489	Otacílio Costa	4211751	22
4490	Ouro	4211801	22
4491	Ouro Verde	4211850	22
4492	Paial	4211876	22
4493	Painel	4211892	22
4494	Palhoça	4211900	22
4495	Palma Sola	4212007	22
4496	Palmeira	4212056	22
4497	Palmitos	4212106	22
4498	Papanduva	4212205	22
4499	Paraíso	4212239	22
4500	Passo de Torres	4212254	22
4501	Passos Maia	4212270	22
4502	Paulo Lopes	4212304	22
4503	Pedras Grandes	4212403	22
4504	Penha	4212502	22
4505	Peritiba	4212601	22
4506	Pescaria Brava	4212650	22
4507	Petrolândia	4212700	22
4508	Pinhalzinho	4212908	22
4509	Pinheiro Preto	4213005	22
4510	Piratuba	4213104	22
4511	Planalto Alegre	4213153	22
4512	Pomerode	4213203	22
4513	Ponte Alta	4213302	22
4514	Ponte Alta do Norte	4213351	22
4515	Ponte Serrada	4213401	22
4516	Porto Belo	4213500	22
4517	Porto União	4213609	22
4518	Pouso Redondo	4213708	22
4519	Praia Grande	4213807	22
4520	Presidente Castello Branco	4213906	22
4521	Presidente Getúlio	4214003	22
4522	Presidente Nereu	4214102	22
4523	Princesa	4214151	22
4524	Quilombo	4214201	22
4525	Rancho Queimado	4214300	22
4526	Rio das Antas	4214409	22
4527	Rio do Campo	4214508	22
4528	Rio do Oeste	4214607	22
4529	Rio do Sul	4214805	22
4530	Rio dos Cedros	4214706	22
4531	Rio Fortuna	4214904	22
4532	Rio Negrinho	4215000	22
4533	Rio Rufino	4215059	22
4534	Riqueza	4215075	22
4535	Rodeio	4215109	22
4536	Romelândia	4215208	22
4537	Salete	4215307	22
4538	Saltinho	4215356	22
4539	Salto Veloso	4215406	22
4540	Sangão	4215455	22
4541	Santa Cecília	4215505	22
4542	Santa Helena	4215554	22
4543	Santa Rosa de Lima	4215604	22
4544	Santa Rosa do Sul	4215653	22
4545	Santa Terezinha	4215679	22
4546	Santa Terezinha do Progresso	4215687	22
4547	Santiago do Sul	4215695	22
4548	Santo Amaro da Imperatriz	4215703	22
4549	São Bento do Sul	4215802	22
4550	São Bernardino	4215752	22
4551	São Bonifácio	4215901	22
4552	São Carlos	4216008	22
4553	São Cristóvão do Sul	4216057	22
4554	São Domingos	4216107	22
4555	São Francisco do Sul	4216206	22
4556	São João Batista	4216305	22
4557	São João do Itaperiú	4216354	22
4558	São João do Oeste	4216255	22
4559	São João do Sul	4216404	22
4560	São Joaquim	4216503	22
4561	São José	4216602	22
4562	São José do Cedro	4216701	22
4563	São José do Cerrito	4216800	22
4564	São Lourenço do Oeste	4216909	22
4565	São Ludgero	4217006	22
4566	São Martinho	4217105	22
4567	São Miguel da Boa Vista	4217154	22
4568	São Miguel do Oeste	4217204	22
4569	São Pedro de Alcântara	4217253	22
4570	Saudades	4217303	22
4571	Schroeder	4217402	22
4572	Seara	4217501	22
4573	Serra Alta	4217550	22
4574	Siderópolis	4217600	22
4575	Sombrio	4217709	22
4576	Sul Brasil	4217758	22
4577	Taió	4217808	22
4578	Tangará	4217907	22
4579	Tigrinhos	4217956	22
4580	Tijucas	4218004	22
4581	Timbé do Sul	4218103	22
4582	Timbó	4218202	22
4583	Timbó Grande	4218251	22
4584	Três Barras	4218301	22
4585	Treviso	4218350	22
4586	Treze de Maio	4218400	22
4587	Treze Tílias	4218509	22
4588	Trombudo Central	4218608	22
4589	Tubarão	4218707	22
4590	Tunápolis	4218756	22
4591	Turvo	4218806	22
4592	União do Oeste	4218855	22
4593	Urubici	4218905	22
4594	Urupema	4218954	22
4595	Urussanga	4219002	22
4596	Vargeão	4219101	22
4597	Vargem	4219150	22
4598	Vargem Bonita	4219176	22
4599	Vidal Ramos	4219200	22
4600	Videira	4219309	22
4601	Vitor Meireles	4219358	22
4602	Witmarsum	4219408	22
4603	Xanxerê	4219507	22
4604	Xavantina	4219606	22
4605	Xaxim	4219705	22
4606	Zortéa	4219853	22
4607	Aceguá	4300034	23
4608	Água Santa	4300059	23
4609	Agudo	4300109	23
4610	Ajuricaba	4300208	23
4611	Alecrim	4300307	23
4612	Alegrete	4300406	23
4613	Alegria	4300455	23
4614	Almirante Tamandaré do Sul	4300471	23
4615	Alpestre	4300505	23
4616	Alto Alegre	4300554	23
4617	Alto Feliz	4300570	23
4618	Alvorada	4300604	23
4619	Amaral Ferrador	4300638	23
4620	Ametista do Sul	4300646	23
4621	André da Rocha	4300661	23
4622	Anta Gorda	4300703	23
4623	Antônio Prado	4300802	23
4624	Arambaré	4300851	23
4625	Araricá	4300877	23
4626	Aratiba	4300901	23
4627	Arroio do Meio	4301008	23
4628	Arroio do Padre	4301073	23
4629	Arroio do Sal	4301057	23
4630	Arroio do Tigre	4301206	23
4631	Arroio dos Ratos	4301107	23
4632	Arroio Grande	4301305	23
4633	Arvorezinha	4301404	23
4634	Augusto Pestana	4301503	23
4635	Áurea	4301552	23
4636	Bagé	4301602	23
4637	Balneário Pinhal	4301636	23
4638	Barão	4301651	23
4639	Barão de Cotegipe	4301701	23
4640	Barão do Triunfo	4301750	23
4641	Barra do Guarita	4301859	23
4642	Barra do Quaraí	4301875	23
4643	Barra do Ribeiro	4301909	23
4644	Barra do Rio Azul	4301925	23
4645	Barra Funda	4301958	23
4646	Barracão	4301800	23
4647	Barros Cassal	4302006	23
4648	Benjamin Constant do Sul	4302055	23
4649	Bento Gonçalves	4302105	23
4650	Boa Vista das Missões	4302154	23
4651	Boa Vista do Buricá	4302204	23
4652	Boa Vista do Cadeado	4302220	23
4653	Boa Vista do Incra	4302238	23
4654	Boa Vista do Sul	4302253	23
4655	Bom Jesus	4302303	23
4656	Bom Princípio	4302352	23
4657	Bom Progresso	4302378	23
4658	Bom Retiro do Sul	4302402	23
4659	Boqueirão do Leão	4302451	23
4660	Bossoroca	4302501	23
4661	Bozano	4302584	23
4662	Braga	4302600	23
4663	Brochier	4302659	23
4664	Butiá	4302709	23
4665	Caçapava do Sul	4302808	23
4666	Cacequi	4302907	23
4667	Cachoeira do Sul	4303004	23
4668	Cachoeirinha	4303103	23
4669	Cacique Doble	4303202	23
4670	Caibaté	4303301	23
4671	Caiçara	4303400	23
4672	Camaquã	4303509	23
4673	Camargo	4303558	23
4674	Cambará do Sul	4303608	23
4675	Campestre da Serra	4303673	23
4676	Campina das Missões	4303707	23
4677	Campinas do Sul	4303806	23
4678	Campo Bom	4303905	23
4679	Campo Novo	4304002	23
4680	Campos Borges	4304101	23
4681	Candelária	4304200	23
4682	Cândido Godói	4304309	23
4683	Candiota	4304358	23
4684	Canela	4304408	23
4685	Canguçu	4304507	23
4686	Canoas	4304606	23
4687	Canudos do Vale	4304614	23
4688	Capão Bonito do Sul	4304622	23
4689	Capão da Canoa	4304630	23
4690	Capão do Cipó	4304655	23
4691	Capão do Leão	4304663	23
4692	Capela de Santana	4304689	23
4693	Capitão	4304697	23
4694	Capivari do Sul	4304671	23
4695	Caraá	4304713	23
4696	Carazinho	4304705	23
4697	Carlos Barbosa	4304804	23
4698	Carlos Gomes	4304853	23
4699	Casca	4304903	23
4700	Caseiros	4304952	23
4701	Catuípe	4305009	23
4702	Caxias do Sul	4305108	23
4703	Centenário	4305116	23
4704	Cerrito	4305124	23
4705	Cerro Branco	4305132	23
4706	Cerro Grande	4305157	23
4707	Cerro Grande do Sul	4305173	23
4708	Cerro Largo	4305207	23
4709	Chapada	4305306	23
4710	Charqueadas	4305355	23
4711	Charrua	4305371	23
4712	Chiapetta	4305405	23
4713	Chuí	4305439	23
4714	Chuvisca	4305447	23
4715	Cidreira	4305454	23
4716	Ciríaco	4305504	23
4717	Colinas	4305587	23
4718	Colorado	4305603	23
4719	Condor	4305702	23
4720	Constantina	4305801	23
4721	Coqueiro Baixo	4305835	23
4722	Coqueiros do Sul	4305850	23
4723	Coronel Barros	4305871	23
4724	Coronel Bicaco	4305900	23
4725	Coronel Pilar	4305934	23
4726	Cotiporã	4305959	23
4727	Coxilha	4305975	23
4728	Crissiumal	4306007	23
4729	Cristal	4306056	23
4730	Cristal do Sul	4306072	23
4731	Cruz Alta	4306106	23
4732	Cruzaltense	4306130	23
4733	Cruzeiro do Sul	4306205	23
4734	David Canabarro	4306304	23
4735	Derrubadas	4306320	23
4736	Dezesseis de Novembro	4306353	23
4737	Dilermando de Aguiar	4306379	23
4738	Dois Irmãos	4306403	23
4739	Dois Irmãos das Missões	4306429	23
4740	Dois Lajeados	4306452	23
4741	Dom Feliciano	4306502	23
4742	Dom Pedrito	4306601	23
4743	Dom Pedro de Alcântara	4306551	23
4744	Dona Francisca	4306700	23
4745	Doutor Maurício Cardoso	4306734	23
4746	Doutor Ricardo	4306759	23
4747	Eldorado do Sul	4306767	23
4748	Encantado	4306809	23
4749	Encruzilhada do Sul	4306908	23
4750	Engenho Velho	4306924	23
4751	Entre Rios do Sul	4306957	23
4752	Entre-Ijuís	4306932	23
4753	Erebango	4306973	23
4754	Erechim	4307005	23
4755	Ernestina	4307054	23
4756	Erval Grande	4307203	23
4757	Erval Seco	4307302	23
4758	Esmeralda	4307401	23
4759	Esperança do Sul	4307450	23
4760	Espumoso	4307500	23
4761	Estação	4307559	23
4762	Estância Velha	4307609	23
4763	Esteio	4307708	23
4764	Estrela	4307807	23
4765	Estrela Velha	4307815	23
4766	Eugênio de Castro	4307831	23
4767	Fagundes Varela	4307864	23
4768	Farroupilha	4307906	23
4769	Faxinal do Soturno	4308003	23
4770	Faxinalzinho	4308052	23
4771	Fazenda Vilanova	4308078	23
4772	Feliz	4308102	23
4773	Flores da Cunha	4308201	23
4774	Floriano Peixoto	4308250	23
4775	Fontoura Xavier	4308300	23
4776	Formigueiro	4308409	23
4777	Forquetinha	4308433	23
4778	Fortaleza dos Valos	4308458	23
4779	Frederico Westphalen	4308508	23
4780	Garibaldi	4308607	23
4781	Garruchos	4308656	23
4782	Gaurama	4308706	23
4783	General Câmara	4308805	23
4784	Gentil	4308854	23
4785	Getúlio Vargas	4308904	23
4786	Giruá	4309001	23
4787	Glorinha	4309050	23
4788	Gramado	4309100	23
4789	Gramado dos Loureiros	4309126	23
4790	Gramado Xavier	4309159	23
4791	Gravataí	4309209	23
4792	Guabiju	4309258	23
4793	Guaíba	4309308	23
4794	Guaporé	4309407	23
4795	Guarani das Missões	4309506	23
4796	Harmonia	4309555	23
4797	Herval	4307104	23
4798	Herveiras	4309571	23
4799	Horizontina	4309605	23
4800	Hulha Negra	4309654	23
4801	Humaitá	4309704	23
4802	Ibarama	4309753	23
4803	Ibiaçá	4309803	23
4804	Ibiraiaras	4309902	23
4805	Ibirapuitã	4309951	23
4806	Ibirubá	4310009	23
4807	Igrejinha	4310108	23
4808	Ijuí	4310207	23
4809	Ilópolis	4310306	23
4810	Imbé	4310330	23
4811	Imigrante	4310363	23
4812	Independência	4310405	23
4813	Inhacorá	4310413	23
4814	Ipê	4310439	23
4815	Ipiranga do Sul	4310462	23
4816	Iraí	4310504	23
4817	Itaara	4310538	23
4818	Itacurubi	4310553	23
4819	Itapuca	4310579	23
4820	Itaqui	4310603	23
4821	Itati	4310652	23
4822	Itatiba do Sul	4310702	23
4823	Ivorá	4310751	23
4824	Ivoti	4310801	23
4825	Jaboticaba	4310850	23
4826	Jacuizinho	4310876	23
4827	Jacutinga	4310900	23
4828	Jaguarão	4311007	23
4829	Jaguari	4311106	23
4830	Jaquirana	4311122	23
4831	Jari	4311130	23
4832	Jóia	4311155	23
4833	Júlio de Castilhos	4311205	23
4834	Lagoa Bonita do Sul	4311239	23
4835	Lagoa dos Três Cantos	4311270	23
4836	Lagoa Vermelha	4311304	23
4837	Lagoão	4311254	23
4838	Lajeado	4311403	23
4839	Lajeado do Bugre	4311429	23
4840	Lavras do Sul	4311502	23
4841	Liberato Salzano	4311601	23
4842	Lindolfo Collor	4311627	23
4843	Linha Nova	4311643	23
4844	Maçambará	4311718	23
4845	Machadinho	4311700	23
4846	Mampituba	4311734	23
4847	Manoel Viana	4311759	23
4848	Maquiné	4311775	23
4849	Maratá	4311791	23
4850	Marau	4311809	23
4851	Marcelino Ramos	4311908	23
4852	Mariana Pimentel	4311981	23
4853	Mariano Moro	4312005	23
4854	Marques de Souza	4312054	23
4855	Mata	4312104	23
4856	Mato Castelhano	4312138	23
4857	Mato Leitão	4312153	23
4858	Mato Queimado	4312179	23
4859	Maximiliano de Almeida	4312203	23
4860	Minas do Leão	4312252	23
4861	Miraguaí	4312302	23
4862	Montauri	4312351	23
4863	Monte Alegre dos Campos	4312377	23
4864	Monte Belo do Sul	4312385	23
4865	Montenegro	4312401	23
4866	Mormaço	4312427	23
4867	Morrinhos do Sul	4312443	23
4868	Morro Redondo	4312450	23
4869	Morro Reuter	4312476	23
4870	Mostardas	4312500	23
4871	Muçum	4312609	23
4872	Muitos Capões	4312617	23
4873	Muliterno	4312625	23
4874	Não-Me-Toque	4312658	23
4875	Nicolau Vergueiro	4312674	23
4876	Nonoai	4312708	23
4877	Nova Alvorada	4312757	23
4878	Nova Araçá	4312807	23
4879	Nova Bassano	4312906	23
4880	Nova Boa Vista	4312955	23
4881	Nova Bréscia	4313003	23
4882	Nova Candelária	4313011	23
4883	Nova Esperança do Sul	4313037	23
4884	Nova Hartz	4313060	23
4885	Nova Pádua	4313086	23
4886	Nova Palma	4313102	23
4887	Nova Petrópolis	4313201	23
4888	Nova Prata	4313300	23
4889	Nova Ramada	4313334	23
4890	Nova Roma do Sul	4313359	23
4891	Nova Santa Rita	4313375	23
4892	Novo Barreiro	4313490	23
4893	Novo Cabrais	4313391	23
4894	Novo Hamburgo	4313409	23
4895	Novo Machado	4313425	23
4896	Novo Tiradentes	4313441	23
4897	Novo Xingu	4313466	23
4898	Osório	4313508	23
4899	Paim Filho	4313607	23
4900	Palmares do Sul	4313656	23
4901	Palmeira das Missões	4313706	23
4902	Palmitinho	4313805	23
4903	Panambi	4313904	23
4904	Pantano Grande	4313953	23
4905	Paraí	4314001	23
4906	Paraíso do Sul	4314027	23
4907	Pareci Novo	4314035	23
4908	Parobé	4314050	23
4909	Passa Sete	4314068	23
4910	Passo do Sobrado	4314076	23
4911	Passo Fundo	4314100	23
4912	Paulo Bento	4314134	23
4913	Paverama	4314159	23
4914	Pedras Altas	4314175	23
4915	Pedro Osório	4314209	23
4916	Pejuçara	4314308	23
4917	Pelotas	4314407	23
4918	Picada Café	4314423	23
4919	Pinhal	4314456	23
4920	Pinhal da Serra	4314464	23
4921	Pinhal Grande	4314472	23
4922	Pinheirinho do Vale	4314498	23
4923	Pinheiro Machado	4314506	23
4924	Pinto Bandeira	4314548	23
4925	Pirapó	4314555	23
4926	Piratini	4314605	23
4927	Planalto	4314704	23
4928	Poço das Antas	4314753	23
4929	Pontão	4314779	23
4930	Ponte Preta	4314787	23
4931	Portão	4314803	23
4932	Porto Alegre	4314902	23
4933	Porto Lucena	4315008	23
4934	Porto Mauá	4315057	23
4935	Porto Vera Cruz	4315073	23
4936	Porto Xavier	4315107	23
4937	Pouso Novo	4315131	23
4938	Presidente Lucena	4315149	23
4939	Progresso	4315156	23
4940	Protásio Alves	4315172	23
4941	Putinga	4315206	23
4942	Quaraí	4315305	23
4943	Quatro Irmãos	4315313	23
4944	Quevedos	4315321	23
4945	Quinze de Novembro	4315354	23
4946	Redentora	4315404	23
4947	Relvado	4315453	23
4948	Restinga Sêca	4315503	23
4949	Rio dos Índios	4315552	23
4950	Rio Grande	4315602	23
4951	Rio Pardo	4315701	23
4952	Riozinho	4315750	23
4953	Roca Sales	4315800	23
4954	Rodeio Bonito	4315909	23
4955	Rolador	4315958	23
4956	Rolante	4316006	23
4957	Ronda Alta	4316105	23
4958	Rondinha	4316204	23
4959	Roque Gonzales	4316303	23
4960	Rosário do Sul	4316402	23
4961	Sagrada Família	4316428	23
4962	Saldanha Marinho	4316436	23
4963	Salto do Jacuí	4316451	23
4964	Salvador das Missões	4316477	23
4965	Salvador do Sul	4316501	23
4966	Sananduva	4316600	23
4967	Santa Bárbara do Sul	4316709	23
4968	Santa Cecília do Sul	4316733	23
4969	Santa Clara do Sul	4316758	23
4970	Santa Cruz do Sul	4316808	23
4971	Santa Margarida do Sul	4316972	23
4972	Santa Maria	4316907	23
4973	Santa Maria do Herval	4316956	23
4974	Santa Rosa	4317202	23
4975	Santa Tereza	4317251	23
4976	Santa Vitória do Palmar	4317301	23
4977	Santana da Boa Vista	4317004	23
4978	Sant'Ana do Livramento	4317103	23
4979	Santiago	4317400	23
4980	Santo Ângelo	4317509	23
4981	Santo Antônio da Patrulha	4317608	23
4982	Santo Antônio das Missões	4317707	23
4983	Santo Antônio do Palma	4317558	23
4984	Santo Antônio do Planalto	4317756	23
4985	Santo Augusto	4317806	23
4986	Santo Cristo	4317905	23
4987	Santo Expedito do Sul	4317954	23
4988	São Borja	4318002	23
4989	São Domingos do Sul	4318051	23
4990	São Francisco de Assis	4318101	23
4991	São Francisco de Paula	4318200	23
4992	São Gabriel	4318309	23
4993	São Jerônimo	4318408	23
4994	São João da Urtiga	4318424	23
4995	São João do Polêsine	4318432	23
4996	São Jorge	4318440	23
4997	São José das Missões	4318457	23
4998	São José do Herval	4318465	23
4999	São José do Hortêncio	4318481	23
5000	São José do Inhacorá	4318499	23
5001	São José do Norte	4318507	23
5002	São José do Ouro	4318606	23
5003	São José do Sul	4318614	23
5004	São José dos Ausentes	4318622	23
5005	São Leopoldo	4318705	23
5006	São Lourenço do Sul	4318804	23
5007	São Luiz Gonzaga	4318903	23
5008	São Marcos	4319000	23
5009	São Martinho	4319109	23
5010	São Martinho da Serra	4319125	23
5011	São Miguel das Missões	4319158	23
5012	São Nicolau	4319208	23
5013	São Paulo das Missões	4319307	23
5014	São Pedro da Serra	4319356	23
5015	São Pedro das Missões	4319364	23
5016	São Pedro do Butiá	4319372	23
5017	São Pedro do Sul	4319406	23
5018	São Sebastião do Caí	4319505	23
5019	São Sepé	4319604	23
5020	São Valentim	4319703	23
5021	São Valentim do Sul	4319711	23
5022	São Valério do Sul	4319737	23
5023	São Vendelino	4319752	23
5024	São Vicente do Sul	4319802	23
5025	Sapiranga	4319901	23
5026	Sapucaia do Sul	4320008	23
5027	Sarandi	4320107	23
5028	Seberi	4320206	23
5029	Sede Nova	4320230	23
5030	Segredo	4320263	23
5031	Selbach	4320305	23
5032	Senador Salgado Filho	4320321	23
5033	Sentinela do Sul	4320354	23
5034	Serafina Corrêa	4320404	23
5035	Sério	4320453	23
5036	Sertão	4320503	23
5037	Sertão Santana	4320552	23
5038	Sete de Setembro	4320578	23
5039	Severiano de Almeida	4320602	23
5040	Silveira Martins	4320651	23
5041	Sinimbu	4320677	23
5042	Sobradinho	4320701	23
5043	Soledade	4320800	23
5044	Tabaí	4320859	23
5045	Tapejara	4320909	23
5046	Tapera	4321006	23
5047	Tapes	4321105	23
5048	Taquara	4321204	23
5049	Taquari	4321303	23
5050	Taquaruçu do Sul	4321329	23
5051	Tavares	4321352	23
5052	Tenente Portela	4321402	23
5053	Terra de Areia	4321436	23
5054	Teutônia	4321451	23
5055	Tio Hugo	4321469	23
5056	Tiradentes do Sul	4321477	23
5057	Toropi	4321493	23
5058	Torres	4321501	23
5059	Tramandaí	4321600	23
5060	Travesseiro	4321626	23
5061	Três Arroios	4321634	23
5062	Três Cachoeiras	4321667	23
5063	Três Coroas	4321709	23
5064	Três de Maio	4321808	23
5065	Três Forquilhas	4321832	23
5066	Três Palmeiras	4321857	23
5067	Três Passos	4321907	23
5068	Trindade do Sul	4321956	23
5069	Triunfo	4322004	23
5070	Tucunduva	4322103	23
5071	Tunas	4322152	23
5072	Tupanci do Sul	4322186	23
5073	Tupanciretã	4322202	23
5074	Tupandi	4322251	23
5075	Tuparendi	4322301	23
5076	Turuçu	4322327	23
5077	Ubiretama	4322343	23
5078	União da Serra	4322350	23
5079	Unistalda	4322376	23
5080	Uruguaiana	4322400	23
5081	Vacaria	4322509	23
5082	Vale do Sol	4322533	23
5083	Vale Real	4322541	23
5084	Vale Verde	4322525	23
5085	Vanini	4322558	23
5086	Venâncio Aires	4322608	23
5087	Vera Cruz	4322707	23
5088	Veranópolis	4322806	23
5089	Vespasiano Corrêa	4322855	23
5090	Viadutos	4322905	23
5091	Viamão	4323002	23
5092	Vicente Dutra	4323101	23
5093	Victor Graeff	4323200	23
5094	Vila Flores	4323309	23
5095	Vila Lângaro	4323358	23
5096	Vila Maria	4323408	23
5097	Vila Nova do Sul	4323457	23
5098	Vista Alegre	4323507	23
5099	Vista Alegre do Prata	4323606	23
5100	Vista Gaúcha	4323705	23
5101	Vitória das Missões	4323754	23
5102	Westfália	4323770	23
5103	Xangri-lá	4323804	23
5104	Água Clara	5000203	24
5105	Alcinópolis	5000252	24
5106	Amambai	5000609	24
5107	Anastácio	5000708	24
5108	Anaurilândia	5000807	24
5109	Angélica	5000856	24
5110	Antônio João	5000906	24
5111	Aparecida do Taboado	5001003	24
5112	Aquidauana	5001102	24
5113	Aral Moreira	5001243	24
5114	Bandeirantes	5001508	24
5115	Bataguassu	5001904	24
5116	Batayporã	5002001	24
5117	Bela Vista	5002100	24
5118	Bodoquena	5002159	24
5119	Bonito	5002209	24
5120	Brasilândia	5002308	24
5121	Caarapó	5002407	24
5122	Camapuã	5002605	24
5123	Campo Grande	5002704	24
5124	Caracol	5002803	24
5125	Cassilândia	5002902	24
5126	Chapadão do Sul	5002951	24
5127	Corguinho	5003108	24
5128	Coronel Sapucaia	5003157	24
5129	Corumbá	5003207	24
5130	Costa Rica	5003256	24
5131	Coxim	5003306	24
5132	Deodápolis	5003454	24
5133	Dois Irmãos do Buriti	5003488	24
5134	Douradina	5003504	24
5135	Dourados	5003702	24
5136	Eldorado	5003751	24
5137	Fátima do Sul	5003801	24
5138	Figueirão	5003900	24
5139	Glória de Dourados	5004007	24
5140	Guia Lopes da Laguna	5004106	24
5141	Iguatemi	5004304	24
5142	Inocência	5004403	24
5143	Itaporã	5004502	24
5144	Itaquiraí	5004601	24
5145	Ivinhema	5004700	24
5146	Japorã	5004809	24
5147	Jaraguari	5004908	24
5148	Jardim	5005004	24
5149	Jateí	5005103	24
5150	Juti	5005152	24
5151	Ladário	5005202	24
5152	Laguna Carapã	5005251	24
5153	Maracaju	5005400	24
5154	Miranda	5005608	24
5155	Mundo Novo	5005681	24
5156	Naviraí	5005707	24
5157	Nioaque	5005806	24
5158	Nova Alvorada do Sul	5006002	24
5159	Nova Andradina	5006200	24
5160	Novo Horizonte do Sul	5006259	24
5161	Paraíso das Águas	5006275	24
5162	Paranaíba	5006309	24
5163	Paranhos	5006358	24
5164	Pedro Gomes	5006408	24
5165	Ponta Porã	5006606	24
5166	Porto Murtinho	5006903	24
5167	Ribas do Rio Pardo	5007109	24
5168	Rio Brilhante	5007208	24
5169	Rio Negro	5007307	24
5170	Rio Verde de Mato Grosso	5007406	24
5171	Rochedo	5007505	24
5172	Santa Rita do Pardo	5007554	24
5173	São Gabriel do Oeste	5007695	24
5174	Selvíria	5007802	24
5175	Sete Quedas	5007703	24
5176	Sidrolândia	5007901	24
5177	Sonora	5007935	24
5178	Tacuru	5007950	24
5179	Taquarussu	5007976	24
5180	Terenos	5008008	24
5181	Três Lagoas	5008305	24
5182	Vicentina	5008404	24
5183	Acorizal	5100102	25
5184	Água Boa	5100201	25
5185	Alta Floresta	5100250	25
5186	Alto Araguaia	5100300	25
5187	Alto Boa Vista	5100359	25
5188	Alto Garças	5100409	25
5189	Alto Paraguai	5100508	25
5190	Alto Taquari	5100607	25
5191	Apiacás	5100805	25
5192	Araguaiana	5101001	25
5193	Araguainha	5101209	25
5194	Araputanga	5101258	25
5195	Arenápolis	5101308	25
5196	Aripuanã	5101407	25
5197	Barão de Melgaço	5101605	25
5198	Barra do Bugres	5101704	25
5199	Barra do Garças	5101803	25
5200	Boa Esperança do Norte	5101837	25
5201	Bom Jesus do Araguaia	5101852	25
5202	Brasnorte	5101902	25
5203	Cáceres	5102504	25
5204	Campinápolis	5102603	25
5205	Campo Novo do Parecis	5102637	25
5206	Campo Verde	5102678	25
5207	Campos de Júlio	5102686	25
5208	Canabrava do Norte	5102694	25
5209	Canarana	5102702	25
5210	Carlinda	5102793	25
5211	Castanheira	5102850	25
5212	Chapada dos Guimarães	5103007	25
5213	Cláudia	5103056	25
5214	Cocalinho	5103106	25
5215	Colíder	5103205	25
5216	Colniza	5103254	25
5217	Comodoro	5103304	25
5218	Confresa	5103353	25
5219	Conquista D'Oeste	5103361	25
5220	Cotriguaçu	5103379	25
5221	Cuiabá	5103403	25
5222	Curvelândia	5103437	25
5223	Denise	5103452	25
5224	Diamantino	5103502	25
5225	Dom Aquino	5103601	25
5226	Feliz Natal	5103700	25
5227	Figueirópolis D'Oeste	5103809	25
5228	Gaúcha do Norte	5103858	25
5229	General Carneiro	5103908	25
5230	Glória D'Oeste	5103957	25
5231	Guarantã do Norte	5104104	25
5232	Guiratinga	5104203	25
5233	Indiavaí	5104500	25
5234	Ipiranga do Norte	5104526	25
5235	Itanhangá	5104542	25
5236	Itaúba	5104559	25
5237	Itiquira	5104609	25
5238	Jaciara	5104807	25
5239	Jangada	5104906	25
5240	Jauru	5105002	25
5241	Juara	5105101	25
5242	Juína	5105150	25
5243	Juruena	5105176	25
5244	Juscimeira	5105200	25
5245	Lambari D'Oeste	5105234	25
5246	Lucas do Rio Verde	5105259	25
5247	Luciara	5105309	25
5248	Marcelândia	5105580	25
5249	Matupá	5105606	25
5250	Mirassol d'Oeste	5105622	25
5251	Nobres	5105903	25
5252	Nortelândia	5106000	25
5253	Nossa Senhora do Livramento	5106109	25
5254	Nova Bandeirantes	5106158	25
5255	Nova Brasilândia	5106208	25
5256	Nova Canaã do Norte	5106216	25
5257	Nova Guarita	5108808	25
5258	Nova Lacerda	5106182	25
5259	Nova Marilândia	5108857	25
5260	Nova Maringá	5108907	25
5261	Nova Monte Verde	5108956	25
5262	Nova Mutum	5106224	25
5263	Nova Nazaré	5106174	25
5264	Nova Olímpia	5106232	25
5265	Nova Santa Helena	5106190	25
5266	Nova Ubiratã	5106240	25
5267	Nova Xavantina	5106257	25
5268	Novo Horizonte do Norte	5106273	25
5269	Novo Mundo	5106265	25
5270	Novo Santo Antônio	5106315	25
5271	Novo São Joaquim	5106281	25
5272	Paranaíta	5106299	25
5273	Paranatinga	5106307	25
5274	Pedra Preta	5106372	25
5275	Peixoto de Azevedo	5106422	25
5276	Planalto da Serra	5106455	25
5277	Poconé	5106505	25
5278	Pontal do Araguaia	5106653	25
5279	Ponte Branca	5106703	25
5280	Pontes e Lacerda	5106752	25
5281	Porto Alegre do Norte	5106778	25
5282	Porto dos Gaúchos	5106802	25
5283	Porto Esperidião	5106828	25
5284	Porto Estrela	5106851	25
5285	Poxoréu	5107008	25
5286	Primavera do Leste	5107040	25
5287	Querência	5107065	25
5288	Reserva do Cabaçal	5107156	25
5289	Ribeirão Cascalheira	5107180	25
5290	Ribeirãozinho	5107198	25
5291	Rio Branco	5107206	25
5292	Rondolândia	5107578	25
5293	Rondonópolis	5107602	25
5294	Rosário Oeste	5107701	25
5295	Salto do Céu	5107750	25
5296	Santa Carmem	5107248	25
5297	Santa Cruz do Xingu	5107743	25
5298	Santa Rita do Trivelato	5107768	25
5299	Santa Terezinha	5107776	25
5300	Santo Afonso	5107263	25
5301	Santo Antônio de Leverger	5107800	25
5302	Santo Antônio do Leste	5107792	25
5303	São Félix do Araguaia	5107859	25
5304	São José do Povo	5107297	25
5305	São José do Rio Claro	5107305	25
5306	São José do Xingu	5107354	25
5307	São José dos Quatro Marcos	5107107	25
5308	São Pedro da Cipa	5107404	25
5309	Sapezal	5107875	25
5310	Serra Nova Dourada	5107883	25
5311	Sinop	5107909	25
5312	Sorriso	5107925	25
5313	Tabaporã	5107941	25
5314	Tangará da Serra	5107958	25
5315	Tapurah	5108006	25
5316	Terra Nova do Norte	5108055	25
5317	Tesouro	5108105	25
5318	Torixoréu	5108204	25
5319	União do Sul	5108303	25
5320	Vale de São Domingos	5108352	25
5321	Várzea Grande	5108402	25
5322	Vera	5108501	25
5323	Vila Bela da Santíssima Trindade	5105507	25
5324	Vila Rica	5108600	25
5325	Abadia de Goiás	5200050	26
5326	Abadiânia	5200100	26
5327	Acreúna	5200134	26
5328	Adelândia	5200159	26
5329	Água Fria de Goiás	5200175	26
5330	Água Limpa	5200209	26
5331	Águas Lindas de Goiás	5200258	26
5332	Alexânia	5200308	26
5333	Aloândia	5200506	26
5334	Alto Horizonte	5200555	26
5335	Alto Paraíso de Goiás	5200605	26
5336	Alvorada do Norte	5200803	26
5337	Amaralina	5200829	26
5338	Americano do Brasil	5200852	26
5339	Amorinópolis	5200902	26
5340	Anápolis	5201108	26
5341	Anhanguera	5201207	26
5342	Anicuns	5201306	26
5343	Aparecida de Goiânia	5201405	26
5344	Aparecida do Rio Doce	5201454	26
5345	Aporé	5201504	26
5346	Araçu	5201603	26
5347	Aragarças	5201702	26
5348	Aragoiânia	5201801	26
5349	Araguapaz	5202155	26
5350	Arenópolis	5202353	26
5351	Aruanã	5202502	26
5352	Aurilândia	5202601	26
5353	Avelinópolis	5202809	26
5354	Baliza	5203104	26
5355	Barro Alto	5203203	26
5356	Bela Vista de Goiás	5203302	26
5357	Bom Jardim de Goiás	5203401	26
5358	Bom Jesus de Goiás	5203500	26
5359	Bonfinópolis	5203559	26
5360	Bonópolis	5203575	26
5361	Brazabrantes	5203609	26
5362	Britânia	5203807	26
5363	Buriti Alegre	5203906	26
5364	Buriti de Goiás	5203939	26
5365	Buritinópolis	5203962	26
5366	Cabeceiras	5204003	26
5367	Cachoeira Alta	5204102	26
5368	Cachoeira de Goiás	5204201	26
5369	Cachoeira Dourada	5204250	26
5370	Caçu	5204300	26
5371	Caiapônia	5204409	26
5372	Caldas Novas	5204508	26
5373	Caldazinha	5204557	26
5374	Campestre de Goiás	5204607	26
5375	Campinaçu	5204656	26
5376	Campinorte	5204706	26
5377	Campo Alegre de Goiás	5204805	26
5378	Campo Limpo de Goiás	5204854	26
5379	Campos Belos	5204904	26
5380	Campos Verdes	5204953	26
5381	Carmo do Rio Verde	5205000	26
5382	Castelândia	5205059	26
5383	Catalão	5205109	26
5384	Caturaí	5205208	26
5385	Cavalcante	5205307	26
5386	Ceres	5205406	26
5387	Cezarina	5205455	26
5388	Chapadão do Céu	5205471	26
5389	Cidade Ocidental	5205497	26
5390	Cocalzinho de Goiás	5205513	26
5391	Colinas do Sul	5205521	26
5392	Córrego do Ouro	5205703	26
5393	Corumbá de Goiás	5205802	26
5394	Corumbaíba	5205901	26
5395	Cristalina	5206206	26
5396	Cristianópolis	5206305	26
5397	Crixás	5206404	26
5398	Cromínia	5206503	26
5399	Cumari	5206602	26
5400	Damianópolis	5206701	26
5401	Damolândia	5206800	26
5402	Davinópolis	5206909	26
5403	Diorama	5207105	26
5404	Divinópolis de Goiás	5208301	26
5405	Doverlândia	5207253	26
5406	Edealina	5207352	26
5407	Edéia	5207402	26
5408	Estrela do Norte	5207501	26
5409	Faina	5207535	26
5410	Fazenda Nova	5207600	26
5411	Firminópolis	5207808	26
5412	Flores de Goiás	5207907	26
5413	Formosa	5208004	26
5414	Formoso	5208103	26
5415	Gameleira de Goiás	5208152	26
5416	Goianápolis	5208400	26
5417	Goiandira	5208509	26
5418	Goianésia	5208608	26
5419	Goiânia	5208707	26
5420	Goianira	5208806	26
5421	Goiás	5208905	26
5422	Goiatuba	5209101	26
5423	Gouvelândia	5209150	26
5424	Guapó	5209200	26
5425	Guaraíta	5209291	26
5426	Guarani de Goiás	5209408	26
5427	Guarinos	5209457	26
5428	Heitoraí	5209606	26
5429	Hidrolândia	5209705	26
5430	Hidrolina	5209804	26
5431	Iaciara	5209903	26
5432	Inaciolândia	5209937	26
5433	Indiara	5209952	26
5434	Inhumas	5210000	26
5435	Ipameri	5210109	26
5436	Ipiranga de Goiás	5210158	26
5437	Iporá	5210208	26
5438	Israelândia	5210307	26
5439	Itaberaí	5210406	26
5440	Itaguari	5210562	26
5441	Itaguaru	5210604	26
5442	Itajá	5210802	26
5443	Itapaci	5210901	26
5444	Itapirapuã	5211008	26
5445	Itapuranga	5211206	26
5446	Itarumã	5211305	26
5447	Itauçu	5211404	26
5448	Itumbiara	5211503	26
5449	Ivolândia	5211602	26
5450	Jandaia	5211701	26
5451	Jaraguá	5211800	26
5452	Jataí	5211909	26
5453	Jaupaci	5212006	26
5454	Jesúpolis	5212055	26
5455	Joviânia	5212105	26
5456	Jussara	5212204	26
5457	Lagoa Santa	5212253	26
5458	Leopoldo de Bulhões	5212303	26
5459	Luziânia	5212501	26
5460	Mairipotaba	5212600	26
5461	Mambaí	5212709	26
5462	Mara Rosa	5212808	26
5463	Marzagão	5212907	26
5464	Matrinchã	5212956	26
5465	Maurilândia	5213004	26
5466	Mimoso de Goiás	5213053	26
5467	Minaçu	5213087	26
5468	Mineiros	5213103	26
5469	Moiporá	5213400	26
5470	Monte Alegre de Goiás	5213509	26
5471	Montes Claros de Goiás	5213707	26
5472	Montividiu	5213756	26
5473	Montividiu do Norte	5213772	26
5474	Morrinhos	5213806	26
5475	Morro Agudo de Goiás	5213855	26
5476	Mossâmedes	5213905	26
5477	Mozarlândia	5214002	26
5478	Mundo Novo	5214051	26
5479	Mutunópolis	5214101	26
5480	Nazário	5214408	26
5481	Nerópolis	5214507	26
5482	Niquelândia	5214606	26
5483	Nova América	5214705	26
5484	Nova Aurora	5214804	26
5485	Nova Crixás	5214838	26
5486	Nova Glória	5214861	26
5487	Nova Iguaçu de Goiás	5214879	26
5488	Nova Roma	5214903	26
5489	Nova Veneza	5215009	26
5490	Novo Brasil	5215207	26
5491	Novo Gama	5215231	26
5492	Novo Planalto	5215256	26
5493	Orizona	5215306	26
5494	Ouro Verde de Goiás	5215405	26
5495	Ouvidor	5215504	26
5496	Padre Bernardo	5215603	26
5497	Palestina de Goiás	5215652	26
5498	Palmeiras de Goiás	5215702	26
5499	Palmelo	5215801	26
5500	Palminópolis	5215900	26
5501	Panamá	5216007	26
5502	Paranaiguara	5216304	26
5503	Paraúna	5216403	26
5504	Perolândia	5216452	26
5505	Petrolina de Goiás	5216809	26
5506	Pilar de Goiás	5216908	26
5507	Piracanjuba	5217104	26
5508	Piranhas	5217203	26
5509	Pirenópolis	5217302	26
5510	Pires do Rio	5217401	26
5511	Planaltina	5217609	26
5512	Pontalina	5217708	26
5513	Porangatu	5218003	26
5514	Porteirão	5218052	26
5515	Portelândia	5218102	26
5516	Posse	5218300	26
5517	Professor Jamil	5218391	26
5518	Quirinópolis	5218508	26
5519	Rialma	5218607	26
5520	Rianápolis	5218706	26
5521	Rio Quente	5218789	26
5522	Rio Verde	5218805	26
5523	Rubiataba	5218904	26
5524	Sanclerlândia	5219001	26
5525	Santa Bárbara de Goiás	5219100	26
5526	Santa Cruz de Goiás	5219209	26
5527	Santa Fé de Goiás	5219258	26
5528	Santa Helena de Goiás	5219308	26
5529	Santa Isabel	5219357	26
5530	Santa Rita do Araguaia	5219407	26
5531	Santa Rita do Novo Destino	5219456	26
5532	Santa Rosa de Goiás	5219506	26
5533	Santa Tereza de Goiás	5219605	26
5534	Santa Terezinha de Goiás	5219704	26
5535	Santo Antônio da Barra	5219712	26
5536	Santo Antônio de Goiás	5219738	26
5537	Santo Antônio do Descoberto	5219753	26
5538	São Domingos	5219803	26
5539	São Francisco de Goiás	5219902	26
5540	São João da Paraúna	5220058	26
5541	São João d'Aliança	5220009	26
5542	São Luís de Montes Belos	5220108	26
5543	São Luiz do Norte	5220157	26
5544	São Miguel do Araguaia	5220207	26
5545	São Miguel do Passa Quatro	5220264	26
5546	São Patrício	5220280	26
5547	São Simão	5220405	26
5548	Senador Canedo	5220454	26
5549	Serranópolis	5220504	26
5550	Silvânia	5220603	26
5551	Simolândia	5220686	26
5552	Sítio d'Abadia	5220702	26
5553	Taquaral de Goiás	5221007	26
5554	Teresina de Goiás	5221080	26
5555	Terezópolis de Goiás	5221197	26
5556	Três Ranchos	5221304	26
5557	Trindade	5221403	26
5558	Trombas	5221452	26
5559	Turvânia	5221502	26
5560	Turvelândia	5221551	26
5561	Uirapuru	5221577	26
5562	Uruaçu	5221601	26
5563	Uruana	5221700	26
5564	Urutaí	5221809	26
5565	Valparaíso de Goiás	5221858	26
5566	Varjão	5221908	26
5567	Vianópolis	5222005	26
5568	Vicentinópolis	5222054	26
5569	Vila Boa	5222203	26
5570	Vila Propício	5222302	26
5571	Brasília	5300108	27
\.


--
-- Data for Name: alunos_codigo; Type: TABLE DATA; Schema: public; Owner: omaum_user
--

COPY public.alunos_codigo (id, nome, descricao, tipo_codigo_id, ativo) FROM stdin;
1	10	Códigos Administrativos	1	t
2	11	Presidente	1	t
3	12	Conselheiro	1	t
4	13	Secretário Geral	1	t
5	14	Diretor Administrativo	1	t
6	15	Diretor de Cursos	1	t
7	16	Diretor de Disciplina	1	t
8	17	Diretor de Patrimônio	1	t
9	18	Diretor de Pessoal	1	t
10	19	Diretor de Relações Públicas	1	t
11	20	Diretor Social	1	t
12	21	Coordenador de Informática	1	t
13	22	Auxiliar da Secretaria Geral	1	t
14	23	Auxiliar da Dir. Administrativa	1	t
15	24	Auxiliar da Dir. de Patrimônio	1	t
16	25	Auxiliar da Dir. de Pessoal	1	t
17	26	Auxiliar da Dir. Social	1	t
18	27	Auxiliar da Seção de Notas	1	t
19	28	Auxiliar da Coord. de Informática	1	t
20	29	Encarregado da Alimentação no Ritual de 1ªiniciação	1	t
21	30	Auxiliar do Encarreg. da Alimentação no Ritual de 1ªiniciação	1	t
22	31	Encarregado da Alimentação no Ritual de 2ªiniciação	1	t
23	32	Auxiliar do Encarreg. da Alimentação no Ritual de 2ªiniciação	1	t
24	33	Encarregado da Alimentação no Ritual de 3ªiniciação	1	t
25	34	Auxiliar do Encarreg. da Alimentação no Ritual de 3ªiniciação	1	t
26	35	Encarregado da Alimentação no Ritual de 4ªiniciação	1	t
27	36	Auxiliar do Encarreg. da Alimentação no Ritual de 4ªiniciação	1	t
28	37	Encarregado da Alimentação no Ritual de 5ªiniciação	1	t
29	38	Auxiliar do Encarreg. da Alimentação no Ritual de 5ªiniciação	1	t
30	39	Encarregado da Alimentação no Ritual de Sagração	1	t
31	40	Auxiliar do Encarreg. da Alimentação no Ritual de Sagração	1	t
32	41	Responsável pela Cantina	1	t
33	42	Auxiliar do Responsável pela Cantina	1	t
34	43	Guardião de Santuário	1	t
35	44	Auxiliar do guardião de Santuário	1	t
36	45	Auxiliar da equipe guardiã do Santuário	1	t
37	46	Encarregado de entrevistar candidatos ao Pré-Iniciático	1	t
408	Evento Iniciático Demo	Código usado na migração de demonstração.	8	f
352	900	Cargos de Instrutoria e assemelhados	5	t
353	901	Instrutor do GTPré	5	t
354	902	Instrutor Auxiliar do GTPré	5	t
355	903	Auxiliar de Instrução no GTPré	5	t
356	904	Secretaria do GTPré	5	t
357	911	Instrutor de 1º Grau	5	t
358	912	Instrutor Auxiliar de 1º Grau	5	t
359	913	Auxiliar de Instrução no 1º Grau	5	t
360	914	Auxiliar de grau no 1º Grau	5	t
361	921	Instrutor de 2º Grau	5	t
362	922	Instrutor Auxiliar de 2º Grau	5	t
363	923	Auxiliar de Instrução no 2º Grau	5	t
364	924	Auxiliar de grau no 2º Grau	5	t
365	931	Instrutor de 3º Grau	5	t
366	932	Instrutor Auxiliar de 3º Grau	5	t
367	933	Auxiliar de Instrução no 3º Grau	5	t
368	934	Auxiliar de grau no 3º Grau	5	t
369	941	Instrutor de 4º Grau	5	t
370	942	Instrutor Auxiliar de 4º Grau	5	t
371	943	Auxiliar de Instrução no 4º Grau	5	t
372	944	Auxiliar de grau no 4º Grau	5	t
373	951	Instrutor de 5º Grau	5	t
374	952	Instrutor Auxiliar de 5º Grau	5	t
375	953	Auxiliar de Instrução no 5º Grau	5	t
376	954	Auxiliar de grau no 5º Grau	5	t
377	961	Instrutor do Colégio Sacerdotal	5	t
378	962	Instrutor Auxiliar do Colégio Sacerdotal	5	t
379	963	Auxiliar de grau no Colégio Sacerdotal	5	t
380	971	Instrutor Auxiliar do Colégio Sacerdotal (Instr. Coleginho)	5	t
381	972	Auxiliar de Instrução no Colégio Sacerdotal (Coleginho)	5	t
382	973	Auxiliar de grau no Colégio Sacerdotal (Coleginho)	5	t
383	981	..... substituir pelo cód 50 administrativo	5	t
384	982	...... substituir pelo cód 51 administrativo	5	t
385	991	Sac. Convocado p/prova de verificação e aprendizagem 1ºgrau (2ª iniciação)	5	t
386	992	Sac. Convocado p/prova de verificação e aprendizagem 2ºgrau (3ª iniciação)	5	t
387	993	Sac. Convocado p/prova de verificação e aprendizagem 3ºgrau (4ª iniciação)	5	t
388	994	Sac. Convocado p/prova de verificação e aprendizagem 4ºgrau (5ª iniciação)	5	t
389	995	Sac. Convocado p/secretaria de verificação e aprendizagem 1ºgrau (2ª iniciação)	5	t
390	996	Sac. Convocado p/secretaria de verificação e aprendizagem 2ºgrau (3ª iniciação)	5	t
391	997	Sac. Convocado p/secretaria de verificação e aprendizagem 3ºgrau (4ª iniciação)	5	t
392	998	Sac. Convocado p/secretaria de verificação e aprendizagem 4ºgrau (5ª iniciação)	5	t
393	999	Sac. Convocado p/aferição de Tônica	5	t
394	1000	Códigos das Punições	6	t
395	1010	Falta disciplinar	6	t
396	1020	Advertência verbal	6	t
397	1030	Advertência escrita	6	t
398	1040	Suspensão	6	t
399	1050	Exclusão disciplinar administrativa	6	t
400	1060	Exclusão disciplinar grave	6	t
401	1110	Desligado do 1º grau por carência	6	t
402	1120	Desligado do 2º grau por carência	6	t
403	1130	Desligado do 3º grau por carência	6	t
404	1140	Desligado do 4º grau por carência	6	t
405	1150	Desligado do 5º grau por carência	6	t
406	1160	Desligado do coleginho por carência	6	t
61	100	Funções nos ritos de 1ª iniciação	3	t
62	101	Sac. Ofic. do Ritual da 1ª iniciação	3	t
63	102	Sac. Ac. Imediato do Ofic. do Ritual da 1ª Inic.	3	t
64	105	Sac. Mestre de Cerimônias da 1ª Inic.	3	t
65	106	Sac. Ac. do Mestre de Cerimôrias da 1ª Inic.	3	t
66	110	Sac. Mestre de Cerimônias em Santuário da 1ª Inic.	3	t
67	111	Sac. Ac. do Mestre de Cerimôrias em Santuário da 1ª Inic.	3	t
68	115	Sac. Guardião do Ritual da 1ª Inic.	3	t
69	116	Sac. Ac. do Guardião do Ritual da 1ª Inic.	3	t
70	117	Discípulo Ac. do Sac. Guardião do Ritual da 1ª Inic.	3	t
71	118	Apóstolo Ac. do Sac. Guardião do Ritual da 1ª Inic.	3	t
72	119	Mestre (Companheiro ou Aprendiz) Ac. do Sac. Guardião do Ritual da 1ª Inic.	3	t
73	120	Sac. Ofic. dos Ritos Preparatórios da 1ª Inic.	3	t
74	121	Sac. Ac. do Ofic. dos Ritos Preparatórios da 1ª Inic.	3	t
75	130	Sac. Ofic. da Rito da Preparação do Templo Maior da 1ª Inic.	3	t
76	131	Sac.Ac. do Ofic. do Rito da Preparação do Templo Maior da 1ª Inic.	3	t
77	132	Sac. Ofic. em TMaior no Elem. Terra da 1ª Inic.	3	t
78	133	Sac. Ofic. em TMaior no Elem. Água da 1ª Inic.	3	t
79	134	Sac. Ofic. em TMaior no Elem. Fogo da 1ª Inic.	3	t
80	135	Sac. Ofic. em TMaior no Elem. Ar da 1ª Inic.	3	t
81	136	Discípulo em ofício em TMaior no Elem. Terra da 1ª Inic.	3	t
82	137	Discípulo em ofício em TMaior no Elem. Água da 1ª Inic.	3	t
83	138	Discípulo em ofício em TMaior no Elem. Fogo da 1ª Inic.	3	t
84	139	Discípulo em ofício em TMaior no Elem. Ar da 1ª Inic.	3	t
85	140	Sac. Ofic. do Rito de Apres. e Vinc. c/os Reg. Elementais da 1ª Inic.	3	t
86	141	Sac. Ac. do Ofic. do Rito de Apres. e Vinc. c/os Reg. Elementais da 1ª Inic.	3	t
87	142	Discípulo (ou Sac.) em oficio no Elem. Terra da 1ª Inic.	3	t
88	143	Discípulo (ou Sac.) em oficio no Elem. Água da 1ª Inic.	3	t
89	144	Discípulo (ou Sac.) em oficio no Elem. Fogo da 1ª Inic.	3	t
90	145	Discípulo (ou Sac.) em oficio no Elem. Ar da 1ª Inic.	3	t
91	146	Aprendiz (Companheiro ou Mestre) Acólito no Elem. Terra da 1ª Inic.	3	t
92	147	Aprendiz (Companheiro ou Mestre) Acólito no Elem. Água da 1ª Inic.	3	t
93	148	Aprendiz (Companheiro ou Mestre) Acólito no Elem. Fogo da 1ª Inic.	3	t
94	149	Aprendiz (Companheiro ou Mestre) Acólito no Elem. Ar da 1ª Inic.	3	t
95	150	Sac. Ofic. do Rito da Harmonização e Purificação da 1ª Inic.	3	t
96	151	Sac. Ac. do Ofic. do Rito da Harmonização e Purificação da 1ª Inic.	3	t
97	152	Sac. Ofic. do Rito da Harmonização Grupal da 1ª Inic.	3	t
98	153	Sac. Ac. do Ofic. do Rito da Harmonização Grupal da 1ª Inic.	3	t
99	154	Discípulo Ac. do Ofic. do Rito da Harmonização Grupal da 1ª Inic.	3	t
100	155	Apóstolo Ac. do Ofic. do Rito da Harmonização Grupal da 1ª Inic.	3	t
101	156	Mestre Ac. do Ofic. do Rito da Harmonização Grupal da 1ª Inic.	3	t
102	157	Companheiro Ac. do Ofic. do Rito da Harmonização Grupal da 1ª Inic.	3	t
103	158	Aprendiz Ac. do Ofic. do Rito da Harmonização Grupal da 1ª Inic.	3	t
104	160	Sac. Ofic. do Rito de Apres. e Vinc. c/a Egregora de Santuário da 1ª Inic.	3	t
105	161	Sac. Ac. do Ofic. do Rito de Apres. e Vinc. c/a Egreg. de Santuário da 1ª Inic.	3	t
106	165	Sac. Ofic. do Rito da Purificação Grupal da 1ª Inic.	3	t
107	166	Sac. Ac. do Ofic. do Rito da Purificação Grupal da 1ª Inic.	3	t
108	167	Discípulo Ac. do Ofic. do Rito da Purificação Grupal da 1ª Inic.	3	t
109	200	Funções nos ritos de 2ª iniciação	3	t
110	201	Sac. Ofic. do Ritual da 2ª Iniciação	3	t
111	202	Sac. Ac. Imediato do Ofic. do Ritual da 2ª Inic.	3	t
112	205	Sac. Mestre de Cerimônias da 2ª Inic.	3	t
113	206	Sac. Ac. do Mestre de Cerimôrias da 2ª Inic.	3	t
114	207	Díscipulo Ac. do Mestre de Cerimôrias da 2ª Inic.	3	t
115	208	Apóstolo Ac. do Mestre de Cerimôrias da 2ª Inic.	3	t
116	209	Mestre Ac. do Mestre de Cerimôrias da 2ª Inic.	3	t
117	215	Sac. Guardião do Ritual da 2ª Inic.	3	t
118	216	Sac. Ac. do Guardião do Ritual da 2ª Inic.	3	t
119	217	Díscipulo Ac. do Guardião do Ritual da 2ª Inic.	3	t
120	218	Apóstolo Ac. do Guardião do Ritual da 2ª Inic.	3	t
121	219	Mestre Ac. do Guardião do Ritual da 2ª Inic.	3	t
122	220	Sac. Ofic. dos Ritos Preparatórios da 2ª Inic.	3	t
123	221	Sac. Ac. do Ofic. dos Ritos Preparatórios da 2ª Inic.	3	t
124	225	Sac. Ofic. do Rito da Harmonização e Vinculação em Santuário da 2ª Inic.	3	t
125	226	Sac. Ac. do Ofic. do Rito da Harm. e Vinculação em Santuário da 2ª Inic.	3	t
126	227	Díscipulo Ac. do Ofic. do Rito da Harm. e Vinculação em Santuário da 2ª Inic.	3	t
127	228	Apóstolo Ac. do Ofic. do Rito da Harm. e Vinculação em Santuário da 2ª Inic.	3	t
128	229	Mestre (ou Companheiro) Ac. do Ofic. do Rito da Harm. e Vinculação em Santuário da 2ª Inic.	3	t
129	230	Sac. Ofic. do Ritual Externo da 2ª Inic.	3	t
130	231	Sac. Ac. do Ofic. do Ritual Externo da 2ª Inic.	3	t
131	232	Guardião dos Implementos no Ritual Externo da 2ª Inic. - (Portador)	3	t
132	233	Portador da Espada no Ritual Externo da 2ª Inic.	3	t
133	234	Portador da Taça no Ritual Externo da 2ª Inic.	3	t
134	235	Sac. Ofic. do Rito Prep./Cons. do Templo da Estrela Rit. Ext. da 2ª Inic.	3	t
135	236	Sac. Ac. do Ofic. do Rito Prep./Cons. do Templo da Estrela Rit. Ext. da 2ª Inic.	3	t
136	237	Díscipulo Ac. no Rito Prep./Cons. do Templo da Estrela Rit. Ext. da 2ª Inic.	3	t
137	238	Apóstolo Ac. no Rito Prep./Cons. do Templo da Estrela Rit. Ext. da 2ª Inic.	3	t
138	239	Mestre Ac. no Rito Prep./Cons. do Templo da Estrela Rit. Ext. da 2ª Inic.	3	t
139	240	Sac. Ofic. do Rito Batismal no Ritual Externo da 2ª Inic.	3	t
140	241	Sac. Ac. do Ofic. do Rito Batismal no Ritual Externo da 2ª Inic.	3	t
141	242	Discípulo Ac. Batizadores no Rito Batismal no Ritual Externo da 2ª Inic.	3	t
142	243	Apóstolo Ac. dos Batizadores no Rito Batismal no Ritual Externo da 2ª Inic.	3	t
143	244	Mestre Ac. dos Batizadores no Rito Batismal no Ritual Externo da 2ª Inic.	3	t
144	250	Sac. Ofic. do Rito da Purif. e Dinamização dos Centros da 2ª Inic.	3	t
145	251	Sac. Ac. do Ofic. do Rito da Purif. e Dinamização dos Centros da 2ª Inic.	3	t
146	252	Discípulo Ac. do Ofic. do Rito da Purif. e Dinamização dos Centros da 2ª Inic.	3	t
147	253	Apóstolo Ac. do Ofic. do Rito da Purif. e Dinamização dos Centros da 2ª Inic.	3	t
148	260	Sac. Ofic. do Rito da Selagem da 2ª Inic.	3	t
149	261	Sac. Ac. do Ofic. do Rito da Selagem da 2ª Inic.	3	t
150	265	Sac. Ofic. do Rito da Palestra no Ritual da Selagem da 2ª Inic.	3	t
151	266	Sac. Ac. do Ofic. do Rito da Palestra no Ritual da Selagem da 2ª Inic.	3	t
152	270	Sac. Ofic. do Rito da Confissão da 2ª Inic.	3	t
153	271	Sac. Ac. do Ofic. do Rito da Confissão da 2ª Inic.	3	t
154	275	Sac. Ofic. do Rito da Comunhão dos Iniciados da 2ª Inic.	3	t
155	276	Sac. Ac. do Ofic. do Rito da Comunhão dos Iniciados da 2ª Inic.	3	t
156	280	Sac. Ofic. do Rito da Vinculação dos Cordões da 2ª Inic.	3	t
157	281	Sac. Ac. do Ofic. do Rito da Vinculação dos Cordões da 2ª Inic.	3	t
158	285	Sac. Ofic. do Rito dos Nós da 2ª Inic.	3	t
159	286	Sac. Ac. do Ofic. do Rito dos Nós da 2ª Inic.	3	t
160	290	Sac. Ofic. do Rito da Palestra no Ritual da Confirmação da 2ª Inic.	3	t
161	291	Sac. Ac. do Ofic. do Rito da Palestra no Ritual da Confirmação da 2ª Inic.	3	t
162	300	Funções nos ritos de 3ª iniciação	3	t
163	301	Sac. Ofic. do Ritual da 3ª Iniciação	3	t
164	302	Sac. Ac. Imediato do Ofic. do Ritual da 3ª Inic.	3	t
165	305	Sac. Mestre de Cerimônias da 3ª Inic.	3	t
166	306	Sac. Ac. do Mestre de Cerimôrias da 3ª Inic.	3	t
167	307	Discípulo Ac. do Mestre de Cerimôrias da 3ª Inic.	3	t
168	308	Apóstolo Ac. do Mestre de Cerimôrias da 3ª Inic.	3	t
169	309	Mestre Ac. do Mestre de Cerimôrias da 3ª Inic.	3	t
170	315	Sac. Guardião do Ritual da 3ª Inic.	3	t
171	316	Sac. Ac. do Guardião do Ritual da 3ª Inic.	3	t
172	317	Discípulo Ac. do Guardião do Ritual da 3ª Inic.	3	t
173	318	Apóstolo Ac. do Guardião do Ritual da 3ª Inic.	3	t
174	319	Mestre Ac. do Guardião do Ritual da 3ª Inic.	3	t
175	320	Sac. Ofic. dos Ritos Preparatórios da 3ª Inic.	3	t
176	321	Sac. Ac. do Ofic. dos Ritos Preparatórios da 3ª Inic.	3	t
177	322	Discípulo Ac. do Ofic. dos Ritos Preparatórios da 3ª Inic.	3	t
178	340	Sac. Ofic. do Ritual Externo da 3ª Inic.	3	t
179	341	Sac. Ac. Imediato do Ofic. do Ritual Externo da 3ª Inic.	3	t
180	342	Sac. Ac. do Ofic. do Ritual Externo da 3ª Inic.	3	t
181	343	Sac. Ac. do Ofic. do Ritual Externo da 3ª Inic. - Portador da Capa	3	t
182	344	Sac. Ac. do Ofic. do Ritual Externo da 3ª Inic. - Portador da Tocha	3	t
183	345	Sac. Ac. do Ofic. do Ritual Externo da 3ª Inic. - Portador dos Implementos	3	t
184	350	Sac. Ofic. do Rito do Batismo de Fogo e Sacrifício da 3ª Inic.	3	t
185	351	Sac. Ac. do Ofic. do Rito do Batismo de Fogo e Sacrifício da 3ª Inic.	3	t
186	360	Sac. Ofic. do Rito da Construção da Estrela da 3ª Inic.	3	t
187	361	Sac. Ac. do Ofic. do Rito da Construção da Estrela da 3ª Inic.	3	t
188	362	Discípulo Ac. do Ofic. do Rito da Construção da Estrela da 3ª Inic.	3	t
189	363	Apóstolo Ac. do Ofic. do Rito da Construção da Estrela da 3ª Inic.	3	t
190	364	Mestre Ac. do Ofic. do Rito da Construção da Estrela da 3ª Inic.	3	t
191	370	Sac. Ofic. do Ritual da Comunhão de Fogo da 3ª Inic.	3	t
192	371	Sac. Ac. Imediato do Ofic. do Ritual da Comunhão de Fogo da 3ª Inic.	3	t
193	372	Sac. Ofic. do Ritual da Comunhão dos Iniciados da 3ª Inic.	3	t
194	373	Sac. Ac. do Ofic. do Ritual da Comunhão dos Iniciados da 3ª Inic.	3	t
195	374	Sac. Ofic. do Rito da Palestra da 3ª Inic.	3	t
196	375	Sac. Ac. do Ofic. do Rito da Palestra da 3ª Inic.	3	t
197	380	Sac. Ofic. do Ritual da Confirmação da 3ª Inic.	3	t
198	381	Sac. Ac. do Ofic. do Ritual da Confirmação da 3ª Inic.	3	t
199	385	Sac. Ofic. do Rito do Compromisso da 3ª Inic.	3	t
200	386	Sac. Ac. do Ofic. do Rito do Compromisso da 3ª Inic.	3	t
201	387	Discípulo Ac. do Ofic. do Compromisso da 3ª Inic.	3	t
202	388	Apóstolo Ac. do Ofic. do Compromisso da 3ª Inic.	3	t
203	390	Sac. Ofic. do Rito dos Nós da 3ª Inic.	3	t
204	391	Sac. Ac. do Ofic. do Rito dos Nós da 3ª Inic.	3	t
205	392	Discípulo Ac. do Ofic. do Rito dos Nós da 3ª Inic.	3	t
206	393	Apóstolo (ou Mestre) Ac. do Ofic. do Rito dos Nós da 3ª Inic.	3	t
207	400	Funções nos ritos de 4ª iniciação	3	t
208	401	Sac. Ofic. do Ritual da 4ª Iniciação	3	t
209	402	Sac. Ac. Imediato do Ofic. do Ritual da 4ª Inic.	3	t
210	405	Sac. Mestre de Cerimônias da 4ª Inic.	3	t
211	406	Sac. Ac. do Mestre de Cerimôrias da 4ª Inic.	3	t
212	407	Discípulo Ac. do Mestre de Cerimôrias da 4ª Inic.	3	t
213	408	Apóstolo Ac. do Mestre de Cerimôrias da 4ª Inic.	3	t
214	415	Sac. Guardião do Ritual da 4ª Inic.	3	t
215	416	Sac. Ac. do Guardião do Ritual da 4ª Inic.	3	t
216	417	Discípulo Ac. do Guardião do Ritual da 4ª Inic.	3	t
217	418	Apóstolo Ac. do Guardião do Ritual da 4ª Inic.	3	t
218	420	Sac. Ofic. do Ritual Externo da 4ª Inic.	3	t
219	421	Sac. Ac. Imediato do Ofic. do Ritual Externo da 4ª Inic.	3	t
220	422	Discípulo Ac. do Ofic. do Ritual Externo da 4ª Inic.	3	t
221	423	Apóstolo Ac. do Ofic. do Ritual Externo da 4ª Inic.	3	t
222	430	Sac. Ofic. do Ritual do Renascimento da 4ª Inic.	3	t
223	431	Sac. Ofic. do Rito do Renascimento da 4ª Inic.	3	t
224	432	Sac. Ac. do Ofic. do Rito do Renascimento da 4ª Inic.	3	t
225	435	Sac. Ofic. do Rito da Confissão da 4ª Inic.	3	t
226	436	Sac. Ac. do Ofic. do Rito da Confissão da 4ª Inic.	3	t
227	437	Díscipulo Ac. do Ofic. do Rito da Confissão da 4ª Inic.	3	t
228	438	Apóstolo Ac. do Ofic. do Rito da Confissão da 4ª Inic.	3	t
229	440	Sac. Ofic. do Rito da Purificação e Perfumação da 4ª Inic.	3	t
230	441	Sac. Ac. do Ofic. do Rito da Purificação e Perfumação da 4ª Inic.	3	t
231	442	Díscipulo Ac. do Ofic. do Rito da Purificação e Perfumação da 4ª Inic.	3	t
232	443	Apóstolo Ac. do Ofic. do Rito da Purificação e Perfumação da 4ª Inic.	3	t
233	450	Sac. Ofic. do Rito da Conferição de Poderes da 4ª Inic.	3	t
234	451	Sac. Ac. do Ofic. do Rito da Conferição de Poderes da 4ª Inic.	3	t
235	460	Sac. Ofic. do Rito do Juramento da 4ª Inic.	3	t
236	461	Sac. Ac. do Ofic. do Rito do Juramento da 4ª Inic.	3	t
237	462	Díscipulo Ac. do Ofic. do Rito do Juramento da 4ª Inic.	3	t
238	463	Apóstolo Ac. do Ofic. do Rito do Juramento da 4ª Inic.	3	t
239	470	Sac. Ofic. do Rito da Identificação da 4ª Inic.	3	t
240	471	Sac. Ac. do Ofic. do Rito da Identificação da 4ª Inic.	3	t
241	472	Díscipulo Ac. do Ofic. do Rito da Identificação da 4ª Inic.	3	t
242	473	Apóstolo Ac. do Ofic. do Rito da Identificação da 4ª Inic.	3	t
243	480	Sac. Ofic. do Rito da Ordenação da 4ª Inic.	3	t
244	481	Sac. Ac. do Ofic. do Rito da Ordenação da 4ª Inic.	3	t
245	490	Sac. Ofic. do Ritual da Confirmação da 4ª Inic.	3	t
246	491	Sac. Ac. do Ofic. do Ritual da Confirmação da 4ª Inic.	3	t
247	492	Díscipulo Ac. do Ofic. do Ritual da Confirmação da 4ª Inic.	3	t
248	493	Apóstolo Ac. do Ofic. do Ritual da Confirmação da 4ª Inic.	3	t
249	500	Funções nos ritos de 5ª iniciação	3	t
250	501	Sac. Ofic. do Ritual da 5ª Iniciação	3	t
251	502	Sac. Ac. Imediato do Ofic. do Ritual da 5ª Inic.	3	t
252	505	Sac. Mestre de Cerimônias da 5ª Inic.	3	t
253	506	Sac. (ou Discípulo) Ac. do Mestre de Cerimôrias da 5ª Inic.	3	t
254	507	Discípulo Ac. do Mestre de Cerimôrias da 5ª Inic.	3	t
255	515	Sac. Guardião do Ritual da 5ª Inic.	3	t
256	516	Sac. Ac. do Guardião do Ritual da 5ª Inic.	3	t
257	517	Discípulo Ac. do Guardião do Ritual da 5ª Inic.	3	t
258	520	Sac. Ofic. das 1ª Vigilias da 5ª Inic.	3	t
259	521	Sac. Ac. do Ofic. das 1ª Vigilias da 5ª Inic.	3	t
260	530	Sac. Ofic. das 2ª Vigilias da 5ª Inic.	3	t
261	531	Sac. Ac. do Ofic. das 2ª Vigilias da 5ª Inic.	3	t
262	540	Sac. Ofic. da 3ª Vigilia da 5ª Inic.	3	t
263	541	Sac. Ac. do Ofic. da 3ª Vigilia da 5ª Inic.	3	t
264	550	Sac. Ofic. da 4ª Vigilia da 5ª Inic.	3	t
265	551	Sac. Ac. do Ofic. da 4ª Vigilia da 5ª Inic.	3	t
266	560	Sac. Ofic. do Rito do Sacrifício da 5ª Inic.	3	t
267	561	Sac. Ac. do Ofic. do Rito do Sacrifício da 5ª Inic.	3	t
268	570	Sac. Ofic. do Rito da Comunhão dos Iniciados da 5ª Inic.	3	t
269	571	Sac. Ac. do Ofic. do Rito da Comunhão dos Iniciados da 5ª Inic.	3	t
270	580	Sac. Ofic. do Ritos da Ord. e Conf. de Poderes e da Revel. da 5ª Inic.	3	t
271	581	Sac. Ac. do Ofic. do Ritos da Ord. e Conf. de Poderes e da Revel. da 5ª Inic.	3	t
272	590	Sac. Ofic. do Rito do Juramento da 5ª Inic.	3	t
273	591	Sac. Ac. do Ofic. do Rito do Juramento da 5ª Inic.	3	t
274	600	Funções nos ritos de Sagração Sacerdotal	3	t
275	601	Sac. Ofic. do Ritual da Sagração Sacerdotal	3	t
276	602	Sac. Ac. Imediato do Ofic. do Ritual da Sagr. Sacerdotal	3	t
277	620	Sac. Ofic. do Rito de Purificação das Vestes da Sagr. Sacerdotal	3	t
278	621	Sac. Ac. do Ofic. do Rito de Purificação das Vestes da Sagr. Sacerdotal	3	t
279	630	Sac. Ofic. do Rito de Comunhão e Oferenda das Vestes da Sagr. Sacerdotal	3	t
280	631	Sac. Ac. do Ofic. do Rito de Com. e Oferenda das Vestes da Sagr. Sacerdotal	3	t
281	640	Sac. Responsável por Grupo da Sagr. Sacerdotal	3	t
282	641	Sac. Ac. do Responsável por Grupo da Sagr. Sacerdotal	3	t
283	700	Funções nos ritos de Veneração	3	t
284	701	Sac. Ofic. do Ritual da Veneração	3	t
285	702	Sac. Ac. Imediato do Ofic. do Ritual da Veneração	3	t
286	705	Sac. Mestre de Cerimônias da Veneração	3	t
287	706	Sac. Ac. do Mestre de Cerimôrias da Veneração	3	t
288	715	Sac. Guardião do Ritual da Veneração	3	t
289	716	Sac. Ac. do Guardião do Ritual da Veneração	3	t
290	720	Sac. Ofic. do Rito da Comunhão e Prece da Veneração	3	t
291	721	Sac. Ac. do Ofic. do Rito da Comunhão e Prece da Veneração	3	t
292	750	Funções nos ritos Especiais	3	t
293	751	Sac. Ofic. do Ritual de Consagração do Santuário	3	t
294	752	Sac. Ac. Imediato do Ofic. do Ritual de Consagração do Santuário	3	t
295	753	Sac. Ac. no Ritual de Consagração do Santuário	3	t
296	761	Sac. Ofic. do Ritual de Consagração do Templo Maior	3	t
297	762	Sac. Ac. Imediato do Ofic. do Ritual de Consagração do Templo Maior	3	t
298	763	Sac. Ac. no Ritual de Consagração do Templo Maior	3	t
299	771	Sac. Ofic. do Ritual de Consagração do Templo Menor	3	t
300	772	Sac. Ac. Imediato do Ofic. do Ritual de Consagração do Templo Menor	3	t
301	773	Sac. Ac. no Ritual de Consagração do Templo Menor	3	t
302	800	Funções nos diversos outros ritos	4	t
303	801	Ofic. do Ritual de Eucaristia	4	t
304	802	Ofic. do Rito de Eucaristia	4	t
305	803	Acólito no Rito de Eucaristia	4	t
306	804	Mestre de Cerimônia do Rito de Eucaristia	4	t
307	805	Ofic. do Ritual de Comunhão Comunitária	4	t
308	806	Ofic. do Rito de Comunhão Comunitária	4	t
309	807	Acólito no Rito de Comunhão Comunitária	4	t
310	810	Ofic. do Ritual de Batismo	4	t
311	811	Ofic. do Rito de Batismo	4	t
312	812	Acólito no Rito de Batismo	4	t
313	815	Ofic. do Ritual de Benção	4	t
314	816	Ofic. do Rito de Benção	4	t
315	817	Acólito no Rito de Benção	4	t
316	820	Ofic. do Ritual de Matrimônio	4	t
317	821	Ofic. do Rito de Matrimônio	4	t
318	822	Acólito no Rito de Matrimônio	4	t
319	825	Ofic. do Ritual de Bodas	4	t
320	826	Ofic. do Rito de Bodas	4	t
321	827	Acólito no Rito de Bodas	4	t
322	830	Ofic. do Ritual de Exéquias	4	t
323	831	Ofic. do Rito de Exéquias	4	t
324	832	Acólito no Rito de Exéquias	4	t
325	833	Guardião no Rito de Exéquias	4	t
326	850	Ofic. do Ritual de Desmagnetização	4	t
327	851	Ofic. do Rito de Desmagnetização	4	t
328	852	Acólito no Rito de Desmagnetização	4	t
329	860	Ofic. no Ritual de Plenilúnio	4	t
330	861	Acólito no Ritual de Plenilúnio	4	t
331	862	Ofic. no Ritual de Plenilúnio de Pacientes	4	t
332	863	Acólito no Ritual de Plenilúnio de Pacientes	4	t
333	870	Ofic. do Rito de Purificação da Casa Templária	4	t
334	871	Mestre de Cerimônia do Rito de Purificação da Casa Templária	4	t
335	872	Guardião do Rito de Purificação da Casa Templária	4	t
336	873	Acólito portador do Fogareiro no Rito de Purificação da Casa Templária	4	t
337	874	Acólito portador da Tocha no Rito de Purificação da Casa Templária	4	t
338	875	Acólito portador da Água no Rito de Purificação da Casa Templária	4	t
339	876	Acólito portador de Círio no Rito de Purificação da Casa Templária	4	t
340	880	Ofic. do Rito do Dia Mundial da Grande Invocação	4	t
341	881	Acólito do Rito do Dia Mundial da Grande Invocação	4	t
342	882	Dirigente da Palestra T.Menor do Rito do Dia Mundial da Grande Invocação	4	t
343	883	Acólito na Palestra T.Menor do Rito do Dia Mundial da Grande Invocação	4	t
344	890	Ofic. do Rito de Purificação das Vestes da Sagr. Sacerdotal	4	t
345	891	Acólito em Rito de Purificação das Vestes da Sagr. Sacerdotal	4	t
346	892	Ofic. do Rito de Comunhão e Oferenda das Vestes da Sagr. Sacerdotal	4	t
347	893	Acólito em Rito de Com. e Oferenda das Vestes da Sagr. Sacerdotal	4	t
348	895	Ofic. do Rito de Harmonização em Santuário	4	t
349	896	Acólito em Rito de Harmonização em Santuário	4	t
350	897	Ofic. de Rito de preparação de cordão	4	t
351	898	Acólito em Rito de preparação de cordão	4	t
407	TESTE	\N	7	f
38	60	Códigos Trabalho Curador	2	t
39	61	Coordenador de Trab. Curador de 3ª feira	2	t
40	62	Coordenador de Trab. Curador de 4ª feira	2	t
41	63	Coordenador de Trab. Curador de 5ª feira	2	t
42	64	Coordenador de Trab. Curador de 6ª feira	2	t
43	65	Auxiliar da Coord. no Trab. Curador	2	t
44	66	Auxiliar da Coord. no atendimento pessoal	2	t
45	70	Direção Passes Genéricos Templo Menor	2	t
46	71	Auxiliar da Dir. Passes Genéricos Templo Menor	2	t
47	75	Direção Passes Específicos Templo Menor	2	t
48	76	Auxiliar da Dir. Passes Específicos Templo Menor	2	t
49	77	Auxiliar da Coord. na Harmonização dos Pacientes	2	t
50	80	Direção Trabalhos Especiais no Auditório I	2	t
51	81	Auxiliar da Dir. Trabalhos Especiais no Auditório I	2	t
52	85	Direção Relax	2	t
53	86	Auxiliar da Dir. Relax	2	t
54	90	Direção Correntes e Águas	2	t
55	91	Auxiliar da Dir. Correntes e Águas	2	t
56	93	Auxiliar da Coord. na Meditação em Templo Maior	2	t
57	95	Operador de Trab. Esp. Entrevistas e Avaliações	2	t
58	96	Operador de Trab. Esp. Cromoterapia	2	t
59	97	Operador de Trab. Esp. Letargia	2	t
60	98	Operador de Trab. Esp. (outros)	2	t
\.


--
-- Data for Name: alunos_estado; Type: TABLE DATA; Schema: public; Owner: omaum_user
--

COPY public.alunos_estado (id, codigo, nome, regiao) FROM stdin;
1	RO	RO	Norte
2	AC	AC	Norte
3	AM	AM	Norte
4	RR	RR	Norte
5	PA	PA	Norte
6	AP	AP	Norte
7	TO	TO	Norte
8	MA	MA	Nordeste
9	PI	PI	Nordeste
10	CE	CE	Nordeste
11	RN	RN	Nordeste
12	PB	PB	Nordeste
13	PE	PE	Nordeste
14	AL	AL	Nordeste
15	SE	SE	Nordeste
16	BA	BA	Nordeste
17	MG	MG	Sudeste
18	ES	ES	Sudeste
19	RJ	RJ	Sudeste
20	SP	SP	Sudeste
21	PR	PR	Sul
22	SC	SC	Sul
23	RS	RS	Sul
24	MS	MS	Centro-Oeste
25	MT	MT	Centro-Oeste
26	GO	GO	Centro-Oeste
27	DF	DF	Centro-Oeste
\.


--
-- Data for Name: alunos_pais; Type: TABLE DATA; Schema: public; Owner: omaum_user
--

COPY public.alunos_pais (id, codigo, nome, nacionalidade, ativo) FROM stdin;
1	BRA	Brasil	Brasileiro(a)	t
2	USA	Estados Unidos	Americano(a)	t
3	PRT	Portugal	Português(a)	t
\.


--
-- Data for Name: alunos_registrohistorico; Type: TABLE DATA; Schema: public; Owner: omaum_user
--

COPY public.alunos_registrohistorico (id, ordem_servico, data_os, observacoes, created_at, ativo, aluno_id, codigo_id) FROM stdin;
97	OS-7328	2025-09-03	Registro automático.	2025-09-05 09:46:35.607+00	t	45	407
79	OS-3431	2025-07-13	Registro automático.	2025-09-05 09:46:34.632+00	t	36	407
48	OS-2786	2025-07-06	Registro automático.	2025-09-05 09:46:32.91+00	t	23	407
53	OS-6231	2025-06-20	Registro automático.	2025-09-05 09:46:33.176+00	t	25	407
89	OS-8055	2025-06-07	Registro automático.	2025-09-05 09:46:35.348+00	t	42	407
31	OS-4431	2025-06-07	Registro automático.	2025-09-05 09:46:31.871+00	t	15	407
45	OS-6640	2025-06-05	Registro automático.	2025-09-05 09:46:32.802+00	t	22	407
56	OS-3706	2025-06-03	Registro automático.	2025-09-05 09:46:33.578+00	t	27	407
87	OS-8041	2025-05-26	Registro automático.	2025-09-05 09:46:35.148+00	t	41	407
78	OS-1265	2025-05-06	Registro automático.	2025-09-05 09:46:34.535+00	t	35	407
12	OS-2113	2025-04-25	Registro automático.	2025-09-05 09:46:30.47+00	t	6	407
82	OS-9029	2025-04-18	Registro automático.	2025-09-05 09:46:34.816+00	t	38	407
9	OS-2099	2025-04-16	Registro automático.	2025-09-05 09:46:30.284+00	t	5	407
58	OS-6842	2025-04-10	Registro automático.	2025-09-05 09:46:33.599+00	t	27	407
72	OS-9016	2025-04-01	Registro automático.	2025-09-05 09:46:34.239+00	t	32	407
13	OS-1591	2025-03-28	Registro automático.	2025-09-05 09:46:30.48+00	t	6	407
7	OS-7207	2025-03-22	Registro automático.	2025-09-05 09:46:30.113+00	t	4	407
99	OS-2515	2025-03-14	Registro automático.	2025-09-05 09:46:35.761+00	t	46	407
50	OS-9737	2025-03-12	Registro automático.	2025-09-05 09:46:33.058+00	t	24	407
25	OS-8222	2025-03-04	Registro automático.	2025-09-05 09:46:31.505+00	t	13	407
16	OS-1296	2025-01-16	Registro automático.	2025-09-05 09:46:30.822+00	t	8	407
34	OS-7903	2025-01-15	Registro automático.	2025-09-05 09:46:32.108+00	t	17	407
75	OS-8191	2024-12-16	Registro automático.	2025-09-05 09:46:34.471+00	t	34	407
17	OS-4454	2024-12-05	Registro automático.	2025-09-05 09:46:30.832+00	t	8	407
81	OS-3873	2024-11-15	Registro automático.	2025-09-05 09:46:34.716+00	t	37	407
70	OS-5815	2024-10-26	Registro automático.	2025-09-05 09:46:34.219+00	t	32	407
14	OS-9747	2024-10-24	Registro automático.	2025-09-05 09:46:30.645+00	t	7	407
84	OS-7661	2024-10-06	Registro automático.	2025-09-05 09:46:34.923+00	t	39	407
77	OS-5647	2024-09-29	Registro automático.	2025-09-05 09:46:34.526+00	t	35	407
91	OS-7369	2024-09-14	Registro automático.	2025-09-05 09:46:35.391+00	t	43	407
5	OS-3532	2024-09-05	Registro automático.	2025-09-05 09:46:30.071+00	t	3	407
1	OS-6043	2024-08-30	Registro automático.	2025-09-05 09:46:29.919+00	t	1	407
27	OS-1085	2024-08-29	Registro automático.	2025-09-05 09:46:31.527+00	t	13	407
71	OS-8312	2024-08-12	Registro automático.	2025-09-05 09:46:34.228+00	t	32	407
65	OS-8594	2024-08-12	Registro automático.	2025-09-05 09:46:33.807+00	t	30	407
37	OS-4766	2024-07-31	Registro automático.	2025-09-05 09:46:32.28+00	t	18	407
100	OS-3719	2024-07-12	Registro automático.	2025-09-05 09:46:35.772+00	t	46	407
24	OS-9310	2024-07-07	Registro automático.	2025-09-05 09:46:31.356+00	t	12	407
92	OS-4178	2024-07-05	Registro automático.	2025-09-05 09:46:35.4+00	t	43	407
55	OS-3769	2024-06-08	Registro automático.	2025-09-05 09:46:33.395+00	t	26	407
85	OS-9602	2024-06-04	Registro automático.	2025-09-05 09:46:34.932+00	t	39	407
10	OS-8345	2024-06-04	Registro automático.	2025-09-05 09:46:30.294+00	t	5	407
47	OS-5292	2024-05-25	Registro automático.	2025-09-05 09:46:32.9+00	t	23	407
98	OS-1348	2024-03-17	Registro automático.	2025-09-05 09:46:35.617+00	t	45	407
83	OS-5645	2024-03-11	Registro automático.	2025-09-05 09:46:34.912+00	t	39	407
3	OS-3531	2024-03-09	Registro automático.	2025-09-05 09:46:30.022+00	t	2	407
59	OS-1660	2024-03-04	Registro automático.	2025-09-05 09:46:33.635+00	t	28	407
69	OS-2216	2024-01-28	Registro automático.	2025-09-05 09:46:34.106+00	t	31	407
33	OS-8648	2024-01-13	Registro automático.	2025-09-05 09:46:32.099+00	t	17	407
42	OS-7600	2023-12-05	Registro automático.	2025-09-05 09:46:32.653+00	t	21	407
22	OS-5619	2023-11-29	Registro automático.	2025-09-05 09:46:31.257+00	t	11	407
104	OS-3880	2023-11-25	Registro automático.	2025-09-05 09:46:36.242+00	t	50	407
93	OS-7990	2023-11-25	Registro automático.	2025-09-05 09:46:35.411+00	t	43	407
49	OS-1902	2023-11-19	Registro automático.	2025-09-05 09:46:32.921+00	t	23	407
4	OS-6875	2023-10-17	Registro automático.	2025-09-05 09:46:30.03+00	t	2	407
74	OS-9863	2023-10-02	Registro automático.	2025-09-05 09:46:34.462+00	t	34	407
29	OS-9960	2023-09-05	Registro automático.	2025-09-05 09:46:31.849+00	t	15	407
11	OS-8247	2023-08-19	Registro automático.	2025-09-05 09:46:30.457+00	t	6	407
20	OS-2430	2023-08-10	Registro automático.	2025-09-05 09:46:31.089+00	t	10	407
6	OS-3114	2023-07-27	Registro automático.	2025-09-05 09:46:30.079+00	t	3	407
88	OS-9503	2023-07-21	Registro automático.	2025-09-05 09:46:35.158+00	t	41	407
94	OS-9565	2023-07-18	Registro automático.	2025-09-05 09:46:35.443+00	t	44	407
68	OS-3999	2023-07-10	Registro automático.	2025-09-05 09:46:34.097+00	t	31	407
41	OS-3829	2023-05-31	Registro automático.	2025-09-05 09:46:32.544+00	t	20	407
67	OS-3371	2023-05-30	Registro automático.	2025-09-05 09:46:33.827+00	t	30	407
43	OS-3945	2023-05-24	Registro automático.	2025-09-05 09:46:32.663+00	t	21	407
26	OS-4272	2023-05-13	Registro automático.	2025-09-05 09:46:31.514+00	t	13	407
2	OS-9182	2023-05-13	Registro automático.	2025-09-05 09:46:29.929+00	t	1	407
46	OS-6811	2023-03-26	Registro automático.	2025-09-05 09:46:32.813+00	t	22	407
57	OS-5063	2023-03-06	Registro automático.	2025-09-05 09:46:33.588+00	t	27	407
95	OS-4648	2022-12-21	Registro automático.	2025-09-05 09:46:35.452+00	t	44	407
54	OS-7592	2022-11-27	Registro automático.	2025-09-05 09:46:33.383+00	t	26	407
40	OS-8094	2022-08-08	Registro automático.	2025-09-05 09:46:32.533+00	t	20	407
66	OS-5392	2022-07-22	Registro automático.	2025-09-05 09:46:33.817+00	t	30	407
76	OS-2910	2022-07-20	Registro automático.	2025-09-05 09:46:34.514+00	t	35	407
103	OS-7541	2022-06-06	Registro automático.	2025-09-05 09:46:36.099+00	t	49	407
80	OS-1701	2022-06-03	Registro automático.	2025-09-05 09:46:34.642+00	t	36	407
64	OS-3191	2022-05-13	Registro automático.	2025-09-05 09:46:33.775+00	t	29	407
8	OS-9153	2022-03-18	Registro automático.	2025-09-05 09:46:30.274+00	t	5	407
86	OS-1938	2022-03-06	Registro automático.	2025-09-05 09:46:35.053+00	t	40	407
35	OS-9550	2022-02-11	Registro automático.	2025-09-05 09:46:32.261+00	t	18	407
19	OS-3463	2022-01-02	Registro automático.	2025-09-05 09:46:30.979+00	t	9	407
18	OS-1434	2021-12-25	Registro automático.	2025-09-05 09:46:30.968+00	t	9	407
105	OS-5779	2021-11-02	Registro automático.	2025-09-05 09:46:36.251+00	t	50	407
15	OS-1559	2021-10-19	Registro automático.	2025-09-05 09:46:30.811+00	t	8	407
60	OS-9697	2021-10-15	Registro automático.	2025-09-05 09:46:33.646+00	t	28	407
62	OS-7623	2021-08-06	Registro automático.	2025-09-05 09:46:33.753+00	t	29	407
63	OS-9024	2021-06-16	Registro automático.	2025-09-05 09:46:33.763+00	t	29	407
51	OS-8843	2021-06-08	Registro automático.	2025-09-05 09:46:33.067+00	t	24	407
90	OS-4089	2021-06-06	Registro automático.	2025-09-05 09:46:35.359+00	t	42	407
102	OS-2940	2021-05-12	Registro automático.	2025-09-05 09:46:35.994+00	t	48	407
36	OS-6449	2021-04-04	Registro automático.	2025-09-05 09:46:32.271+00	t	18	407
28	OS-4196	2021-03-04	Registro automático.	2025-09-05 09:46:31.659+00	t	14	407
38	OS-8603	2021-02-05	Registro automático.	2025-09-05 09:46:32.362+00	t	19	407
32	OS-7522	2021-01-26	Registro automático.	2025-09-05 09:46:32.024+00	t	16	407
21	OS-8067	2021-01-10	Registro automático.	2025-09-05 09:46:31.098+00	t	10	407
44	OS-5704	2021-01-09	Registro automático.	2025-09-05 09:46:32.674+00	t	21	407
101	OS-7894	2020-12-25	Registro automático.	2025-09-05 09:46:35.875+00	t	47	407
30	OS-2924	2020-12-16	Registro automático.	2025-09-05 09:46:31.86+00	t	15	407
52	OS-3936	2020-12-05	Registro automático.	2025-09-05 09:46:33.079+00	t	24	407
23	OS-2752	2020-12-03	Registro automático.	2025-09-05 09:46:31.268+00	t	11	407
96	OS-8947	2020-11-19	Registro automático.	2025-09-05 09:46:35.463+00	t	44	407
39	OS-8457	2020-10-21	Registro automático.	2025-09-05 09:46:32.524+00	t	20	407
73	OS-3597	2020-10-12	Registro automático.	2025-09-05 09:46:34.343+00	t	33	407
61	OS-3439	2020-09-08	Registro automático.	2025-09-05 09:46:33.658+00	t	28	407
107	DEM/2019	2019-08-04	Outro evento de demonstração criado pelo script.	2025-10-05 15:33:34.914+00	t	54	408
106	DEM/2018	2018-03-12	Registro legado importado via script.	2025-10-05 15:33:34.873+00	t	54	408
108	0001/2025	2025-12-06		2025-12-06 22:22:14.032049+00	t	55	408
\.


--
-- Data for Name: alunos_tipocodigo; Type: TABLE DATA; Schema: public; Owner: omaum_user
--

COPY public.alunos_tipocodigo (id, nome, descricao, ativo) FROM stdin;
1	Administrativos	Códigos Administrativos	t
8	Demo Legado	Tipo criado para demonstrar migração JSON.	f
5	Instrutoria	Cargos de Instrutoria e assemelhados	t
6	Punições	Códigos de Punições	t
3	Ritos Maiores	Funções nos ritos de 1ª iniciação a 5a.  Iniciações	t
4	Ritos Menores	Funções nos diversos outros ritos	t
7	Tipo Teste	\N	f
2	Trabalho Curador	Código do Trabalho Curador	t
\.


--
-- Data for Name: atividades_atividade; Type: TABLE DATA; Schema: public; Owner: omaum_user
--

COPY public.atividades_atividade (id, nome, descricao, tipo_atividade, data_inicio, data_fim, hora_inicio, hora_fim, local, responsavel, status, ativo, convocacao, created_at, updated_at, curso_id) FROM stdin;
22	Atividade de Aula 22	\N	AULA	2025-09-01	\N	18:00:00	\N	\N	Monitor C	CONFIRMADA	t	f	2025-09-05 09:46:29.413+00	2025-09-05 12:37:45.594+00	8
19	Atividade de Workshop 19	\N	WORKSHOP	2025-08-31	\N	18:00:00	\N	\N	Professor B	PENDENTE	t	f	2025-09-05 09:46:29.349+00	2025-09-05 12:37:45.605+00	4
15	Atividade de Palestra 15	\N	PALESTRA	2025-08-16	\N	14:30:00	\N	\N	Professor A	CONFIRMADA	t	f	2025-09-05 09:46:29.264+00	2025-09-05 12:37:45.617+00	4
31	Atividade de Seminário 31	\N	SEMINÁRIO	2025-08-07	\N	20:00:00	\N	\N	Professor A	CONFIRMADA	t	f	2025-09-05 09:46:29.609+00	2025-09-05 12:37:45.63+00	6
36	Atividade de Seminário 36	\N	SEMINÁRIO	2025-08-06	\N	15:30:00	\N	\N	Convidado Especial	PENDENTE	t	f	2025-09-05 09:46:29.745+00	2025-09-05 12:37:45.662+00	8
16	Atividade de Workshop 16	\N	WORKSHOP	2025-07-29	\N	11:30:00	\N	\N	Professor A	CANCELADA	t	f	2025-09-05 09:46:29.284+00	2025-09-05 12:37:45.674+00	8
26	Atividade de Palestra 26	\N	PALESTRA	2025-06-27	\N	11:00:00	\N	\N	Professor B	CONFIRMADA	t	f	2025-09-05 09:46:29.503+00	2025-09-05 12:37:45.684+00	1
2	Atividade de Laboratório 2	\N	LABORATÓRIO	2025-06-27	\N	15:30:00	\N	\N	Professor B	CONFIRMADA	t	f	2025-09-05 09:46:28.991+00	2025-09-05 12:37:45.699+00	2
39	Atividade de Laboratório 39	\N	LABORATÓRIO	2025-06-20	\N	15:00:00	\N	\N	Professor A	CANCELADA	t	f	2025-09-05 09:46:29.819+00	2025-09-05 12:37:45.708+00	4
35	Atividade de Aula 35	\N	AULA	2025-06-17	\N	20:30:00	\N	\N	Monitor C	CANCELADA	t	f	2025-09-05 09:46:29.709+00	2025-09-05 12:37:45.719+00	6
14	Atividade de Laboratório 14	\N	LABORATÓRIO	2025-06-16	\N	11:00:00	\N	\N	Professor B	CONFIRMADA	t	f	2025-09-05 09:46:29.242+00	2025-09-05 12:37:45.729+00	2
29	Atividade de Workshop 29	\N	WORKSHOP	2025-06-15	\N	09:30:00	\N	\N	Monitor C	PENDENTE	t	f	2025-09-05 09:46:29.568+00	2025-09-05 12:37:45.738+00	3
30	Atividade de Laboratório 30	\N	LABORATÓRIO	2025-06-03	\N	16:00:00	\N	\N	Professor A	PENDENTE	t	f	2025-09-05 09:46:29.589+00	2025-09-05 12:37:45.748+00	1
4	Atividade de Palestra 4	\N	PALESTRA	2025-05-23	\N	09:00:00	\N	\N	Monitor C	CONFIRMADA	t	f	2025-09-05 09:46:29.032+00	2025-09-05 12:37:45.813+00	5
20	Atividade de Laboratório 20	\N	LABORATÓRIO	2025-05-23	\N	12:00:00	\N	\N	Professor B	CANCELADA	t	f	2025-09-05 09:46:29.372+00	2025-09-05 12:37:45.827+00	4
11	Atividade de Palestra 11	\N	PALESTRA	2025-05-07	\N	18:00:00	\N	\N	Professor A	CANCELADA	t	f	2025-09-05 09:46:29.178+00	2025-09-05 12:37:45.838+00	3
34	Atividade de Workshop 34	\N	WORKSHOP	2025-04-21	\N	09:30:00	\N	\N	Professor A	CONFIRMADA	t	f	2025-09-05 09:46:29.677+00	2025-09-05 12:37:45.848+00	5
24	Atividade de Laboratório 24	\N	LABORATÓRIO	2025-03-26	\N	14:00:00	\N	\N	Professor B	PENDENTE	t	f	2025-09-05 09:46:29.456+00	2025-09-05 12:37:45.864+00	7
25	Atividade de Palestra 25	\N	PALESTRA	2025-03-09	\N	14:30:00	\N	\N	Convidado Especial	CONFIRMADA	t	f	2025-09-05 09:46:29.478+00	2025-09-05 12:37:45.875+00	7
6	Atividade de Aula 6	\N	AULA	2025-03-08	\N	16:00:00	\N	\N	Convidado Especial	CANCELADA	t	f	2025-09-05 09:46:29.073+00	2025-09-05 12:37:45.885+00	4
40	Atividade de Laboratório 40	\N	LABORATÓRIO	2025-02-24	\N	20:30:00	\N	\N	Monitor C	CANCELADA	t	f	2025-09-05 09:46:29.844+00	2025-09-05 12:37:45.92+00	8
38	Atividade de Aula 38	\N	AULA	2025-02-16	\N	18:30:00	\N	\N	Professor B	PENDENTE	t	f	2025-09-05 09:46:29.795+00	2025-09-05 12:37:45.93+00	6
1	Atividade de Workshop 1	\N	WORKSHOP	2025-02-11	\N	16:00:00	\N	\N	Monitor C	CONFIRMADA	t	f	2025-09-05 09:46:28.968+00	2025-09-05 12:37:45.941+00	8
18	Atividade de Palestra 18	\N	PALESTRA	2025-02-10	\N	19:30:00	\N	\N	Professor A	CANCELADA	t	f	2025-09-05 09:46:29.327+00	2025-09-05 12:37:45.953+00	8
21	Atividade de Workshop 21	\N	WORKSHOP	2025-01-27	\N	15:30:00	\N	\N	Convidado Especial	CANCELADA	t	f	2025-09-05 09:46:29.392+00	2025-09-05 12:37:45.964+00	3
8	Atividade de Aula 8	\N	AULA	2025-01-26	\N	19:30:00	\N	\N	Professor A	PENDENTE	t	f	2025-09-05 09:46:29.114+00	2025-09-05 12:37:45.974+00	8
10	Atividade de Palestra 10	\N	PALESTRA	2025-01-13	\N	16:30:00	\N	\N	Convidado Especial	PENDENTE	t	f	2025-09-05 09:46:29.157+00	2025-09-05 12:37:45.989+00	7
12	Atividade de Seminário 12	\N	SEMINÁRIO	2025-01-13	\N	20:30:00	\N	\N	Professor A	CANCELADA	t	f	2025-09-05 09:46:29.198+00	2025-09-05 12:37:45.998+00	2
3	Atividade de Workshop 3	\N	WORKSHOP	2025-01-12	\N	09:00:00	\N	\N	Monitor C	PENDENTE	t	f	2025-09-05 09:46:29.011+00	2025-09-05 12:37:46.008+00	2
33	Atividade de Workshop 33	\N	WORKSHOP	2025-01-04	\N	09:00:00	\N	\N	Professor A	CONFIRMADA	t	f	2025-09-05 09:46:29.655+00	2025-09-05 12:37:46.018+00	2
9	Atividade de Workshop 9	\N	WORKSHOP	2025-01-04	\N	18:30:00	\N	\N	Convidado Especial	CONFIRMADA	t	f	2025-09-05 09:46:29.135+00	2025-09-05 12:37:46.034+00	1
32	Atividade de Aula 32	\N	AULA	2024-12-10	\N	11:30:00	\N	\N	Professor A	CONFIRMADA	t	f	2025-09-05 09:46:29.63+00	2025-09-05 12:37:46.044+00	6
17	Atividade de Palestra 17	\N	PALESTRA	2024-12-04	\N	13:30:00	\N	\N	Professor B	CONFIRMADA	t	f	2025-09-05 09:46:29.306+00	2025-09-05 12:37:46.054+00	3
23	Atividade de Workshop 23	\N	WORKSHOP	2024-12-02	\N	09:30:00	\N	\N	Professor A	PENDENTE	t	f	2025-09-05 09:46:29.434+00	2025-09-05 12:37:46.064+00	2
27	Atividade de Laboratório 27	\N	LABORATÓRIO	2024-11-29	\N	14:00:00	\N	\N	Professor B	PENDENTE	t	f	2025-09-05 09:46:29.524+00	2025-09-05 12:37:46.076+00	3
5	Atividade de Palestra 5	\N	PALESTRA	2024-11-18	\N	15:00:00	\N	\N	Professor B	PENDENTE	t	f	2025-09-05 09:46:29.054+00	2025-09-05 12:37:46.086+00	5
13	Atividade de Palestra 13	\N	PALESTRA	2024-10-25	\N	11:00:00	\N	\N	Professor A	CANCELADA	t	f	2025-09-05 09:46:29.22+00	2025-09-05 12:37:46.115+00	4
37	Atividade de Seminário 37	\N	SEMINÁRIO	2024-09-30	\N	14:00:00	\N	\N	Professor A	CONFIRMADA	t	f	2025-09-05 09:46:29.773+00	2025-09-05 12:37:46.128+00	5
28	Atividade de Laboratório 28	\N	LABORATÓRIO	2024-09-23	\N	19:30:00	\N	\N	Monitor C	CANCELADA	t	f	2025-09-05 09:46:29.545+00	2025-09-05 12:37:46.137+00	1
7	Atividade de Aula 7	\N	AULA	2024-09-11	\N	17:00:00	\N	\N	Convidado Especial	CANCELADA	t	f	2025-09-05 09:46:29.094+00	2025-09-05 12:37:46.147+00	1
\.


--
-- Data for Name: atividades_atividade_turmas; Type: TABLE DATA; Schema: public; Owner: omaum_user
--

COPY public.atividades_atividade_turmas (id, atividade_id, turma_id) FROM stdin;
1	22	21
2	19	28
3	19	22
4	15	19
5	15	21
6	15	28
7	15	29
8	15	30
9	31	24
10	31	6
11	36	17
12	36	13
13	36	4
14	36	12
15	16	14
16	26	16
17	26	26
18	26	29
19	2	19
20	2	11
21	2	29
22	39	30
23	35	17
24	35	10
25	35	19
26	35	6
27	14	9
28	14	20
29	14	14
30	29	23
31	29	14
32	29	7
33	30	16
34	30	30
35	4	8
36	4	2
37	4	4
38	4	23
39	20	25
40	20	22
41	11	26
42	11	27
43	34	2
44	34	12
45	34	16
46	34	25
47	34	27
48	24	17
49	25	17
50	25	28
51	6	10
52	6	15
53	40	27
54	40	21
55	40	23
56	38	6
57	38	22
58	1	4
59	1	14
60	1	15
61	1	17
62	1	27
63	18	4
64	18	7
65	21	25
66	21	20
67	21	22
68	21	7
69	8	14
70	10	17
71	12	16
72	12	9
73	12	27
74	12	17
75	3	3
76	33	3
77	9	1
78	9	7
79	9	8
80	9	15
81	9	23
82	32	17
83	32	18
84	32	6
85	17	26
86	23	27
87	23	12
88	23	23
89	27	17
90	27	10
91	27	15
92	27	7
93	5	2
94	5	6
95	5	11
96	5	13
97	5	24
98	13	21
99	13	15
100	37	2
101	37	5
102	37	6
103	37	23
104	28	1
105	28	2
106	28	12
107	28	17
108	28	24
109	7	5
110	7	10
111	7	17
112	7	20
113	7	27
\.


--
-- Data for Name: atividades_presenca; Type: TABLE DATA; Schema: public; Owner: omaum_user
--

COPY public.atividades_presenca (id, data, presente, registrado_por, data_registro, aluno_id, atividade_id, turma_id) FROM stdin;
\.


--
-- Data for Name: auth_group; Type: TABLE DATA; Schema: public; Owner: omaum_user
--

COPY public.auth_group (id, name) FROM stdin;
\.


--
-- Data for Name: auth_group_permissions; Type: TABLE DATA; Schema: public; Owner: omaum_user
--

COPY public.auth_group_permissions (id, group_id, permission_id) FROM stdin;
\.


--
-- Data for Name: auth_permission; Type: TABLE DATA; Schema: public; Owner: omaum_user
--

COPY public.auth_permission (id, name, content_type_id, codename) FROM stdin;
1	Can add log entry	1	add_logentry
2	Can change log entry	1	change_logentry
3	Can delete log entry	1	delete_logentry
4	Can view log entry	1	view_logentry
5	Can add permission	2	add_permission
6	Can change permission	2	change_permission
7	Can delete permission	2	delete_permission
8	Can view permission	2	view_permission
9	Can add group	3	add_group
10	Can change group	3	change_group
11	Can delete group	3	delete_group
12	Can view group	3	view_group
13	Can add user	4	add_user
14	Can change user	4	change_user
15	Can delete user	4	delete_user
16	Can view user	4	view_user
17	Can add content type	5	add_contenttype
18	Can change content type	5	change_contenttype
19	Can delete content type	5	delete_contenttype
20	Can view content type	5	view_contenttype
21	Can add session	6	add_session
22	Can change session	6	change_session
23	Can delete session	6	delete_session
24	Can view session	6	view_session
25	Can add Configuração do Sistema	7	add_configuracaosistema
26	Can change Configuração do Sistema	7	change_configuracaosistema
27	Can delete Configuração do Sistema	7	delete_configuracaosistema
28	Can view Configuração do Sistema	7	view_configuracaosistema
29	Can add Log de Atividade	8	add_logatividade
30	Can change Log de Atividade	8	change_logatividade
31	Can delete Log de Atividade	8	delete_logatividade
32	Can view Log de Atividade	8	view_logatividade
33	Can add Cidade	9	add_cidade
34	Can change Cidade	9	change_cidade
35	Can delete Cidade	9	delete_cidade
36	Can view Cidade	9	view_cidade
37	Can add Código	10	add_codigo
38	Can change Código	10	change_codigo
39	Can delete Código	10	delete_codigo
40	Can view Código	10	view_codigo
41	Can add Tipo de Código	11	add_tipocodigo
42	Can change Tipo de Código	11	change_tipocodigo
43	Can delete Tipo de Código	11	delete_tipocodigo
44	Can view Tipo de Código	11	view_tipocodigo
45	Can add Bairro	12	add_bairro
46	Can change Bairro	12	change_bairro
47	Can delete Bairro	12	delete_bairro
48	Can view Bairro	12	view_bairro
49	Can add Estado	13	add_estado
50	Can change Estado	13	change_estado
51	Can delete Estado	13	delete_estado
52	Can view Estado	13	view_estado
53	Can add País	14	add_pais
54	Can change País	14	change_pais
55	Can delete País	14	delete_pais
56	Can view País	14	view_pais
57	Can add Aluno	15	add_aluno
58	Can change Aluno	15	change_aluno
59	Can delete Aluno	15	delete_aluno
60	Can view Aluno	15	view_aluno
61	Can add Registro Histórico	16	add_registrohistorico
62	Can change Registro Histórico	16	change_registrohistorico
63	Can delete Registro Histórico	16	delete_registrohistorico
64	Can view Registro Histórico	16	view_registrohistorico
65	Can add Atividade	17	add_atividade
66	Can change Atividade	17	change_atividade
67	Can delete Atividade	17	delete_atividade
68	Can view Atividade	17	view_atividade
69	Can add Presença	18	add_presenca
70	Can change Presença	18	change_presenca
71	Can delete Presença	18	delete_presenca
72	Can view Presença	18	view_presenca
73	Can add Curso	19	add_curso
74	Can change Curso	19	change_curso
75	Can delete Curso	19	delete_curso
76	Can view Curso	19	view_curso
77	Can add Frequência Mensal	20	add_frequenciamensal
78	Can change Frequência Mensal	20	change_frequenciamensal
79	Can delete Frequência Mensal	20	delete_frequenciamensal
80	Can view Frequência Mensal	20	view_frequenciamensal
81	Can add Carência	21	add_carencia
82	Can change Carência	21	change_carencia
83	Can delete Carência	21	delete_carencia
84	Can view Carência	21	view_carencia
85	Can add Matrícula	22	add_matricula
86	Can change Matrícula	22	change_matricula
87	Can delete Matrícula	22	delete_matricula
88	Can view Matrícula	22	view_matricula
89	Can add Nota	23	add_nota
90	Can change Nota	23	change_nota
91	Can delete Nota	23	delete_nota
92	Can view Nota	23	view_nota
93	Can add Pagamento	24	add_pagamento
94	Can change Pagamento	24	change_pagamento
95	Can delete Pagamento	24	delete_pagamento
96	Can view Pagamento	24	view_pagamento
97	Can add Registro de Presença	25	add_registropresenca
98	Can change Registro de Presença	25	change_registropresenca
99	Can delete Registro de Presença	25	delete_registropresenca
100	Can view Registro de Presença	25	view_registropresenca
101	Can add Configuração de Presença (legado)	26	add_configuracaopresenca
102	Can change Configuração de Presença (legado)	26	change_configuracaopresenca
103	Can delete Configuração de Presença (legado)	26	delete_configuracaopresenca
104	Can view Configuração de Presença (legado)	26	view_configuracaopresenca
105	Can add Presença Detalhada (legado)	27	add_presencadetalhada
106	Can change Presença Detalhada (legado)	27	change_presencadetalhada
107	Can delete Presença Detalhada (legado)	27	delete_presencadetalhada
108	Can view Presença Detalhada (legado)	27	view_presencadetalhada
109	Can add Turma	28	add_turma
110	Can change Turma	28	change_turma
111	Can delete Turma	28	delete_turma
112	Can view Turma	28	view_turma
\.


--
-- Data for Name: auth_user; Type: TABLE DATA; Schema: public; Owner: omaum_user
--

COPY public.auth_user (id, password, last_login, is_superuser, username, first_name, last_name, email, is_staff, is_active, date_joined) FROM stdin;
2	pbkdf2_sha256$1000000$72rPM39JA7iit4a5ioJbUR$Al+anNXFEDENEmO3gGY5ue1xWUN6X4C2cysz50FuqPM=	2025-11-04 19:30:41.933+00	t	lcsilv3			lcsilv3@gmail.com	t	t	2025-09-05 12:36:46.374+00
5	pbkdf2_sha256$1000000$vT6NlGlV9yBBJQEyFeVG4o$Mcu/pMdzX6OetrNWy/q+4eyB9ZfHqmVYOmvzu7Q1bJs=	2025-11-10 00:26:51.422+00	t	test_sync			sync@example.com	t	t	2025-11-10 00:26:37.034+00
1	pbkdf2_sha256$1000000$3HsDDM8G4uw8Ws9uHVBnrC$Wh0PjYoRAHRCLO2S9uJeJIOIVwZdAMsqnw7EBlIH5PY=	2025-10-27 12:47:28.426+00	t	admin				t	t	2025-09-05 09:47:35.765+00
6	pbkdf2_sha256$1000000$WknBELuojYDt8HCIjrFQGM$NGLt3SW7u9dX9/JXAMga27OfZHzh3ANo3qBJjRljx/8=	2025-12-07 15:09:11.88155+00	t	desenv				t	t	2025-12-06 01:12:15.141092+00
\.


--
-- Data for Name: auth_user_groups; Type: TABLE DATA; Schema: public; Owner: omaum_user
--

COPY public.auth_user_groups (id, user_id, group_id) FROM stdin;
\.


--
-- Data for Name: auth_user_user_permissions; Type: TABLE DATA; Schema: public; Owner: omaum_user
--

COPY public.auth_user_user_permissions (id, user_id, permission_id) FROM stdin;
\.


--
-- Data for Name: core_configuracaosistema; Type: TABLE DATA; Schema: public; Owner: omaum_user
--

COPY public.core_configuracaosistema (id, nome_sistema, versao, data_atualizacao, manutencao_ativa, mensagem_manutencao) FROM stdin;
\.


--
-- Data for Name: core_logatividade; Type: TABLE DATA; Schema: public; Owner: omaum_user
--

COPY public.core_logatividade (id, usuario, acao, tipo, data, detalhes) FROM stdin;
1	Anônimo	Tentativa de login inválida	AVISO	2025-12-06 01:09:25.873753+00	\N
2	Anônimo	Tentativa de login inválida	AVISO	2025-12-06 01:09:29.789044+00	\N
3	desenv	Login realizado com sucesso	INFO	2025-12-06 01:13:01.442641+00	\N
4	desenv	Login realizado com sucesso	INFO	2025-12-07 14:55:07.927287+00	\N
5	desenv	Login realizado com sucesso	INFO	2025-12-07 15:09:11.884781+00	\N
\.


--
-- Data for Name: cursos_curso; Type: TABLE DATA; Schema: public; Owner: omaum_user
--

COPY public.cursos_curso (id, nome, descricao, ativo) FROM stdin;
1	Pré-Iniciático	Pré-Iniciático	t
2	1º Grau	1º Grau	t
3	2º Grau	2º Grau	t
4	3º Grau	3º Grau	t
5	4º Grau	4º Grau	t
6	5º Grau	5º Grau	t
7	Coleginho	Coleginho	t
8	Colégio Sacerdotal	Colégio Sacerdotal	t
9	Curso Sem Turma		t
10	Curso Basico	Introducao ao caminho	t
11	Curso Avancado	Modulo aprofundado	t
12	Curso Descontinuado	Material legado	f
\.


--
-- Data for Name: django_admin_log; Type: TABLE DATA; Schema: public; Owner: omaum_user
--

COPY public.django_admin_log (id, action_time, object_id, object_repr, action_flag, change_message, content_type_id, user_id) FROM stdin;
\.


--
-- Data for Name: django_content_type; Type: TABLE DATA; Schema: public; Owner: omaum_user
--

COPY public.django_content_type (id, app_label, model) FROM stdin;
1	admin	logentry
2	auth	permission
3	auth	group
4	auth	user
5	contenttypes	contenttype
6	sessions	session
7	core	configuracaosistema
8	core	logatividade
9	alunos	cidade
10	alunos	codigo
11	alunos	tipocodigo
12	alunos	bairro
13	alunos	estado
14	alunos	pais
15	alunos	aluno
16	alunos	registrohistorico
17	atividades	atividade
18	atividades	presenca
19	cursos	curso
20	frequencias	frequenciamensal
21	frequencias	carencia
22	matriculas	matricula
23	notas	nota
24	pagamentos	pagamento
25	presencas	registropresenca
26	presencas	configuracaopresenca
27	presencas	presencadetalhada
28	turmas	turma
\.


--
-- Data for Name: django_migrations; Type: TABLE DATA; Schema: public; Owner: omaum_user
--

COPY public.django_migrations (id, app, name, applied) FROM stdin;
1	contenttypes	0001_initial	2025-12-06 01:05:16.634675+00
2	auth	0001_initial	2025-12-06 01:05:16.753686+00
3	admin	0001_initial	2025-12-06 01:05:16.783053+00
4	admin	0002_logentry_remove_auto_add	2025-12-06 01:05:16.790553+00
5	admin	0003_logentry_add_action_flag_choices	2025-12-06 01:05:16.802477+00
6	alunos	0001_initial	2025-12-06 01:05:17.264466+00
7	alunos	0002_alter_aluno_celular_primeiro_contato_and_more	2025-12-06 01:05:17.391595+00
8	alunos	0003_auto_20250913_1255	2025-12-06 01:05:17.410496+00
9	alunos	0004_alter_aluno_numero_iniciatico	2025-12-06 01:05:17.433379+00
10	alunos	0005_remove_registrohistorico_nome_iniciatico_and_more	2025-12-06 01:05:17.449785+00
11	alunos	0006_codigo_ativo_tipocodigo_ativo_and_more	2025-12-06 01:05:17.492029+00
12	alunos	0007_altera_max_length_cpf_aceita_mascara	2025-12-06 01:05:17.713678+00
13	alunos	0008_ajusta_max_length_cep_celulares_mascara	2025-12-06 01:05:17.72735+00
14	alunos	0009_alter_aluno_celular_primeiro_contato_and_more	2025-12-06 01:05:17.742726+00
15	cursos	0001_initial	2025-12-06 01:05:17.759411+00
16	turmas	0001_initial	2025-12-06 01:05:17.811553+00
17	atividades	0001_initial	2025-12-06 01:05:17.903994+00
18	contenttypes	0002_remove_content_type_name	2025-12-06 01:05:17.926531+00
19	auth	0002_alter_permission_name_max_length	2025-12-06 01:05:17.935312+00
20	auth	0003_alter_user_email_max_length	2025-12-06 01:05:17.942921+00
21	auth	0004_alter_user_username_opts	2025-12-06 01:05:17.95171+00
22	auth	0005_alter_user_last_login_null	2025-12-06 01:05:17.96403+00
23	auth	0006_require_contenttypes_0002	2025-12-06 01:05:17.967048+00
24	auth	0007_alter_validators_add_error_messages	2025-12-06 01:05:17.976147+00
25	auth	0008_alter_user_username_max_length	2025-12-06 01:05:17.990965+00
26	auth	0009_alter_user_last_name_max_length	2025-12-06 01:05:18.002539+00
27	auth	0010_alter_group_name_max_length	2025-12-06 01:05:18.012598+00
28	auth	0011_update_proxy_permissions	2025-12-06 01:05:18.029223+00
29	auth	0012_alter_user_first_name_max_length	2025-12-06 01:05:18.039965+00
30	core	0001_initial	2025-12-06 01:05:18.070399+00
31	frequencias	0001_initial	2025-12-06 01:05:18.14975+00
32	matriculas	0001_initial	2025-12-06 01:05:18.189418+00
33	notas	0001_initial	2025-12-06 01:05:18.241173+00
34	pagamentos	0001_initial	2025-12-06 01:05:18.280217+00
35	turmas	0002_remove_turma_perc_carencia_and_more	2025-12-06 01:05:18.312815+00
36	presencas	0001_initial	2025-12-06 01:05:18.742178+00
37	presencas	0002_alter_configuracaopresenca_unique_together_and_more	2025-12-06 01:05:19.498399+00
38	presencas	0003_create_presencadetalhada_view	2025-12-06 01:05:19.516486+00
39	presencas	0004_configuracaopresenca_presencadetalhada	2025-12-06 01:05:19.522599+00
40	relatorios_presenca	0001_initial	2025-12-06 01:05:19.545458+00
41	sessions	0001_initial	2025-12-06 01:05:19.574991+00
42	turmas	0003_turma_data_fim_turma_data_inicio	2025-12-06 01:05:19.603443+00
43	turmas	0004_remove_turma_data_fim_remove_turma_data_inicio	2025-12-06 01:05:19.635813+00
44	alunos	0010_aluno_telefone_celular	2025-12-07 17:06:55.283582+00
\.


--
-- Data for Name: django_session; Type: TABLE DATA; Schema: public; Owner: omaum_user
--

COPY public.django_session (session_key, session_data, expire_date) FROM stdin;
rp3l507mhmaa5fxeivimxpnfn1mvx8sm	.eJxVjEEOwiAQRe_C2hAGKAWX7j1DMzCDVA0kpV0Z765NutDtf-_9l5hwW8u0dV6mmcRZOHH63SKmB9cd0B3rrcnU6rrMUe6KPGiX10b8vBzu30HBXr61MtY7BtAJXLQjZB6cIT0o9nlkyDQobW0AkzGH6AOTApUATaIIGp14fwDHGTeQ:1vRgr7:6QuC6W8XCaTWuw4qa_OEhaZRJStDkDYJfPH1WDMQ9jw	2025-12-20 01:13:01.445637+00
n01a2xfwxgaxat5knuvimbz4qzcsibu2	.eJxVjEEOwiAQRe_C2hAGKAWX7j1DMzCDVA0kpV0Z765NutDtf-_9l5hwW8u0dV6mmcRZOHH63SKmB9cd0B3rrcnU6rrMUe6KPGiX10b8vBzu30HBXr61MtY7BtAJXLQjZB6cIT0o9nlkyDQobW0AkzGH6AOTApUATaIIGp14fwDHGTeQ:1vSGAF:xIUVjHSTbaFNOy3Qh0fXLnFKvL9aTlz4eBzP8Tex4Sk	2025-12-21 14:55:07.934306+00
qyf4bygpbm4vksulzeyn0d5kab1cmufs	.eJxVjEEOwiAQRe_C2hAGKAWX7j1DMzCDVA0kpV0Z765NutDtf-_9l5hwW8u0dV6mmcRZOHH63SKmB9cd0B3rrcnU6rrMUe6KPGiX10b8vBzu30HBXr61MtY7BtAJXLQjZB6cIT0o9nlkyDQobW0AkzGH6AOTApUATaIIGp14fwDHGTeQ:1vSGNr:_q1Ct9-QGJwFN9LGJVfqGMJUC3A-skII91xOCv1fEd8	2025-12-21 15:09:11.889686+00
\.


--
-- Data for Name: frequencias_carencia; Type: TABLE DATA; Schema: public; Owner: omaum_user
--

COPY public.frequencias_carencia (id, total_presencas, total_atividades, percentual_presenca, numero_carencias, liberado, status, observacoes, created_at, updated_at, aluno_id, frequencia_mensal_id) FROM stdin;
\.


--
-- Data for Name: frequencias_frequenciamensal; Type: TABLE DATA; Schema: public; Owner: omaum_user
--

COPY public.frequencias_frequenciamensal (id, mes, ano, percentual_minimo, created_at, updated_at, turma_id) FROM stdin;
\.


--
-- Data for Name: matriculas_matricula; Type: TABLE DATA; Schema: public; Owner: omaum_user
--

COPY public.matriculas_matricula (id, data_matricula, ativa, status, aluno_id, turma_id) FROM stdin;
68	2025-09-05	t	A	53	1
12	2025-08-31	t	A	9	5
56	2025-08-25	t	A	41	5
3	2025-08-13	t	A	4	6
49	2025-08-03	t	A	35	23
60	2025-08-02	t	A	45	10
6	2025-07-29	t	A	6	13
26	2025-07-22	t	A	17	9
37	2025-07-22	t	A	25	16
17	2025-07-19	t	A	12	2
55	2025-07-08	t	A	40	2
32	2025-06-30	t	A	21	1
39	2025-06-27	t	A	26	6
7	2025-06-12	t	A	6	17
48	2025-06-09	t	A	33	26
13	2025-06-07	t	A	10	14
45	2025-06-03	t	A	31	21
52	2025-06-03	t	A	38	11
20	2025-05-28	t	A	14	17
65	2025-05-24	t	A	49	20
21	2025-05-17	t	A	14	7
43	2025-05-15	t	A	30	3
57	2025-05-15	t	A	41	20
50	2025-05-10	t	A	36	14
64	2025-04-30	t	A	48	30
31	2025-04-29	t	A	21	11
11	2025-04-27	t	A	8	24
46	2025-04-20	t	A	32	17
2	2025-04-14	t	A	4	27
41	2025-04-08	t	A	28	10
38	2025-04-01	t	A	25	5
42	2025-03-18	t	A	30	25
63	2025-03-11	t	A	47	18
44	2025-03-10	t	A	31	18
34	2025-03-08	t	A	23	11
62	2025-03-03	t	A	46	23
22	2025-02-24	t	A	15	8
19	2025-02-23	t	A	13	28
15	2025-02-22	t	A	11	15
8	2025-02-04	t	A	7	8
4	2025-01-24	t	A	5	11
35	2025-01-19	t	A	23	17
53	2025-01-10	t	A	39	16
58	2025-01-10	t	A	44	22
30	2025-01-07	t	A	20	11
67	2025-01-04	t	A	50	26
1	2025-01-02	t	A	1	17
23	2025-01-01	t	A	15	30
14	2024-12-19	t	A	10	23
18	2024-12-19	t	A	13	11
40	2024-12-17	t	A	26	3
27	2024-12-09	t	A	18	13
29	2024-12-02	t	A	19	22
24	2024-11-29	t	A	16	18
33	2024-11-29	t	A	22	11
61	2024-11-24	t	A	45	9
66	2024-11-24	t	A	49	21
54	2024-11-22	t	A	39	14
5	2024-11-21	t	A	5	26
25	2024-11-07	t	A	17	19
36	2024-11-06	t	A	24	9
9	2024-11-03	t	A	7	12
51	2024-10-18	t	A	37	7
28	2024-10-12	t	A	19	19
10	2024-10-07	t	A	8	9
47	2024-09-19	t	A	33	17
59	2024-09-16	t	A	44	19
16	2024-09-10	t	A	12	15
\.


--
-- Data for Name: notas_nota; Type: TABLE DATA; Schema: public; Owner: omaum_user
--

COPY public.notas_nota (id, tipo_avaliacao, valor, peso, data, observacao, created_at, updated_at, aluno_id, curso_id, turma_id) FROM stdin;
54	atividade	8.92	1.0	2025-09-01	\N	2025-09-05 09:46:32.464+00	2025-09-05 09:46:32.465+00	19	4	19
108	prova	9.24	1.0	2025-08-21	\N	2025-09-05 09:46:35.115+00	2025-09-05 09:46:35.115+00	40	5	2
41	trabalho	7.37	1.0	2025-08-19	\N	2025-09-05 09:46:31.958+00	2025-09-05 09:46:31.958+00	15	3	8
65	atividade	8.62	1.0	2025-08-15	\N	2025-09-05 09:46:32.877+00	2025-09-05 09:46:32.877+00	22	2	11
97	trabalho	7.19	1.0	2025-08-15	\N	2025-09-05 09:46:34.6+00	2025-09-05 09:46:34.6+00	35	7	23
11	prova	6.24	1.0	2025-08-14	\N	2025-09-05 09:46:30.419+00	2025-09-05 09:46:30.419+00	5	3	26
63	prova	8.50	1.0	2025-08-11	\N	2025-09-05 09:46:32.778+00	2025-09-05 09:46:32.778+00	21	1	1
31	trabalho	8.39	1.0	2025-08-10	\N	2025-09-05 09:46:31.444+00	2025-09-05 09:46:31.445+00	12	4	15
52	atividade	8.00	1.0	2025-08-07	\N	2025-09-05 09:46:32.34+00	2025-09-05 09:46:32.34+00	18	7	13
119	atividade	8.62	1.0	2025-08-07	\N	2025-09-05 09:46:35.715+00	2025-09-05 09:46:35.715+00	45	4	10
18	atividade	7.51	1.0	2025-08-02	\N	2025-09-05 09:46:30.787+00	2025-09-05 09:46:30.787+00	7	2	12
2	prova	7.46	1.0	2025-07-30	\N	2025-09-05 09:46:29.996+00	2025-09-05 09:46:29.996+00	1	7	17
47	atividade	9.97	1.0	2025-07-30	\N	2025-09-05 09:46:32.201+00	2025-09-05 09:46:32.201+00	17	4	19
128	trabalho	8.53	1.0	2025-07-30	\N	2025-09-05 09:46:36.217+00	2025-09-05 09:46:36.217+00	49	8	21
62	trabalho	5.37	1.0	2025-07-28	\N	2025-09-05 09:46:32.767+00	2025-09-05 09:46:32.767+00	21	2	11
45	atividade	6.90	1.0	2025-07-26	\N	2025-09-05 09:46:32.002+00	2025-09-05 09:46:32.002+00	15	4	30
123	trabalho	5.16	1.0	2025-07-24	\N	2025-09-05 09:46:35.942+00	2025-09-05 09:46:35.942+00	47	8	18
101	atividade	5.89	1.0	2025-07-24	\N	2025-09-05 09:46:34.783+00	2025-09-05 09:46:34.783+00	37	3	7
99	prova	6.58	1.0	2025-07-22	\N	2025-09-05 09:46:34.695+00	2025-09-05 09:46:34.695+00	36	8	14
39	atividade	8.06	1.0	2025-07-21	\N	2025-09-05 09:46:31.815+00	2025-09-05 09:46:31.815+00	14	3	7
80	atividade	8.98	1.0	2025-07-21	\N	2025-09-05 09:46:33.539+00	2025-09-05 09:46:33.539+00	26	2	3
120	trabalho	7.33	1.0	2025-07-20	\N	2025-09-05 09:46:35.725+00	2025-09-05 09:46:35.725+00	45	4	10
56	trabalho	8.83	1.0	2025-07-17	\N	2025-09-05 09:46:32.483+00	2025-09-05 09:46:32.483+00	19	4	22
3	trabalho	9.90	1.0	2025-07-17	\N	2025-09-05 09:46:30.208+00	2025-09-05 09:46:30.208+00	4	3	27
92	atividade	9.33	1.0	2025-07-12	\N	2025-09-05 09:46:34.299+00	2025-09-05 09:46:34.299+00	32	7	17
40	prova	7.71	1.0	2025-07-07	\N	2025-09-05 09:46:31.825+00	2025-09-05 09:46:31.825+00	14	3	7
76	atividade	6.78	1.0	2025-07-07	\N	2025-09-05 09:46:33.35+00	2025-09-05 09:46:33.35+00	25	1	5
22	trabalho	8.57	1.0	2025-07-04	\N	2025-09-05 09:46:31.042+00	2025-09-05 09:46:31.042+00	9	1	5
103	trabalho	8.12	1.0	2025-07-02	\N	2025-09-05 09:46:34.867+00	2025-09-05 09:46:34.867+00	38	2	11
32	prova	9.63	1.0	2025-07-01	\N	2025-09-05 09:46:31.455+00	2025-09-05 09:46:31.455+00	12	5	2
88	trabalho	5.11	1.0	2025-07-01	\N	2025-09-05 09:46:34.061+00	2025-09-05 09:46:34.061+00	30	2	3
43	atividade	6.36	1.0	2025-06-29	\N	2025-09-05 09:46:31.981+00	2025-09-05 09:46:31.981+00	15	4	30
125	atividade	7.07	1.0	2025-06-28	\N	2025-09-05 09:46:35.964+00	2025-09-05 09:46:35.964+00	47	8	18
87	prova	7.81	1.0	2025-06-24	\N	2025-09-05 09:46:33.985+00	2025-09-05 09:46:33.985+00	30	2	3
24	atividade	8.41	1.0	2025-06-22	\N	2025-09-05 09:46:31.063+00	2025-09-05 09:46:31.063+00	9	1	5
117	trabalho	5.85	1.0	2025-06-21	\N	2025-09-05 09:46:35.583+00	2025-09-05 09:46:35.583+00	44	4	19
49	atividade	7.99	1.0	2025-06-15	\N	2025-09-05 09:46:32.221+00	2025-09-05 09:46:32.221+00	17	4	19
53	trabalho	7.92	1.0	2025-06-06	\N	2025-09-05 09:46:32.456+00	2025-09-05 09:46:32.456+00	19	4	19
113	trabalho	5.62	1.0	2025-06-06	\N	2025-09-05 09:46:35.326+00	2025-09-05 09:46:35.326+00	41	3	20
25	trabalho	9.56	1.0	2025-06-04	\N	2025-09-05 09:46:31.199+00	2025-09-05 09:46:31.199+00	10	8	14
14	atividade	6.00	1.0	2025-05-26	\N	2025-09-05 09:46:30.616+00	2025-09-05 09:46:30.616+00	6	7	17
121	atividade	7.48	1.0	2025-05-17	\N	2025-09-05 09:46:35.734+00	2025-09-05 09:46:35.734+00	45	2	9
112	atividade	5.28	1.0	2025-05-17	\N	2025-09-05 09:46:35.316+00	2025-09-05 09:46:35.316+00	41	1	5
7	trabalho	8.83	1.0	2025-05-15	\N	2025-09-05 09:46:30.251+00	2025-09-05 09:46:30.251+00	4	6	6
91	prova	5.67	1.0	2025-05-08	\N	2025-09-05 09:46:34.198+00	2025-09-05 09:46:34.198+00	31	8	21
86	trabalho	7.14	1.0	2025-05-03	\N	2025-09-05 09:46:33.941+00	2025-09-05 09:46:33.941+00	30	7	25
73	prova	6.01	1.0	2025-05-02	\N	2025-09-05 09:46:33.31+00	2025-09-05 09:46:33.311+00	25	1	16
8	prova	6.48	1.0	2025-05-01	\N	2025-09-05 09:46:30.392+00	2025-09-05 09:46:30.392+00	5	2	11
74	atividade	8.74	1.0	2025-04-29	\N	2025-09-05 09:46:33.323+00	2025-09-05 09:46:33.323+00	25	1	5
42	atividade	9.44	1.0	2025-04-29	\N	2025-09-05 09:46:31.967+00	2025-09-05 09:46:31.967+00	15	3	8
38	trabalho	5.81	1.0	2025-04-28	\N	2025-09-05 09:46:31.806+00	2025-09-05 09:46:31.806+00	14	7	17
66	atividade	8.72	1.0	2025-04-16	\N	2025-09-05 09:46:33.007+00	2025-09-05 09:46:33.007+00	23	2	11
75	prova	8.49	1.0	2025-04-15	\N	2025-09-05 09:46:33.333+00	2025-09-05 09:46:33.333+00	25	1	5
109	trabalho	9.00	1.0	2025-04-10	\N	2025-09-05 09:46:35.126+00	2025-09-05 09:46:35.126+00	40	5	2
69	prova	5.12	1.0	2025-04-08	\N	2025-09-05 09:46:33.035+00	2025-09-05 09:46:33.035+00	23	7	17
27	atividade	6.31	1.0	2025-04-06	\N	2025-09-05 09:46:31.221+00	2025-09-05 09:46:31.221+00	10	8	14
23	prova	5.73	1.0	2025-04-05	\N	2025-09-05 09:46:31.054+00	2025-09-05 09:46:31.054+00	9	1	5
115	atividade	9.14	1.0	2025-03-26	\N	2025-09-05 09:46:35.563+00	2025-09-05 09:46:35.563+00	44	4	22
93	atividade	5.42	1.0	2025-03-25	\N	2025-09-05 09:46:34.308+00	2025-09-05 09:46:34.308+00	32	7	17
15	prova	6.64	1.0	2025-03-24	\N	2025-09-05 09:46:30.756+00	2025-09-05 09:46:30.756+00	7	3	8
124	trabalho	6.04	1.0	2025-03-21	\N	2025-09-05 09:46:35.951+00	2025-09-05 09:46:35.951+00	47	8	18
35	atividade	6.13	1.0	2025-03-19	\N	2025-09-05 09:46:31.615+00	2025-09-05 09:46:31.615+00	13	2	11
34	prova	8.37	1.0	2025-03-19	\N	2025-09-05 09:46:31.474+00	2025-09-05 09:46:31.474+00	12	5	2
17	atividade	7.45	1.0	2025-03-19	\N	2025-09-05 09:46:30.776+00	2025-09-05 09:46:30.776+00	7	2	12
98	atividade	8.07	1.0	2025-03-18	\N	2025-09-05 09:46:34.611+00	2025-09-05 09:46:34.611+00	35	7	23
9	trabalho	8.32	1.0	2025-03-18	\N	2025-09-05 09:46:30.401+00	2025-09-05 09:46:30.401+00	5	2	11
127	atividade	9.49	1.0	2025-03-06	\N	2025-09-05 09:46:36.206+00	2025-09-05 09:46:36.206+00	49	3	20
78	atividade	6.86	1.0	2025-03-05	\N	2025-09-05 09:46:33.516+00	2025-09-05 09:46:33.516+00	26	6	6
20	trabalho	6.35	1.0	2025-02-25	\N	2025-09-05 09:46:30.934+00	2025-09-05 09:46:30.934+00	8	2	9
96	prova	7.50	1.0	2025-02-22	\N	2025-09-05 09:46:34.439+00	2025-09-05 09:46:34.439+00	33	3	26
72	atividade	5.90	1.0	2025-02-21	\N	2025-09-05 09:46:33.298+00	2025-09-05 09:46:33.298+00	25	1	16
95	trabalho	6.97	1.0	2025-02-20	\N	2025-09-05 09:46:34.43+00	2025-09-05 09:46:34.43+00	33	7	17
4	atividade	9.20	1.0	2025-02-19	\N	2025-09-05 09:46:30.218+00	2025-09-05 09:46:30.218+00	4	3	27
114	trabalho	5.54	1.0	2025-02-18	\N	2025-09-05 09:46:35.552+00	2025-09-05 09:46:35.552+00	44	4	22
129	trabalho	6.29	1.0	2025-02-18	\N	2025-09-05 09:46:36.321+00	2025-09-05 09:46:36.321+00	50	3	26
71	atividade	9.82	1.0	2025-02-11	\N	2025-09-05 09:46:33.288+00	2025-09-05 09:46:33.288+00	25	1	16
104	atividade	5.45	1.0	2025-02-11	\N	2025-09-05 09:46:34.878+00	2025-09-05 09:46:34.878+00	38	2	11
1	trabalho	9.89	1.0	2025-02-06	\N	2025-09-05 09:46:29.988+00	2025-09-05 09:46:29.988+00	1	7	17
116	trabalho	5.51	1.0	2025-02-06	\N	2025-09-05 09:46:35.574+00	2025-09-05 09:46:35.574+00	44	4	19
84	prova	6.26	1.0	2025-01-31	\N	2025-09-05 09:46:33.916+00	2025-09-05 09:46:33.916+00	30	7	25
46	prova	9.10	1.0	2025-01-31	\N	2025-09-05 09:46:32.076+00	2025-09-05 09:46:32.076+00	16	8	18
21	prova	9.51	1.0	2025-01-30	\N	2025-09-05 09:46:30.944+00	2025-09-05 09:46:30.944+00	8	1	24
13	atividade	5.17	1.0	2025-01-28	\N	2025-09-05 09:46:30.606+00	2025-09-05 09:46:30.606+00	6	7	13
58	trabalho	6.56	1.0	2025-01-27	\N	2025-09-05 09:46:32.503+00	2025-09-05 09:46:32.503+00	19	4	22
37	prova	7.36	1.0	2025-01-22	\N	2025-09-05 09:46:31.635+00	2025-09-05 09:46:31.635+00	13	3	28
50	atividade	8.53	1.0	2025-01-21	\N	2025-09-05 09:46:32.23+00	2025-09-05 09:46:32.23+00	17	2	9
68	atividade	7.80	1.0	2025-01-19	\N	2025-09-05 09:46:33.025+00	2025-09-05 09:46:33.025+00	23	2	11
89	atividade	5.73	1.0	2025-01-18	\N	2025-09-05 09:46:34.073+00	2025-09-05 09:46:34.073+00	30	2	3
102	atividade	6.39	1.0	2025-01-09	\N	2025-09-05 09:46:34.794+00	2025-09-05 09:46:34.794+00	37	3	7
33	trabalho	6.98	1.0	2025-01-08	\N	2025-09-05 09:46:31.464+00	2025-09-05 09:46:31.464+00	12	5	2
16	atividade	5.80	1.0	2025-01-05	\N	2025-09-05 09:46:30.766+00	2025-09-05 09:46:30.766+00	7	3	8
105	trabalho	5.55	1.0	2024-12-30	\N	2025-09-05 09:46:34.89+00	2025-09-05 09:46:34.89+00	38	2	11
94	atividade	7.98	1.0	2024-12-28	\N	2025-09-05 09:46:34.317+00	2025-09-05 09:46:34.317+00	32	7	17
90	trabalho	5.66	1.0	2024-12-28	\N	2025-09-05 09:46:34.189+00	2025-09-05 09:46:34.189+00	31	8	18
118	atividade	7.13	1.0	2024-12-24	\N	2025-09-05 09:46:35.706+00	2025-09-05 09:46:35.706+00	45	4	10
130	trabalho	6.80	1.0	2024-12-19	\N	2025-09-05 09:46:36.331+00	2025-09-05 09:46:36.331+00	50	3	26
122	trabalho	8.60	1.0	2024-12-18	\N	2025-09-05 09:46:35.845+00	2025-09-05 09:46:35.845+00	46	7	23
85	prova	7.90	1.0	2024-12-14	\N	2025-09-05 09:46:33.929+00	2025-09-05 09:46:33.929+00	30	7	25
28	atividade	9.99	1.0	2024-12-14	\N	2025-09-05 09:46:31.232+00	2025-09-05 09:46:31.232+00	10	7	23
44	trabalho	5.04	1.0	2024-12-11	\N	2025-09-05 09:46:31.992+00	2025-09-05 09:46:31.993+00	15	4	30
59	trabalho	7.25	1.0	2024-12-11	\N	2025-09-05 09:46:32.61+00	2025-09-05 09:46:32.611+00	20	2	11
51	prova	6.79	1.0	2024-12-05	\N	2025-09-05 09:46:32.24+00	2025-09-05 09:46:32.24+00	17	2	9
19	prova	6.37	1.0	2024-11-26	\N	2025-09-05 09:46:30.925+00	2025-09-05 09:46:30.925+00	8	2	9
26	prova	7.57	1.0	2024-11-25	\N	2025-09-05 09:46:31.209+00	2025-09-05 09:46:31.209+00	10	8	14
30	trabalho	5.37	1.0	2024-11-24	\N	2025-09-05 09:46:31.331+00	2025-09-05 09:46:31.331+00	11	4	15
81	prova	8.51	1.0	2024-11-20	\N	2025-09-05 09:46:33.548+00	2025-09-05 09:46:33.549+00	26	2	3
126	atividade	5.79	1.0	2024-11-18	\N	2025-09-05 09:46:36.076+00	2025-09-05 09:46:36.076+00	48	4	30
70	atividade	9.73	1.0	2024-11-18	\N	2025-09-05 09:46:33.149+00	2025-09-05 09:46:33.149+00	24	2	9
55	prova	7.10	1.0	2024-11-11	\N	2025-09-05 09:46:32.474+00	2025-09-05 09:46:32.474+00	19	4	19
10	prova	7.51	1.0	2024-11-10	\N	2025-09-05 09:46:30.409+00	2025-09-05 09:46:30.409+00	5	2	11
48	atividade	7.38	1.0	2024-11-10	\N	2025-09-05 09:46:32.211+00	2025-09-05 09:46:32.211+00	17	4	19
110	trabalho	5.13	1.0	2024-11-06	\N	2025-09-05 09:46:35.291+00	2025-09-05 09:46:35.291+00	41	1	5
67	prova	6.67	1.0	2024-11-01	\N	2025-09-05 09:46:33.016+00	2025-09-05 09:46:33.016+00	23	2	11
36	trabalho	8.19	1.0	2024-10-31	\N	2025-09-05 09:46:31.627+00	2025-09-05 09:46:31.627+00	13	3	28
107	prova	6.77	1.0	2024-10-18	\N	2025-09-05 09:46:35.031+00	2025-09-05 09:46:35.031+00	39	8	14
79	prova	9.75	1.0	2024-10-13	\N	2025-09-05 09:46:33.528+00	2025-09-05 09:46:33.528+00	26	6	6
12	atividade	9.90	1.0	2024-10-12	\N	2025-09-05 09:46:30.429+00	2025-09-05 09:46:30.429+00	5	3	26
60	atividade	9.72	1.0	2024-10-12	\N	2025-09-05 09:46:32.619+00	2025-09-05 09:46:32.619+00	20	2	11
6	atividade	6.88	1.0	2024-10-11	\N	2025-09-05 09:46:30.241+00	2025-09-05 09:46:30.241+00	4	6	6
82	prova	5.01	1.0	2024-10-05	\N	2025-09-05 09:46:33.714+00	2025-09-05 09:46:33.714+00	28	4	10
77	trabalho	5.11	1.0	2024-10-02	\N	2025-09-05 09:46:33.506+00	2025-09-05 09:46:33.506+00	26	6	6
57	trabalho	6.86	1.0	2024-10-01	\N	2025-09-05 09:46:32.493+00	2025-09-05 09:46:32.493+00	19	4	22
29	trabalho	6.36	1.0	2024-09-28	\N	2025-09-05 09:46:31.322+00	2025-09-05 09:46:31.322+00	11	4	15
61	atividade	9.73	1.0	2024-09-26	\N	2025-09-05 09:46:32.629+00	2025-09-05 09:46:32.629+00	20	2	11
100	atividade	7.35	1.0	2024-09-21	\N	2025-09-05 09:46:34.775+00	2025-09-05 09:46:34.775+00	37	3	7
64	atividade	9.80	1.0	2024-09-10	\N	2025-09-05 09:46:32.866+00	2025-09-05 09:46:32.866+00	22	2	11
106	trabalho	9.06	1.0	2024-09-10	\N	2025-09-05 09:46:35.02+00	2025-09-05 09:46:35.02+00	39	1	16
83	atividade	5.09	1.0	2024-09-07	\N	2025-09-05 09:46:33.727+00	2025-09-05 09:46:33.727+00	28	4	10
111	prova	9.18	1.0	2024-09-05	\N	2025-09-05 09:46:35.3+00	2025-09-05 09:46:35.3+00	41	1	5
5	trabalho	6.43	1.0	2024-09-05	\N	2025-09-05 09:46:30.228+00	2025-09-05 09:46:30.228+00	4	6	6
\.


--
-- Data for Name: pagamentos_pagamento; Type: TABLE DATA; Schema: public; Owner: omaum_user
--

COPY public.pagamentos_pagamento (id, valor, data_vencimento, status, data_pagamento, valor_pago, metodo_pagamento, observacoes, created_at, updated_at, aluno_id) FROM stdin;
11	409.00	2025-09-04	ATRASADO	\N	\N	DINHEIRO	\N	2025-09-05 09:46:30.662+00	2025-09-05 09:46:30.662+00	7
18	335.00	2025-08-31	ATRASADO	\N	\N	PIX	\N	2025-09-05 09:46:31.366+00	2025-09-05 09:46:31.366+00	12
51	491.00	2025-08-31	PAGO	2025-09-05	491.00	DINHEIRO	\N	2025-09-05 09:46:34.546+00	2025-09-05 09:46:34.546+00	35
38	175.00	2025-08-30	ATRASADO	\N	\N	DINHEIRO	\N	2025-09-05 09:46:33.188+00	2025-09-05 09:46:33.188+00	25
65	498.00	2025-08-30	PAGO	2025-09-05	498.00	PIX	\N	2025-09-05 09:46:35.886+00	2025-09-05 09:46:35.886+00	47
12	158.00	2025-08-29	PAGO	2025-09-05	158.00	CARTAO_CREDITO	\N	2025-09-05 09:46:30.843+00	2025-09-05 09:46:30.843+00	8
41	192.00	2025-08-29	ATRASADO	\N	\N	DINHEIRO	\N	2025-09-05 09:46:33.613+00	2025-09-05 09:46:33.613+00	27
22	314.00	2025-08-28	PAGO	2025-09-05	314.00	CARTAO_CREDITO	\N	2025-09-05 09:46:31.881+00	2025-09-05 09:46:31.881+00	15
58	389.00	2025-08-28	ATRASADO	\N	\N	CARTAO_CREDITO	\N	2025-09-05 09:46:35.073+00	2025-09-05 09:46:35.073+00	40
62	321.00	2025-08-28	PAGO	2025-09-05	321.00	PIX	\N	2025-09-05 09:46:35.473+00	2025-09-05 09:46:35.473+00	44
10	456.00	2025-08-25	PAGO	2025-09-05	456.00	PIX	\N	2025-09-05 09:46:30.508+00	2025-09-05 09:46:30.508+00	6
56	149.00	2025-08-25	ATRASADO	\N	\N	CARTAO_CREDITO	\N	2025-09-05 09:46:34.942+00	2025-09-05 09:46:34.942+00	39
32	276.00	2025-08-24	PAGO	2025-09-05	276.00	CARTAO_CREDITO	\N	2025-09-05 09:46:32.563+00	2025-09-05 09:46:32.563+00	20
60	299.00	2025-08-24	ATRASADO	\N	\N	CARTAO_CREDITO	\N	2025-09-05 09:46:35.367+00	2025-09-05 09:46:35.367+00	42
19	187.00	2025-08-23	ATRASADO	\N	\N	CARTAO_CREDITO	\N	2025-09-05 09:46:31.538+00	2025-09-05 09:46:31.538+00	13
9	399.00	2025-08-22	ATRASADO	\N	\N	CARTAO_CREDITO	\N	2025-09-05 09:46:30.493+00	2025-09-05 09:46:30.493+00	6
30	305.00	2025-08-20	PAGO	2025-09-05	305.00	DINHEIRO	\N	2025-09-05 09:46:32.38+00	2025-09-05 09:46:32.38+00	19
42	280.00	2025-08-19	ATRASADO	\N	\N	CARTAO_CREDITO	\N	2025-09-05 09:46:33.668+00	2025-09-05 09:46:33.668+00	28
61	358.00	2025-08-19	PAGO	2025-09-05	358.00	CARTAO_CREDITO	\N	2025-09-05 09:46:35.42+00	2025-09-05 09:46:35.42+00	43
49	376.00	2025-08-18	ATRASADO	\N	\N	CARTAO_CREDITO	\N	2025-09-05 09:46:34.482+00	2025-09-05 09:46:34.482+00	34
40	291.00	2025-08-17	PAGO	2025-09-05	291.00	DINHEIRO	\N	2025-09-05 09:46:33.419+00	2025-09-05 09:46:33.419+00	26
20	385.00	2025-08-16	PAGO	2025-09-05	385.00	CARTAO_CREDITO	\N	2025-09-05 09:46:31.669+00	2025-09-05 09:46:31.669+00	14
23	426.00	2025-08-11	ATRASADO	\N	\N	DINHEIRO	\N	2025-09-05 09:46:32.033+00	2025-09-05 09:46:32.034+00	16
39	363.00	2025-08-07	PAGO	2025-09-05	363.00	DINHEIRO	\N	2025-09-05 09:46:33.407+00	2025-09-05 09:46:33.407+00	26
54	429.00	2025-08-07	ATRASADO	\N	\N	CARTAO_CREDITO	\N	2025-09-05 09:46:34.729+00	2025-09-05 09:46:34.729+00	37
50	379.00	2025-08-06	ATRASADO	\N	\N	PIX	\N	2025-09-05 09:46:34.493+00	2025-09-05 09:46:34.493+00	34
53	470.00	2025-08-06	ATRASADO	\N	\N	PIX	\N	2025-09-05 09:46:34.651+00	2025-09-05 09:46:34.651+00	36
3	205.00	2025-08-05	PAGO	2025-09-05	205.00	DINHEIRO	\N	2025-09-05 09:46:30.048+00	2025-09-05 09:46:30.048+00	2
37	233.00	2025-08-04	ATRASADO	\N	\N	PIX	\N	2025-09-05 09:46:33.1+00	2025-09-05 09:46:33.1+00	24
7	483.00	2025-08-03	PAGO	2025-09-05	483.00	PIX	\N	2025-09-05 09:46:30.305+00	2025-09-05 09:46:30.305+00	5
2	421.00	2025-08-02	PAGO	2025-09-05	421.00	CARTAO_CREDITO	\N	2025-09-05 09:46:30.04+00	2025-09-05 09:46:30.04+00	2
8	124.00	2025-07-31	PAGO	2025-09-05	124.00	DINHEIRO	\N	2025-09-05 09:46:30.313+00	2025-09-05 09:46:30.313+00	5
63	419.00	2025-07-28	PAGO	2025-09-05	419.00	CARTAO_CREDITO	\N	2025-09-05 09:46:35.628+00	2025-09-05 09:46:35.628+00	45
35	165.00	2025-07-25	PAGO	2025-09-05	165.00	CARTAO_CREDITO	\N	2025-09-05 09:46:32.93+00	2025-09-05 09:46:32.93+00	23
67	403.00	2025-07-24	ATRASADO	\N	\N	PIX	\N	2025-09-05 09:46:36.014+00	2025-09-05 09:46:36.014+00	48
34	352.00	2025-07-20	ATRASADO	\N	\N	DINHEIRO	\N	2025-09-05 09:46:32.825+00	2025-09-05 09:46:32.825+00	22
52	430.00	2025-07-19	ATRASADO	\N	\N	PIX	\N	2025-09-05 09:46:34.555+00	2025-09-05 09:46:34.555+00	35
16	385.00	2025-07-16	ATRASADO	\N	\N	DINHEIRO	\N	2025-09-05 09:46:31.12+00	2025-09-05 09:46:31.12+00	10
72	348.00	2025-07-16	ATRASADO	\N	\N	DINHEIRO	\N	2025-09-05 09:46:36.272+00	2025-09-05 09:46:36.272+00	50
66	463.00	2025-07-14	ATRASADO	\N	\N	CARTAO_CREDITO	\N	2025-09-05 09:46:35.896+00	2025-09-05 09:46:35.896+00	47
31	256.00	2025-07-12	PAGO	2025-09-05	256.00	CARTAO_CREDITO	\N	2025-09-05 09:46:32.555+00	2025-09-05 09:46:32.555+00	20
71	222.00	2025-07-09	PAGO	2025-09-05	222.00	CARTAO_CREDITO	\N	2025-09-05 09:46:36.262+00	2025-09-05 09:46:36.263+00	50
14	475.00	2025-07-08	ATRASADO	\N	\N	CARTAO_CREDITO	\N	2025-09-05 09:46:30.999+00	2025-09-05 09:46:30.999+00	9
48	298.00	2025-07-06	ATRASADO	\N	\N	CARTAO_CREDITO	\N	2025-09-05 09:46:34.351+00	2025-09-05 09:46:34.351+00	33
59	494.00	2025-07-05	PAGO	2025-09-05	494.00	CARTAO_CREDITO	\N	2025-09-05 09:46:35.168+00	2025-09-05 09:46:35.168+00	41
28	345.00	2025-07-04	PAGO	2025-09-05	345.00	CARTAO_CREDITO	\N	2025-09-05 09:46:32.299+00	2025-09-05 09:46:32.299+00	18
47	467.00	2025-07-02	ATRASADO	\N	\N	CARTAO_CREDITO	\N	2025-09-05 09:46:34.255+00	2025-09-05 09:46:34.255+00	32
4	111.00	2025-06-28	ATRASADO	\N	\N	PIX	\N	2025-09-05 09:46:30.091+00	2025-09-05 09:46:30.091+00	3
17	287.00	2025-06-28	ATRASADO	\N	\N	PIX	\N	2025-09-05 09:46:31.278+00	2025-09-05 09:46:31.278+00	11
57	145.00	2025-06-28	PAGO	2025-09-05	145.00	DINHEIRO	\N	2025-09-05 09:46:35.064+00	2025-09-05 09:46:35.064+00	40
69	262.00	2025-06-28	ATRASADO	\N	\N	DINHEIRO	\N	2025-09-05 09:46:36.111+00	2025-09-05 09:46:36.111+00	49
15	191.00	2025-06-27	ATRASADO	\N	\N	DINHEIRO	\N	2025-09-05 09:46:31.11+00	2025-09-05 09:46:31.11+00	10
13	271.00	2025-06-24	ATRASADO	\N	\N	PIX	\N	2025-09-05 09:46:30.991+00	2025-09-05 09:46:30.991+00	9
55	415.00	2025-06-24	ATRASADO	\N	\N	DINHEIRO	\N	2025-09-05 09:46:34.827+00	2025-09-05 09:46:34.827+00	38
6	140.00	2025-06-23	ATRASADO	\N	\N	DINHEIRO	\N	2025-09-05 09:46:30.131+00	2025-09-05 09:46:30.132+00	4
36	470.00	2025-06-20	ATRASADO	\N	\N	PIX	\N	2025-09-05 09:46:33.09+00	2025-09-05 09:46:33.09+00	24
5	486.00	2025-06-19	PAGO	2025-09-05	486.00	PIX	\N	2025-09-05 09:46:30.123+00	2025-09-05 09:46:30.123+00	4
29	156.00	2025-06-19	ATRASADO	\N	\N	CARTAO_CREDITO	\N	2025-09-05 09:46:32.371+00	2025-09-05 09:46:32.372+00	19
44	361.00	2025-06-19	ATRASADO	\N	\N	CARTAO_CREDITO	\N	2025-09-05 09:46:33.84+00	2025-09-05 09:46:33.84+00	30
25	330.00	2025-06-18	ATRASADO	\N	\N	PIX	\N	2025-09-05 09:46:32.118+00	2025-09-05 09:46:32.118+00	17
33	315.00	2025-06-18	PAGO	2025-09-05	315.00	DINHEIRO	\N	2025-09-05 09:46:32.683+00	2025-09-05 09:46:32.683+00	21
45	247.00	2025-06-18	ATRASADO	\N	\N	CARTAO_CREDITO	\N	2025-09-05 09:46:34.116+00	2025-09-05 09:46:34.116+00	31
26	457.00	2025-06-17	PAGO	2025-09-05	457.00	PIX	\N	2025-09-05 09:46:32.126+00	2025-09-05 09:46:32.126+00	17
24	387.00	2025-06-16	PAGO	2025-09-05	387.00	PIX	\N	2025-09-05 09:46:32.043+00	2025-09-05 09:46:32.043+00	16
46	303.00	2025-06-16	ATRASADO	\N	\N	PIX	\N	2025-09-05 09:46:34.125+00	2025-09-05 09:46:34.125+00	31
21	414.00	2025-06-14	ATRASADO	\N	\N	PIX	\N	2025-09-05 09:46:31.677+00	2025-09-05 09:46:31.677+00	14
70	387.00	2025-06-14	ATRASADO	\N	\N	CARTAO_CREDITO	\N	2025-09-05 09:46:36.121+00	2025-09-05 09:46:36.121+00	49
1	262.00	2025-06-13	ATRASADO	\N	\N	DINHEIRO	\N	2025-09-05 09:46:29.94+00	2025-09-05 09:46:29.94+00	1
27	247.00	2025-06-13	ATRASADO	\N	\N	CARTAO_CREDITO	\N	2025-09-05 09:46:32.29+00	2025-09-05 09:46:32.29+00	18
68	279.00	2025-06-13	ATRASADO	\N	\N	DINHEIRO	\N	2025-09-05 09:46:36.026+00	2025-09-05 09:46:36.026+00	48
43	328.00	2025-06-07	ATRASADO	\N	\N	CARTAO_CREDITO	\N	2025-09-05 09:46:33.784+00	2025-09-05 09:46:33.784+00	29
64	480.00	2025-06-07	ATRASADO	\N	\N	PIX	\N	2025-09-05 09:46:35.786+00	2025-09-05 09:46:35.786+00	46
\.


--
-- Data for Name: presencas_registropresenca; Type: TABLE DATA; Schema: public; Owner: omaum_user
--

COPY public.presencas_registropresenca (id, data, status, justificativa, convocado, registrado_por, data_registro, aluno_id, atividade_id, turma_id) FROM stdin;
\.


--
-- Data for Name: turmas_turma; Type: TABLE DATA; Schema: public; Owner: omaum_user
--

COPY public.turmas_turma (id, nome, descricao, num_livro, data_iniciacao, data_inicio_ativ, data_prim_aula, data_termino_atividades, dias_semana, horario, local, vagas, status, ativo, alerta_instrutor, alerta_mensagem, created_at, updated_at, auxiliar_instrucao_id, curso_id, instrutor_id, instrutor_auxiliar_id, perc_presenca_minima) FROM stdin;
1	Turma Teste 1	\N	\N	\N	\N	\N	\N	\N	\N	\N	20	A	t	f	\N	2025-09-05 09:46:28.671+00	2025-09-05 09:46:28.671+00	\N	1	\N	\N	\N
2	Turma Teste 2	\N	\N	\N	\N	\N	\N	\N	\N	\N	20	A	t	f	\N	2025-09-05 09:46:28.68+00	2025-09-05 09:46:28.68+00	\N	5	\N	\N	\N
3	Turma Teste 3	\N	\N	\N	\N	\N	\N	\N	\N	\N	20	A	t	f	\N	2025-09-05 09:46:28.689+00	2025-09-05 09:46:28.689+00	\N	2	\N	\N	\N
4	Turma Teste 4	\N	\N	\N	\N	\N	\N	\N	\N	\N	20	A	t	f	\N	2025-09-05 09:46:28.697+00	2025-09-05 09:46:28.697+00	\N	8	\N	\N	\N
5	Turma Teste 5	\N	\N	\N	\N	\N	\N	\N	\N	\N	20	A	t	f	\N	2025-09-05 09:46:28.708+00	2025-09-05 09:46:28.708+00	\N	1	\N	\N	\N
6	Turma Teste 6	\N	\N	\N	\N	\N	\N	\N	\N	\N	20	A	t	f	\N	2025-09-05 09:46:28.719+00	2025-09-05 09:46:28.719+00	\N	6	\N	\N	\N
7	Turma Teste 7	\N	\N	\N	\N	\N	\N	\N	\N	\N	20	A	t	f	\N	2025-09-05 09:46:28.728+00	2025-09-05 09:46:28.728+00	\N	3	\N	\N	\N
8	Turma Teste 8	\N	\N	\N	\N	\N	\N	\N	\N	\N	20	A	t	f	\N	2025-09-05 09:46:28.742+00	2025-09-05 09:46:28.742+00	\N	3	\N	\N	\N
9	Turma Teste 9	\N	\N	\N	\N	\N	\N	\N	\N	\N	20	A	t	f	\N	2025-09-05 09:46:28.752+00	2025-09-05 09:46:28.752+00	\N	2	\N	\N	\N
10	Turma Teste 10	\N	\N	\N	\N	\N	\N	\N	\N	\N	20	A	t	f	\N	2025-09-05 09:46:28.761+00	2025-09-05 09:46:28.761+00	\N	4	\N	\N	\N
11	Turma Teste 11	\N	\N	\N	\N	\N	\N	\N	\N	\N	20	A	t	f	\N	2025-09-05 09:46:28.771+00	2025-09-05 09:46:28.771+00	\N	2	\N	\N	\N
12	Turma Teste 12	\N	\N	\N	\N	\N	\N	\N	\N	\N	20	A	t	f	\N	2025-09-05 09:46:28.78+00	2025-09-05 09:46:28.78+00	\N	2	\N	\N	\N
13	Turma Teste 13	\N	\N	\N	\N	\N	\N	\N	\N	\N	20	A	t	f	\N	2025-09-05 09:46:28.791+00	2025-09-05 09:46:28.791+00	\N	7	\N	\N	\N
14	Turma Teste 14	\N	\N	\N	\N	\N	\N	\N	\N	\N	20	A	t	f	\N	2025-09-05 09:46:28.801+00	2025-09-05 09:46:28.801+00	\N	8	\N	\N	\N
15	Turma Teste 15	\N	\N	\N	\N	\N	\N	\N	\N	\N	20	A	t	f	\N	2025-09-05 09:46:28.811+00	2025-09-05 09:46:28.811+00	\N	4	\N	\N	\N
16	Turma Teste 16	\N	\N	\N	\N	\N	\N	\N	\N	\N	20	A	t	f	\N	2025-09-05 09:46:28.823+00	2025-09-05 09:46:28.823+00	\N	1	\N	\N	\N
17	Turma Teste 17	\N	\N	\N	\N	\N	\N	\N	\N	\N	20	A	t	f	\N	2025-09-05 09:46:28.834+00	2025-09-05 09:46:28.834+00	\N	7	\N	\N	\N
18	Turma Teste 18	\N	\N	\N	\N	\N	\N	\N	\N	\N	20	A	t	f	\N	2025-09-05 09:46:28.844+00	2025-09-05 09:46:28.844+00	\N	8	\N	\N	\N
19	Turma Teste 19	\N	\N	\N	\N	\N	\N	\N	\N	\N	20	A	t	f	\N	2025-09-05 09:46:28.855+00	2025-09-05 09:46:28.855+00	\N	4	\N	\N	\N
20	Turma Teste 20	\N	\N	\N	\N	\N	\N	\N	\N	\N	20	A	t	f	\N	2025-09-05 09:46:28.864+00	2025-09-05 09:46:28.864+00	\N	3	\N	\N	\N
21	Turma Teste 21	\N	\N	\N	\N	\N	\N	\N	\N	\N	20	A	t	f	\N	2025-09-05 09:46:28.875+00	2025-09-05 09:46:28.875+00	\N	8	\N	\N	\N
22	Turma Teste 22	\N	\N	\N	\N	\N	\N	\N	\N	\N	20	A	t	f	\N	2025-09-05 09:46:28.884+00	2025-09-05 09:46:28.884+00	\N	4	\N	\N	\N
23	Turma Teste 23	\N	\N	\N	\N	\N	\N	\N	\N	\N	20	A	t	f	\N	2025-09-05 09:46:28.893+00	2025-09-05 09:46:28.893+00	\N	7	\N	\N	\N
24	Turma Teste 24	\N	\N	\N	\N	\N	\N	\N	\N	\N	20	A	t	f	\N	2025-09-05 09:46:28.903+00	2025-09-05 09:46:28.903+00	\N	1	\N	\N	\N
25	Turma Teste 25	\N	\N	\N	\N	\N	\N	\N	\N	\N	20	A	t	f	\N	2025-09-05 09:46:28.912+00	2025-09-05 09:46:28.912+00	\N	7	\N	\N	\N
26	Turma Teste 26	\N	\N	\N	\N	\N	\N	\N	\N	\N	20	A	t	f	\N	2025-09-05 09:46:28.921+00	2025-09-05 09:46:28.921+00	\N	3	\N	\N	\N
27	Turma Teste 27	\N	\N	\N	\N	\N	\N	\N	\N	\N	20	A	t	f	\N	2025-09-05 09:46:28.929+00	2025-09-05 09:46:28.929+00	\N	3	\N	\N	\N
28	Turma Teste 28	\N	\N	\N	\N	\N	\N	\N	\N	\N	20	A	t	f	\N	2025-09-05 09:46:28.939+00	2025-09-05 09:46:28.939+00	\N	3	\N	\N	\N
29	Turma Teste 29	\N	\N	\N	\N	\N	\N	\N	\N	\N	20	A	t	f	\N	2025-09-05 09:46:28.947+00	2025-09-05 09:46:28.947+00	\N	4	\N	\N	\N
30	Turma Teste 30	\N	\N	\N	\N	\N	\N	\N	\N	\N	20	A	t	f	\N	2025-09-05 09:46:28.956+00	2025-09-05 09:46:28.956+00	\N	4	\N	\N	\N
31	Turma Vazia	\N	\N	\N	\N	\N	\N	\N	\N	\N	20	A	t	f	\N	2025-09-05 09:51:14.143+00	2025-09-05 09:51:14.143+00	\N	9	\N	\N	\N
\.


--
-- Name: alunos_aluno_id_seq; Type: SEQUENCE SET; Schema: public; Owner: omaum_user
--

SELECT pg_catalog.setval('public.alunos_aluno_id_seq', 55, true);


--
-- Name: alunos_bairro_id_seq; Type: SEQUENCE SET; Schema: public; Owner: omaum_user
--

SELECT pg_catalog.setval('public.alunos_bairro_id_seq', 1, false);


--
-- Name: alunos_cidade_id_seq; Type: SEQUENCE SET; Schema: public; Owner: omaum_user
--

SELECT pg_catalog.setval('public.alunos_cidade_id_seq', 5571, true);


--
-- Name: alunos_codigo_id_seq; Type: SEQUENCE SET; Schema: public; Owner: omaum_user
--

SELECT pg_catalog.setval('public.alunos_codigo_id_seq', 408, true);


--
-- Name: alunos_estado_id_seq; Type: SEQUENCE SET; Schema: public; Owner: omaum_user
--

SELECT pg_catalog.setval('public.alunos_estado_id_seq', 27, true);


--
-- Name: alunos_pais_id_seq; Type: SEQUENCE SET; Schema: public; Owner: omaum_user
--

SELECT pg_catalog.setval('public.alunos_pais_id_seq', 3, true);


--
-- Name: alunos_registrohistorico_id_seq; Type: SEQUENCE SET; Schema: public; Owner: omaum_user
--

SELECT pg_catalog.setval('public.alunos_registrohistorico_id_seq', 108, true);


--
-- Name: alunos_tipocodigo_id_seq; Type: SEQUENCE SET; Schema: public; Owner: omaum_user
--

SELECT pg_catalog.setval('public.alunos_tipocodigo_id_seq', 8, true);


--
-- Name: atividades_atividade_id_seq; Type: SEQUENCE SET; Schema: public; Owner: omaum_user
--

SELECT pg_catalog.setval('public.atividades_atividade_id_seq', 40, true);


--
-- Name: atividades_atividade_turmas_id_seq; Type: SEQUENCE SET; Schema: public; Owner: omaum_user
--

SELECT pg_catalog.setval('public.atividades_atividade_turmas_id_seq', 113, true);


--
-- Name: atividades_presenca_id_seq; Type: SEQUENCE SET; Schema: public; Owner: omaum_user
--

SELECT pg_catalog.setval('public.atividades_presenca_id_seq', 1, false);


--
-- Name: auth_group_id_seq; Type: SEQUENCE SET; Schema: public; Owner: omaum_user
--

SELECT pg_catalog.setval('public.auth_group_id_seq', 1, false);


--
-- Name: auth_group_permissions_id_seq; Type: SEQUENCE SET; Schema: public; Owner: omaum_user
--

SELECT pg_catalog.setval('public.auth_group_permissions_id_seq', 1, false);


--
-- Name: auth_permission_id_seq; Type: SEQUENCE SET; Schema: public; Owner: omaum_user
--

SELECT pg_catalog.setval('public.auth_permission_id_seq', 112, true);


--
-- Name: auth_user_groups_id_seq; Type: SEQUENCE SET; Schema: public; Owner: omaum_user
--

SELECT pg_catalog.setval('public.auth_user_groups_id_seq', 1, false);


--
-- Name: auth_user_id_seq; Type: SEQUENCE SET; Schema: public; Owner: omaum_user
--

SELECT pg_catalog.setval('public.auth_user_id_seq', 6, true);


--
-- Name: auth_user_user_permissions_id_seq; Type: SEQUENCE SET; Schema: public; Owner: omaum_user
--

SELECT pg_catalog.setval('public.auth_user_user_permissions_id_seq', 1, false);


--
-- Name: core_configuracaosistema_id_seq; Type: SEQUENCE SET; Schema: public; Owner: omaum_user
--

SELECT pg_catalog.setval('public.core_configuracaosistema_id_seq', 1, false);


--
-- Name: core_logatividade_id_seq; Type: SEQUENCE SET; Schema: public; Owner: omaum_user
--

SELECT pg_catalog.setval('public.core_logatividade_id_seq', 5, true);


--
-- Name: cursos_curso_id_seq; Type: SEQUENCE SET; Schema: public; Owner: omaum_user
--

SELECT pg_catalog.setval('public.cursos_curso_id_seq', 12, true);


--
-- Name: django_admin_log_id_seq; Type: SEQUENCE SET; Schema: public; Owner: omaum_user
--

SELECT pg_catalog.setval('public.django_admin_log_id_seq', 1, false);


--
-- Name: django_content_type_id_seq; Type: SEQUENCE SET; Schema: public; Owner: omaum_user
--

SELECT pg_catalog.setval('public.django_content_type_id_seq', 28, true);


--
-- Name: django_migrations_id_seq; Type: SEQUENCE SET; Schema: public; Owner: omaum_user
--

SELECT pg_catalog.setval('public.django_migrations_id_seq', 44, true);


--
-- Name: frequencias_carencia_id_seq; Type: SEQUENCE SET; Schema: public; Owner: omaum_user
--

SELECT pg_catalog.setval('public.frequencias_carencia_id_seq', 1, false);


--
-- Name: frequencias_frequenciamensal_id_seq; Type: SEQUENCE SET; Schema: public; Owner: omaum_user
--

SELECT pg_catalog.setval('public.frequencias_frequenciamensal_id_seq', 1, false);


--
-- Name: matriculas_matricula_id_seq; Type: SEQUENCE SET; Schema: public; Owner: omaum_user
--

SELECT pg_catalog.setval('public.matriculas_matricula_id_seq', 68, true);


--
-- Name: notas_nota_id_seq; Type: SEQUENCE SET; Schema: public; Owner: omaum_user
--

SELECT pg_catalog.setval('public.notas_nota_id_seq', 130, true);


--
-- Name: pagamentos_pagamento_id_seq; Type: SEQUENCE SET; Schema: public; Owner: omaum_user
--

SELECT pg_catalog.setval('public.pagamentos_pagamento_id_seq', 72, true);


--
-- Name: presencas_registropresenca_id_seq; Type: SEQUENCE SET; Schema: public; Owner: omaum_user
--

SELECT pg_catalog.setval('public.presencas_registropresenca_id_seq', 1, false);


--
-- Name: turmas_turma_id_seq; Type: SEQUENCE SET; Schema: public; Owner: omaum_user
--

SELECT pg_catalog.setval('public.turmas_turma_id_seq', 31, true);


--
-- Name: alunos_aluno alunos_aluno_cpf_key; Type: CONSTRAINT; Schema: public; Owner: omaum_user
--

ALTER TABLE ONLY public.alunos_aluno
    ADD CONSTRAINT alunos_aluno_cpf_key UNIQUE (cpf);


--
-- Name: alunos_aluno alunos_aluno_email_key; Type: CONSTRAINT; Schema: public; Owner: omaum_user
--

ALTER TABLE ONLY public.alunos_aluno
    ADD CONSTRAINT alunos_aluno_email_key UNIQUE (email);


--
-- Name: alunos_aluno alunos_aluno_numero_iniciatico_cf15b77f_uniq; Type: CONSTRAINT; Schema: public; Owner: omaum_user
--

ALTER TABLE ONLY public.alunos_aluno
    ADD CONSTRAINT alunos_aluno_numero_iniciatico_cf15b77f_uniq UNIQUE (numero_iniciatico);


--
-- Name: alunos_aluno alunos_aluno_pkey; Type: CONSTRAINT; Schema: public; Owner: omaum_user
--

ALTER TABLE ONLY public.alunos_aluno
    ADD CONSTRAINT alunos_aluno_pkey PRIMARY KEY (id);


--
-- Name: alunos_bairro alunos_bairro_nome_cidade_id_eac94234_uniq; Type: CONSTRAINT; Schema: public; Owner: omaum_user
--

ALTER TABLE ONLY public.alunos_bairro
    ADD CONSTRAINT alunos_bairro_nome_cidade_id_eac94234_uniq UNIQUE (nome, cidade_id);


--
-- Name: alunos_bairro alunos_bairro_pkey; Type: CONSTRAINT; Schema: public; Owner: omaum_user
--

ALTER TABLE ONLY public.alunos_bairro
    ADD CONSTRAINT alunos_bairro_pkey PRIMARY KEY (id);


--
-- Name: alunos_cidade alunos_cidade_codigo_ibge_key; Type: CONSTRAINT; Schema: public; Owner: omaum_user
--

ALTER TABLE ONLY public.alunos_cidade
    ADD CONSTRAINT alunos_cidade_codigo_ibge_key UNIQUE (codigo_ibge);


--
-- Name: alunos_cidade alunos_cidade_nome_estado_id_e1623fb1_uniq; Type: CONSTRAINT; Schema: public; Owner: omaum_user
--

ALTER TABLE ONLY public.alunos_cidade
    ADD CONSTRAINT alunos_cidade_nome_estado_id_e1623fb1_uniq UNIQUE (nome, estado_id);


--
-- Name: alunos_cidade alunos_cidade_pkey; Type: CONSTRAINT; Schema: public; Owner: omaum_user
--

ALTER TABLE ONLY public.alunos_cidade
    ADD CONSTRAINT alunos_cidade_pkey PRIMARY KEY (id);


--
-- Name: alunos_codigo alunos_codigo_nome_key; Type: CONSTRAINT; Schema: public; Owner: omaum_user
--

ALTER TABLE ONLY public.alunos_codigo
    ADD CONSTRAINT alunos_codigo_nome_key UNIQUE (nome);


--
-- Name: alunos_codigo alunos_codigo_pkey; Type: CONSTRAINT; Schema: public; Owner: omaum_user
--

ALTER TABLE ONLY public.alunos_codigo
    ADD CONSTRAINT alunos_codigo_pkey PRIMARY KEY (id);


--
-- Name: alunos_estado alunos_estado_codigo_key; Type: CONSTRAINT; Schema: public; Owner: omaum_user
--

ALTER TABLE ONLY public.alunos_estado
    ADD CONSTRAINT alunos_estado_codigo_key UNIQUE (codigo);


--
-- Name: alunos_estado alunos_estado_nome_key; Type: CONSTRAINT; Schema: public; Owner: omaum_user
--

ALTER TABLE ONLY public.alunos_estado
    ADD CONSTRAINT alunos_estado_nome_key UNIQUE (nome);


--
-- Name: alunos_estado alunos_estado_pkey; Type: CONSTRAINT; Schema: public; Owner: omaum_user
--

ALTER TABLE ONLY public.alunos_estado
    ADD CONSTRAINT alunos_estado_pkey PRIMARY KEY (id);


--
-- Name: alunos_pais alunos_pais_codigo_key; Type: CONSTRAINT; Schema: public; Owner: omaum_user
--

ALTER TABLE ONLY public.alunos_pais
    ADD CONSTRAINT alunos_pais_codigo_key UNIQUE (codigo);


--
-- Name: alunos_pais alunos_pais_nome_key; Type: CONSTRAINT; Schema: public; Owner: omaum_user
--

ALTER TABLE ONLY public.alunos_pais
    ADD CONSTRAINT alunos_pais_nome_key UNIQUE (nome);


--
-- Name: alunos_pais alunos_pais_pkey; Type: CONSTRAINT; Schema: public; Owner: omaum_user
--

ALTER TABLE ONLY public.alunos_pais
    ADD CONSTRAINT alunos_pais_pkey PRIMARY KEY (id);


--
-- Name: alunos_registrohistorico alunos_registrohistorico_aluno_id_codigo_id_ordem_cb168fad_uniq; Type: CONSTRAINT; Schema: public; Owner: omaum_user
--

ALTER TABLE ONLY public.alunos_registrohistorico
    ADD CONSTRAINT alunos_registrohistorico_aluno_id_codigo_id_ordem_cb168fad_uniq UNIQUE (aluno_id, codigo_id, ordem_servico);


--
-- Name: alunos_registrohistorico alunos_registrohistorico_pkey; Type: CONSTRAINT; Schema: public; Owner: omaum_user
--

ALTER TABLE ONLY public.alunos_registrohistorico
    ADD CONSTRAINT alunos_registrohistorico_pkey PRIMARY KEY (id);


--
-- Name: alunos_tipocodigo alunos_tipocodigo_nome_key; Type: CONSTRAINT; Schema: public; Owner: omaum_user
--

ALTER TABLE ONLY public.alunos_tipocodigo
    ADD CONSTRAINT alunos_tipocodigo_nome_key UNIQUE (nome);


--
-- Name: alunos_tipocodigo alunos_tipocodigo_pkey; Type: CONSTRAINT; Schema: public; Owner: omaum_user
--

ALTER TABLE ONLY public.alunos_tipocodigo
    ADD CONSTRAINT alunos_tipocodigo_pkey PRIMARY KEY (id);


--
-- Name: atividades_atividade atividades_atividade_pkey; Type: CONSTRAINT; Schema: public; Owner: omaum_user
--

ALTER TABLE ONLY public.atividades_atividade
    ADD CONSTRAINT atividades_atividade_pkey PRIMARY KEY (id);


--
-- Name: atividades_atividade_turmas atividades_atividade_turmas_atividade_id_turma_id_a2fbddfc_uniq; Type: CONSTRAINT; Schema: public; Owner: omaum_user
--

ALTER TABLE ONLY public.atividades_atividade_turmas
    ADD CONSTRAINT atividades_atividade_turmas_atividade_id_turma_id_a2fbddfc_uniq UNIQUE (atividade_id, turma_id);


--
-- Name: atividades_atividade_turmas atividades_atividade_turmas_pkey; Type: CONSTRAINT; Schema: public; Owner: omaum_user
--

ALTER TABLE ONLY public.atividades_atividade_turmas
    ADD CONSTRAINT atividades_atividade_turmas_pkey PRIMARY KEY (id);


--
-- Name: atividades_presenca atividades_presenca_aluno_id_turma_id_ativid_cef75035_uniq; Type: CONSTRAINT; Schema: public; Owner: omaum_user
--

ALTER TABLE ONLY public.atividades_presenca
    ADD CONSTRAINT atividades_presenca_aluno_id_turma_id_ativid_cef75035_uniq UNIQUE (aluno_id, turma_id, atividade_id, data);


--
-- Name: atividades_presenca atividades_presenca_pkey; Type: CONSTRAINT; Schema: public; Owner: omaum_user
--

ALTER TABLE ONLY public.atividades_presenca
    ADD CONSTRAINT atividades_presenca_pkey PRIMARY KEY (id);


--
-- Name: auth_group auth_group_name_key; Type: CONSTRAINT; Schema: public; Owner: omaum_user
--

ALTER TABLE ONLY public.auth_group
    ADD CONSTRAINT auth_group_name_key UNIQUE (name);


--
-- Name: auth_group_permissions auth_group_permissions_group_id_permission_id_0cd325b0_uniq; Type: CONSTRAINT; Schema: public; Owner: omaum_user
--

ALTER TABLE ONLY public.auth_group_permissions
    ADD CONSTRAINT auth_group_permissions_group_id_permission_id_0cd325b0_uniq UNIQUE (group_id, permission_id);


--
-- Name: auth_group_permissions auth_group_permissions_pkey; Type: CONSTRAINT; Schema: public; Owner: omaum_user
--

ALTER TABLE ONLY public.auth_group_permissions
    ADD CONSTRAINT auth_group_permissions_pkey PRIMARY KEY (id);


--
-- Name: auth_group auth_group_pkey; Type: CONSTRAINT; Schema: public; Owner: omaum_user
--

ALTER TABLE ONLY public.auth_group
    ADD CONSTRAINT auth_group_pkey PRIMARY KEY (id);


--
-- Name: auth_permission auth_permission_content_type_id_codename_01ab375a_uniq; Type: CONSTRAINT; Schema: public; Owner: omaum_user
--

ALTER TABLE ONLY public.auth_permission
    ADD CONSTRAINT auth_permission_content_type_id_codename_01ab375a_uniq UNIQUE (content_type_id, codename);


--
-- Name: auth_permission auth_permission_pkey; Type: CONSTRAINT; Schema: public; Owner: omaum_user
--

ALTER TABLE ONLY public.auth_permission
    ADD CONSTRAINT auth_permission_pkey PRIMARY KEY (id);


--
-- Name: auth_user_groups auth_user_groups_pkey; Type: CONSTRAINT; Schema: public; Owner: omaum_user
--

ALTER TABLE ONLY public.auth_user_groups
    ADD CONSTRAINT auth_user_groups_pkey PRIMARY KEY (id);


--
-- Name: auth_user_groups auth_user_groups_user_id_group_id_94350c0c_uniq; Type: CONSTRAINT; Schema: public; Owner: omaum_user
--

ALTER TABLE ONLY public.auth_user_groups
    ADD CONSTRAINT auth_user_groups_user_id_group_id_94350c0c_uniq UNIQUE (user_id, group_id);


--
-- Name: auth_user auth_user_pkey; Type: CONSTRAINT; Schema: public; Owner: omaum_user
--

ALTER TABLE ONLY public.auth_user
    ADD CONSTRAINT auth_user_pkey PRIMARY KEY (id);


--
-- Name: auth_user_user_permissions auth_user_user_permissions_pkey; Type: CONSTRAINT; Schema: public; Owner: omaum_user
--

ALTER TABLE ONLY public.auth_user_user_permissions
    ADD CONSTRAINT auth_user_user_permissions_pkey PRIMARY KEY (id);


--
-- Name: auth_user_user_permissions auth_user_user_permissions_user_id_permission_id_14a6b632_uniq; Type: CONSTRAINT; Schema: public; Owner: omaum_user
--

ALTER TABLE ONLY public.auth_user_user_permissions
    ADD CONSTRAINT auth_user_user_permissions_user_id_permission_id_14a6b632_uniq UNIQUE (user_id, permission_id);


--
-- Name: auth_user auth_user_username_key; Type: CONSTRAINT; Schema: public; Owner: omaum_user
--

ALTER TABLE ONLY public.auth_user
    ADD CONSTRAINT auth_user_username_key UNIQUE (username);


--
-- Name: core_configuracaosistema core_configuracaosistema_pkey; Type: CONSTRAINT; Schema: public; Owner: omaum_user
--

ALTER TABLE ONLY public.core_configuracaosistema
    ADD CONSTRAINT core_configuracaosistema_pkey PRIMARY KEY (id);


--
-- Name: core_logatividade core_logatividade_pkey; Type: CONSTRAINT; Schema: public; Owner: omaum_user
--

ALTER TABLE ONLY public.core_logatividade
    ADD CONSTRAINT core_logatividade_pkey PRIMARY KEY (id);


--
-- Name: cursos_curso cursos_curso_pkey; Type: CONSTRAINT; Schema: public; Owner: omaum_user
--

ALTER TABLE ONLY public.cursos_curso
    ADD CONSTRAINT cursos_curso_pkey PRIMARY KEY (id);


--
-- Name: django_admin_log django_admin_log_pkey; Type: CONSTRAINT; Schema: public; Owner: omaum_user
--

ALTER TABLE ONLY public.django_admin_log
    ADD CONSTRAINT django_admin_log_pkey PRIMARY KEY (id);


--
-- Name: django_content_type django_content_type_app_label_model_76bd3d3b_uniq; Type: CONSTRAINT; Schema: public; Owner: omaum_user
--

ALTER TABLE ONLY public.django_content_type
    ADD CONSTRAINT django_content_type_app_label_model_76bd3d3b_uniq UNIQUE (app_label, model);


--
-- Name: django_content_type django_content_type_pkey; Type: CONSTRAINT; Schema: public; Owner: omaum_user
--

ALTER TABLE ONLY public.django_content_type
    ADD CONSTRAINT django_content_type_pkey PRIMARY KEY (id);


--
-- Name: django_migrations django_migrations_pkey; Type: CONSTRAINT; Schema: public; Owner: omaum_user
--

ALTER TABLE ONLY public.django_migrations
    ADD CONSTRAINT django_migrations_pkey PRIMARY KEY (id);


--
-- Name: django_session django_session_pkey; Type: CONSTRAINT; Schema: public; Owner: omaum_user
--

ALTER TABLE ONLY public.django_session
    ADD CONSTRAINT django_session_pkey PRIMARY KEY (session_key);


--
-- Name: frequencias_carencia frequencias_carencia_frequencia_mensal_id_alu_8a325950_uniq; Type: CONSTRAINT; Schema: public; Owner: omaum_user
--

ALTER TABLE ONLY public.frequencias_carencia
    ADD CONSTRAINT frequencias_carencia_frequencia_mensal_id_alu_8a325950_uniq UNIQUE (frequencia_mensal_id, aluno_id);


--
-- Name: frequencias_carencia frequencias_carencia_pkey; Type: CONSTRAINT; Schema: public; Owner: omaum_user
--

ALTER TABLE ONLY public.frequencias_carencia
    ADD CONSTRAINT frequencias_carencia_pkey PRIMARY KEY (id);


--
-- Name: frequencias_frequenciamensal frequencias_frequenciamensal_pkey; Type: CONSTRAINT; Schema: public; Owner: omaum_user
--

ALTER TABLE ONLY public.frequencias_frequenciamensal
    ADD CONSTRAINT frequencias_frequenciamensal_pkey PRIMARY KEY (id);


--
-- Name: frequencias_frequenciamensal frequencias_frequenciamensal_turma_id_mes_ano_fae378b8_uniq; Type: CONSTRAINT; Schema: public; Owner: omaum_user
--

ALTER TABLE ONLY public.frequencias_frequenciamensal
    ADD CONSTRAINT frequencias_frequenciamensal_turma_id_mes_ano_fae378b8_uniq UNIQUE (turma_id, mes, ano);


--
-- Name: matriculas_matricula matriculas_matricula_aluno_id_turma_id_1e6bdecb_uniq; Type: CONSTRAINT; Schema: public; Owner: omaum_user
--

ALTER TABLE ONLY public.matriculas_matricula
    ADD CONSTRAINT matriculas_matricula_aluno_id_turma_id_1e6bdecb_uniq UNIQUE (aluno_id, turma_id);


--
-- Name: matriculas_matricula matriculas_matricula_pkey; Type: CONSTRAINT; Schema: public; Owner: omaum_user
--

ALTER TABLE ONLY public.matriculas_matricula
    ADD CONSTRAINT matriculas_matricula_pkey PRIMARY KEY (id);


--
-- Name: notas_nota notas_nota_aluno_id_curso_id_turma__12565f2f_uniq; Type: CONSTRAINT; Schema: public; Owner: omaum_user
--

ALTER TABLE ONLY public.notas_nota
    ADD CONSTRAINT notas_nota_aluno_id_curso_id_turma__12565f2f_uniq UNIQUE (aluno_id, curso_id, turma_id, tipo_avaliacao, data);


--
-- Name: notas_nota notas_nota_pkey; Type: CONSTRAINT; Schema: public; Owner: omaum_user
--

ALTER TABLE ONLY public.notas_nota
    ADD CONSTRAINT notas_nota_pkey PRIMARY KEY (id);


--
-- Name: pagamentos_pagamento pagamentos_pagamento_pkey; Type: CONSTRAINT; Schema: public; Owner: omaum_user
--

ALTER TABLE ONLY public.pagamentos_pagamento
    ADD CONSTRAINT pagamentos_pagamento_pkey PRIMARY KEY (id);


--
-- Name: presencas_registropresenca presencas_registropresen_aluno_id_turma_id_ativid_95eba95d_uniq; Type: CONSTRAINT; Schema: public; Owner: omaum_user
--

ALTER TABLE ONLY public.presencas_registropresenca
    ADD CONSTRAINT presencas_registropresen_aluno_id_turma_id_ativid_95eba95d_uniq UNIQUE (aluno_id, turma_id, atividade_id, data);


--
-- Name: presencas_registropresenca presencas_registropresenca_pkey; Type: CONSTRAINT; Schema: public; Owner: omaum_user
--

ALTER TABLE ONLY public.presencas_registropresenca
    ADD CONSTRAINT presencas_registropresenca_pkey PRIMARY KEY (id);


--
-- Name: turmas_turma turmas_turma_pkey; Type: CONSTRAINT; Schema: public; Owner: omaum_user
--

ALTER TABLE ONLY public.turmas_turma
    ADD CONSTRAINT turmas_turma_pkey PRIMARY KEY (id);


--
-- Name: aluno_bairro_ref_idx; Type: INDEX; Schema: public; Owner: omaum_user
--

CREATE INDEX aluno_bairro_ref_idx ON public.alunos_aluno USING btree (bairro_ref_id);


--
-- Name: aluno_cidade_ref_idx; Type: INDEX; Schema: public; Owner: omaum_user
--

CREATE INDEX aluno_cidade_ref_idx ON public.alunos_aluno USING btree (cidade_ref_id);


--
-- Name: alunos_alun_ativo_26ee3e_idx; Type: INDEX; Schema: public; Owner: omaum_user
--

CREATE INDEX alunos_alun_ativo_26ee3e_idx ON public.alunos_aluno USING btree (ativo);


--
-- Name: alunos_alun_cidade__0313e8_idx; Type: INDEX; Schema: public; Owner: omaum_user
--

CREATE INDEX alunos_alun_cidade__0313e8_idx ON public.alunos_aluno USING btree (cidade_naturalidade_id);


--
-- Name: alunos_alun_email_9690b2_idx; Type: INDEX; Schema: public; Owner: omaum_user
--

CREATE INDEX alunos_alun_email_9690b2_idx ON public.alunos_aluno USING btree (email);


--
-- Name: alunos_alun_nome_6c76a2_idx; Type: INDEX; Schema: public; Owner: omaum_user
--

CREATE INDEX alunos_alun_nome_6c76a2_idx ON public.alunos_aluno USING btree (nome);


--
-- Name: alunos_alun_numero__412a09_idx; Type: INDEX; Schema: public; Owner: omaum_user
--

CREATE INDEX alunos_alun_numero__412a09_idx ON public.alunos_aluno USING btree (numero_iniciatico);


--
-- Name: alunos_alun_pais_na_408f04_idx; Type: INDEX; Schema: public; Owner: omaum_user
--

CREATE INDEX alunos_alun_pais_na_408f04_idx ON public.alunos_aluno USING btree (pais_nacionalidade_id);


--
-- Name: alunos_alun_situaca_d6babc_idx; Type: INDEX; Schema: public; Owner: omaum_user
--

CREATE INDEX alunos_alun_situaca_d6babc_idx ON public.alunos_aluno USING btree (situacao);


--
-- Name: alunos_aluno_bairro_ref_id_9eb4b945; Type: INDEX; Schema: public; Owner: omaum_user
--

CREATE INDEX alunos_aluno_bairro_ref_id_9eb4b945 ON public.alunos_aluno USING btree (bairro_ref_id);


--
-- Name: alunos_aluno_cidade_naturalidade_id_a3864e62; Type: INDEX; Schema: public; Owner: omaum_user
--

CREATE INDEX alunos_aluno_cidade_naturalidade_id_a3864e62 ON public.alunos_aluno USING btree (cidade_naturalidade_id);


--
-- Name: alunos_aluno_cidade_ref_id_6780cde7; Type: INDEX; Schema: public; Owner: omaum_user
--

CREATE INDEX alunos_aluno_cidade_ref_id_6780cde7 ON public.alunos_aluno USING btree (cidade_ref_id);


--
-- Name: alunos_aluno_cpf_7abe4654_like; Type: INDEX; Schema: public; Owner: omaum_user
--

CREATE INDEX alunos_aluno_cpf_7abe4654_like ON public.alunos_aluno USING btree (cpf varchar_pattern_ops);


--
-- Name: alunos_aluno_email_3a8ef390_like; Type: INDEX; Schema: public; Owner: omaum_user
--

CREATE INDEX alunos_aluno_email_3a8ef390_like ON public.alunos_aluno USING btree (email varchar_pattern_ops);


--
-- Name: alunos_aluno_numero_iniciatico_cf15b77f_like; Type: INDEX; Schema: public; Owner: omaum_user
--

CREATE INDEX alunos_aluno_numero_iniciatico_cf15b77f_like ON public.alunos_aluno USING btree (numero_iniciatico varchar_pattern_ops);


--
-- Name: alunos_aluno_pais_nacionalidade_id_b0f82e53; Type: INDEX; Schema: public; Owner: omaum_user
--

CREATE INDEX alunos_aluno_pais_nacionalidade_id_b0f82e53 ON public.alunos_aluno USING btree (pais_nacionalidade_id);


--
-- Name: alunos_bair_cidade__57f68d_idx; Type: INDEX; Schema: public; Owner: omaum_user
--

CREATE INDEX alunos_bair_cidade__57f68d_idx ON public.alunos_bairro USING btree (cidade_id);


--
-- Name: alunos_bair_nome_3317e8_idx; Type: INDEX; Schema: public; Owner: omaum_user
--

CREATE INDEX alunos_bair_nome_3317e8_idx ON public.alunos_bairro USING btree (nome);


--
-- Name: alunos_bairro_cidade_id_dc6740d9; Type: INDEX; Schema: public; Owner: omaum_user
--

CREATE INDEX alunos_bairro_cidade_id_dc6740d9 ON public.alunos_bairro USING btree (cidade_id);


--
-- Name: alunos_cida_codigo__39b0aa_idx; Type: INDEX; Schema: public; Owner: omaum_user
--

CREATE INDEX alunos_cida_codigo__39b0aa_idx ON public.alunos_cidade USING btree (codigo_ibge);


--
-- Name: alunos_cida_estado__88a3c4_idx; Type: INDEX; Schema: public; Owner: omaum_user
--

CREATE INDEX alunos_cida_estado__88a3c4_idx ON public.alunos_cidade USING btree (estado_id);


--
-- Name: alunos_cida_nome_f4fc7f_idx; Type: INDEX; Schema: public; Owner: omaum_user
--

CREATE INDEX alunos_cida_nome_f4fc7f_idx ON public.alunos_cidade USING btree (nome);


--
-- Name: alunos_cidade_codigo_ibge_4e047a42_like; Type: INDEX; Schema: public; Owner: omaum_user
--

CREATE INDEX alunos_cidade_codigo_ibge_4e047a42_like ON public.alunos_cidade USING btree (codigo_ibge varchar_pattern_ops);


--
-- Name: alunos_cidade_estado_id_b43baa80; Type: INDEX; Schema: public; Owner: omaum_user
--

CREATE INDEX alunos_cidade_estado_id_b43baa80 ON public.alunos_cidade USING btree (estado_id);


--
-- Name: alunos_codigo_nome_3285b2e0_like; Type: INDEX; Schema: public; Owner: omaum_user
--

CREATE INDEX alunos_codigo_nome_3285b2e0_like ON public.alunos_codigo USING btree (nome varchar_pattern_ops);


--
-- Name: alunos_codigo_tipo_codigo_id_d377aa2f; Type: INDEX; Schema: public; Owner: omaum_user
--

CREATE INDEX alunos_codigo_tipo_codigo_id_d377aa2f ON public.alunos_codigo USING btree (tipo_codigo_id);


--
-- Name: alunos_esta_codigo_c7eaf3_idx; Type: INDEX; Schema: public; Owner: omaum_user
--

CREATE INDEX alunos_esta_codigo_c7eaf3_idx ON public.alunos_estado USING btree (codigo);


--
-- Name: alunos_esta_nome_2eed62_idx; Type: INDEX; Schema: public; Owner: omaum_user
--

CREATE INDEX alunos_esta_nome_2eed62_idx ON public.alunos_estado USING btree (nome);


--
-- Name: alunos_esta_regiao_ad46fa_idx; Type: INDEX; Schema: public; Owner: omaum_user
--

CREATE INDEX alunos_esta_regiao_ad46fa_idx ON public.alunos_estado USING btree (regiao);


--
-- Name: alunos_estado_codigo_e5455407_like; Type: INDEX; Schema: public; Owner: omaum_user
--

CREATE INDEX alunos_estado_codigo_e5455407_like ON public.alunos_estado USING btree (codigo varchar_pattern_ops);


--
-- Name: alunos_estado_nome_11052c0c_like; Type: INDEX; Schema: public; Owner: omaum_user
--

CREATE INDEX alunos_estado_nome_11052c0c_like ON public.alunos_estado USING btree (nome varchar_pattern_ops);


--
-- Name: alunos_pais_ativo_1bfd69_idx; Type: INDEX; Schema: public; Owner: omaum_user
--

CREATE INDEX alunos_pais_ativo_1bfd69_idx ON public.alunos_pais USING btree (ativo);


--
-- Name: alunos_pais_codigo_49b5f408_like; Type: INDEX; Schema: public; Owner: omaum_user
--

CREATE INDEX alunos_pais_codigo_49b5f408_like ON public.alunos_pais USING btree (codigo varchar_pattern_ops);


--
-- Name: alunos_pais_naciona_95a98f_idx; Type: INDEX; Schema: public; Owner: omaum_user
--

CREATE INDEX alunos_pais_naciona_95a98f_idx ON public.alunos_pais USING btree (nacionalidade);


--
-- Name: alunos_pais_nome_01ea0798_like; Type: INDEX; Schema: public; Owner: omaum_user
--

CREATE INDEX alunos_pais_nome_01ea0798_like ON public.alunos_pais USING btree (nome varchar_pattern_ops);


--
-- Name: alunos_pais_nome_adb5e1_idx; Type: INDEX; Schema: public; Owner: omaum_user
--

CREATE INDEX alunos_pais_nome_adb5e1_idx ON public.alunos_pais USING btree (nome);


--
-- Name: alunos_registrohistorico_aluno_id_111c8c2b; Type: INDEX; Schema: public; Owner: omaum_user
--

CREATE INDEX alunos_registrohistorico_aluno_id_111c8c2b ON public.alunos_registrohistorico USING btree (aluno_id);


--
-- Name: alunos_registrohistorico_codigo_id_1204971b; Type: INDEX; Schema: public; Owner: omaum_user
--

CREATE INDEX alunos_registrohistorico_codigo_id_1204971b ON public.alunos_registrohistorico USING btree (codigo_id);


--
-- Name: alunos_tipocodigo_nome_848d70dd_like; Type: INDEX; Schema: public; Owner: omaum_user
--

CREATE INDEX alunos_tipocodigo_nome_848d70dd_like ON public.alunos_tipocodigo USING btree (nome varchar_pattern_ops);


--
-- Name: atividades_atividade_curso_id_fed00226; Type: INDEX; Schema: public; Owner: omaum_user
--

CREATE INDEX atividades_atividade_curso_id_fed00226 ON public.atividades_atividade USING btree (curso_id);


--
-- Name: atividades_atividade_turmas_atividade_id_194816b5; Type: INDEX; Schema: public; Owner: omaum_user
--

CREATE INDEX atividades_atividade_turmas_atividade_id_194816b5 ON public.atividades_atividade_turmas USING btree (atividade_id);


--
-- Name: atividades_atividade_turmas_turma_id_400ab1ad; Type: INDEX; Schema: public; Owner: omaum_user
--

CREATE INDEX atividades_atividade_turmas_turma_id_400ab1ad ON public.atividades_atividade_turmas USING btree (turma_id);


--
-- Name: atividades_presenca_aluno_id_779e559b; Type: INDEX; Schema: public; Owner: omaum_user
--

CREATE INDEX atividades_presenca_aluno_id_779e559b ON public.atividades_presenca USING btree (aluno_id);


--
-- Name: atividades_presenca_atividade_id_c6cd73fe; Type: INDEX; Schema: public; Owner: omaum_user
--

CREATE INDEX atividades_presenca_atividade_id_c6cd73fe ON public.atividades_presenca USING btree (atividade_id);


--
-- Name: atividades_presenca_turma_id_d1c8294e; Type: INDEX; Schema: public; Owner: omaum_user
--

CREATE INDEX atividades_presenca_turma_id_d1c8294e ON public.atividades_presenca USING btree (turma_id);


--
-- Name: auth_group_name_a6ea08ec_like; Type: INDEX; Schema: public; Owner: omaum_user
--

CREATE INDEX auth_group_name_a6ea08ec_like ON public.auth_group USING btree (name varchar_pattern_ops);


--
-- Name: auth_group_permissions_group_id_b120cbf9; Type: INDEX; Schema: public; Owner: omaum_user
--

CREATE INDEX auth_group_permissions_group_id_b120cbf9 ON public.auth_group_permissions USING btree (group_id);


--
-- Name: auth_group_permissions_permission_id_84c5c92e; Type: INDEX; Schema: public; Owner: omaum_user
--

CREATE INDEX auth_group_permissions_permission_id_84c5c92e ON public.auth_group_permissions USING btree (permission_id);


--
-- Name: auth_permission_content_type_id_2f476e4b; Type: INDEX; Schema: public; Owner: omaum_user
--

CREATE INDEX auth_permission_content_type_id_2f476e4b ON public.auth_permission USING btree (content_type_id);


--
-- Name: auth_user_groups_group_id_97559544; Type: INDEX; Schema: public; Owner: omaum_user
--

CREATE INDEX auth_user_groups_group_id_97559544 ON public.auth_user_groups USING btree (group_id);


--
-- Name: auth_user_groups_user_id_6a12ed8b; Type: INDEX; Schema: public; Owner: omaum_user
--

CREATE INDEX auth_user_groups_user_id_6a12ed8b ON public.auth_user_groups USING btree (user_id);


--
-- Name: auth_user_user_permissions_permission_id_1fbb5f2c; Type: INDEX; Schema: public; Owner: omaum_user
--

CREATE INDEX auth_user_user_permissions_permission_id_1fbb5f2c ON public.auth_user_user_permissions USING btree (permission_id);


--
-- Name: auth_user_user_permissions_user_id_a95ead1b; Type: INDEX; Schema: public; Owner: omaum_user
--

CREATE INDEX auth_user_user_permissions_user_id_a95ead1b ON public.auth_user_user_permissions USING btree (user_id);


--
-- Name: auth_user_username_6821ab7c_like; Type: INDEX; Schema: public; Owner: omaum_user
--

CREATE INDEX auth_user_username_6821ab7c_like ON public.auth_user USING btree (username varchar_pattern_ops);


--
-- Name: django_admin_log_content_type_id_c4bce8eb; Type: INDEX; Schema: public; Owner: omaum_user
--

CREATE INDEX django_admin_log_content_type_id_c4bce8eb ON public.django_admin_log USING btree (content_type_id);


--
-- Name: django_admin_log_user_id_c564eba6; Type: INDEX; Schema: public; Owner: omaum_user
--

CREATE INDEX django_admin_log_user_id_c564eba6 ON public.django_admin_log USING btree (user_id);


--
-- Name: django_session_expire_date_a5c62663; Type: INDEX; Schema: public; Owner: omaum_user
--

CREATE INDEX django_session_expire_date_a5c62663 ON public.django_session USING btree (expire_date);


--
-- Name: django_session_session_key_c0390e0f_like; Type: INDEX; Schema: public; Owner: omaum_user
--

CREATE INDEX django_session_session_key_c0390e0f_like ON public.django_session USING btree (session_key varchar_pattern_ops);


--
-- Name: frequencias_carencia_aluno_id_89b20ca1; Type: INDEX; Schema: public; Owner: omaum_user
--

CREATE INDEX frequencias_carencia_aluno_id_89b20ca1 ON public.frequencias_carencia USING btree (aluno_id);


--
-- Name: frequencias_carencia_frequencia_mensal_id_31a4065d; Type: INDEX; Schema: public; Owner: omaum_user
--

CREATE INDEX frequencias_carencia_frequencia_mensal_id_31a4065d ON public.frequencias_carencia USING btree (frequencia_mensal_id);


--
-- Name: frequencias_frequenciamensal_turma_id_9b769ef9; Type: INDEX; Schema: public; Owner: omaum_user
--

CREATE INDEX frequencias_frequenciamensal_turma_id_9b769ef9 ON public.frequencias_frequenciamensal USING btree (turma_id);


--
-- Name: matriculas_matricula_aluno_id_d591b5d8; Type: INDEX; Schema: public; Owner: omaum_user
--

CREATE INDEX matriculas_matricula_aluno_id_d591b5d8 ON public.matriculas_matricula USING btree (aluno_id);


--
-- Name: matriculas_matricula_turma_id_4e666be3; Type: INDEX; Schema: public; Owner: omaum_user
--

CREATE INDEX matriculas_matricula_turma_id_4e666be3 ON public.matriculas_matricula USING btree (turma_id);


--
-- Name: notas_nota_aluno_id_95f9f8ce; Type: INDEX; Schema: public; Owner: omaum_user
--

CREATE INDEX notas_nota_aluno_id_95f9f8ce ON public.notas_nota USING btree (aluno_id);


--
-- Name: notas_nota_curso_id_18080170; Type: INDEX; Schema: public; Owner: omaum_user
--

CREATE INDEX notas_nota_curso_id_18080170 ON public.notas_nota USING btree (curso_id);


--
-- Name: notas_nota_turma_id_8863081f; Type: INDEX; Schema: public; Owner: omaum_user
--

CREATE INDEX notas_nota_turma_id_8863081f ON public.notas_nota USING btree (turma_id);


--
-- Name: pagamentos_pagamento_aluno_id_6461bd1d; Type: INDEX; Schema: public; Owner: omaum_user
--

CREATE INDEX pagamentos_pagamento_aluno_id_6461bd1d ON public.pagamentos_pagamento USING btree (aluno_id);


--
-- Name: presencas_registropresenca_aluno_id_3395f238; Type: INDEX; Schema: public; Owner: omaum_user
--

CREATE INDEX presencas_registropresenca_aluno_id_3395f238 ON public.presencas_registropresenca USING btree (aluno_id);


--
-- Name: presencas_registropresenca_atividade_id_ea4fa903; Type: INDEX; Schema: public; Owner: omaum_user
--

CREATE INDEX presencas_registropresenca_atividade_id_ea4fa903 ON public.presencas_registropresenca USING btree (atividade_id);


--
-- Name: presencas_registropresenca_turma_id_4b1e6e57; Type: INDEX; Schema: public; Owner: omaum_user
--

CREATE INDEX presencas_registropresenca_turma_id_4b1e6e57 ON public.presencas_registropresenca USING btree (turma_id);


--
-- Name: rh_aluno_dataos_desc; Type: INDEX; Schema: public; Owner: omaum_user
--

CREATE INDEX rh_aluno_dataos_desc ON public.alunos_registrohistorico USING btree (aluno_id, data_os DESC);


--
-- Name: rh_codigo_idx; Type: INDEX; Schema: public; Owner: omaum_user
--

CREATE INDEX rh_codigo_idx ON public.alunos_registrohistorico USING btree (codigo_id);


--
-- Name: turmas_turma_auxiliar_instrucao_id_0ab25891; Type: INDEX; Schema: public; Owner: omaum_user
--

CREATE INDEX turmas_turma_auxiliar_instrucao_id_0ab25891 ON public.turmas_turma USING btree (auxiliar_instrucao_id);


--
-- Name: turmas_turma_curso_id_ae3a0a9f; Type: INDEX; Schema: public; Owner: omaum_user
--

CREATE INDEX turmas_turma_curso_id_ae3a0a9f ON public.turmas_turma USING btree (curso_id);


--
-- Name: turmas_turma_instrutor_auxiliar_id_884aac3f; Type: INDEX; Schema: public; Owner: omaum_user
--

CREATE INDEX turmas_turma_instrutor_auxiliar_id_884aac3f ON public.turmas_turma USING btree (instrutor_auxiliar_id);


--
-- Name: turmas_turma_instrutor_id_39528401; Type: INDEX; Schema: public; Owner: omaum_user
--

CREATE INDEX turmas_turma_instrutor_id_39528401 ON public.turmas_turma USING btree (instrutor_id);


--
-- Name: alunos_aluno alunos_aluno_bairro_ref_id_9eb4b945_fk_alunos_bairro_id; Type: FK CONSTRAINT; Schema: public; Owner: omaum_user
--

ALTER TABLE ONLY public.alunos_aluno
    ADD CONSTRAINT alunos_aluno_bairro_ref_id_9eb4b945_fk_alunos_bairro_id FOREIGN KEY (bairro_ref_id) REFERENCES public.alunos_bairro(id) DEFERRABLE INITIALLY DEFERRED;


--
-- Name: alunos_aluno alunos_aluno_cidade_naturalidade__a3864e62_fk_alunos_ci; Type: FK CONSTRAINT; Schema: public; Owner: omaum_user
--

ALTER TABLE ONLY public.alunos_aluno
    ADD CONSTRAINT alunos_aluno_cidade_naturalidade__a3864e62_fk_alunos_ci FOREIGN KEY (cidade_naturalidade_id) REFERENCES public.alunos_cidade(id) DEFERRABLE INITIALLY DEFERRED;


--
-- Name: alunos_aluno alunos_aluno_cidade_ref_id_6780cde7_fk_alunos_cidade_id; Type: FK CONSTRAINT; Schema: public; Owner: omaum_user
--

ALTER TABLE ONLY public.alunos_aluno
    ADD CONSTRAINT alunos_aluno_cidade_ref_id_6780cde7_fk_alunos_cidade_id FOREIGN KEY (cidade_ref_id) REFERENCES public.alunos_cidade(id) DEFERRABLE INITIALLY DEFERRED;


--
-- Name: alunos_aluno alunos_aluno_pais_nacionalidade_id_b0f82e53_fk_alunos_pais_id; Type: FK CONSTRAINT; Schema: public; Owner: omaum_user
--

ALTER TABLE ONLY public.alunos_aluno
    ADD CONSTRAINT alunos_aluno_pais_nacionalidade_id_b0f82e53_fk_alunos_pais_id FOREIGN KEY (pais_nacionalidade_id) REFERENCES public.alunos_pais(id) DEFERRABLE INITIALLY DEFERRED;


--
-- Name: alunos_bairro alunos_bairro_cidade_id_dc6740d9_fk_alunos_cidade_id; Type: FK CONSTRAINT; Schema: public; Owner: omaum_user
--

ALTER TABLE ONLY public.alunos_bairro
    ADD CONSTRAINT alunos_bairro_cidade_id_dc6740d9_fk_alunos_cidade_id FOREIGN KEY (cidade_id) REFERENCES public.alunos_cidade(id) DEFERRABLE INITIALLY DEFERRED;


--
-- Name: alunos_cidade alunos_cidade_estado_id_b43baa80_fk_alunos_estado_id; Type: FK CONSTRAINT; Schema: public; Owner: omaum_user
--

ALTER TABLE ONLY public.alunos_cidade
    ADD CONSTRAINT alunos_cidade_estado_id_b43baa80_fk_alunos_estado_id FOREIGN KEY (estado_id) REFERENCES public.alunos_estado(id) DEFERRABLE INITIALLY DEFERRED;


--
-- Name: alunos_codigo alunos_codigo_tipo_codigo_id_d377aa2f_fk_alunos_tipocodigo_id; Type: FK CONSTRAINT; Schema: public; Owner: omaum_user
--

ALTER TABLE ONLY public.alunos_codigo
    ADD CONSTRAINT alunos_codigo_tipo_codigo_id_d377aa2f_fk_alunos_tipocodigo_id FOREIGN KEY (tipo_codigo_id) REFERENCES public.alunos_tipocodigo(id) DEFERRABLE INITIALLY DEFERRED;


--
-- Name: alunos_registrohistorico alunos_registrohistorico_aluno_id_111c8c2b_fk_alunos_aluno_id; Type: FK CONSTRAINT; Schema: public; Owner: omaum_user
--

ALTER TABLE ONLY public.alunos_registrohistorico
    ADD CONSTRAINT alunos_registrohistorico_aluno_id_111c8c2b_fk_alunos_aluno_id FOREIGN KEY (aluno_id) REFERENCES public.alunos_aluno(id) DEFERRABLE INITIALLY DEFERRED;


--
-- Name: alunos_registrohistorico alunos_registrohistorico_codigo_id_1204971b_fk_alunos_codigo_id; Type: FK CONSTRAINT; Schema: public; Owner: omaum_user
--

ALTER TABLE ONLY public.alunos_registrohistorico
    ADD CONSTRAINT alunos_registrohistorico_codigo_id_1204971b_fk_alunos_codigo_id FOREIGN KEY (codigo_id) REFERENCES public.alunos_codigo(id) DEFERRABLE INITIALLY DEFERRED;


--
-- Name: atividades_atividade_turmas atividades_atividade_atividade_id_194816b5_fk_atividade; Type: FK CONSTRAINT; Schema: public; Owner: omaum_user
--

ALTER TABLE ONLY public.atividades_atividade_turmas
    ADD CONSTRAINT atividades_atividade_atividade_id_194816b5_fk_atividade FOREIGN KEY (atividade_id) REFERENCES public.atividades_atividade(id) DEFERRABLE INITIALLY DEFERRED;


--
-- Name: atividades_atividade atividades_atividade_curso_id_fed00226_fk_cursos_curso_id; Type: FK CONSTRAINT; Schema: public; Owner: omaum_user
--

ALTER TABLE ONLY public.atividades_atividade
    ADD CONSTRAINT atividades_atividade_curso_id_fed00226_fk_cursos_curso_id FOREIGN KEY (curso_id) REFERENCES public.cursos_curso(id) DEFERRABLE INITIALLY DEFERRED;


--
-- Name: atividades_atividade_turmas atividades_atividade_turma_id_400ab1ad_fk_turmas_tu; Type: FK CONSTRAINT; Schema: public; Owner: omaum_user
--

ALTER TABLE ONLY public.atividades_atividade_turmas
    ADD CONSTRAINT atividades_atividade_turma_id_400ab1ad_fk_turmas_tu FOREIGN KEY (turma_id) REFERENCES public.turmas_turma(id) DEFERRABLE INITIALLY DEFERRED;


--
-- Name: atividades_presenca atividades_presenca_aluno_id_779e559b_fk_alunos_aluno_id; Type: FK CONSTRAINT; Schema: public; Owner: omaum_user
--

ALTER TABLE ONLY public.atividades_presenca
    ADD CONSTRAINT atividades_presenca_aluno_id_779e559b_fk_alunos_aluno_id FOREIGN KEY (aluno_id) REFERENCES public.alunos_aluno(id) DEFERRABLE INITIALLY DEFERRED;


--
-- Name: atividades_presenca atividades_presenca_atividade_id_c6cd73fe_fk_atividade; Type: FK CONSTRAINT; Schema: public; Owner: omaum_user
--

ALTER TABLE ONLY public.atividades_presenca
    ADD CONSTRAINT atividades_presenca_atividade_id_c6cd73fe_fk_atividade FOREIGN KEY (atividade_id) REFERENCES public.atividades_atividade(id) DEFERRABLE INITIALLY DEFERRED;


--
-- Name: atividades_presenca atividades_presenca_turma_id_d1c8294e_fk_turmas_turma_id; Type: FK CONSTRAINT; Schema: public; Owner: omaum_user
--

ALTER TABLE ONLY public.atividades_presenca
    ADD CONSTRAINT atividades_presenca_turma_id_d1c8294e_fk_turmas_turma_id FOREIGN KEY (turma_id) REFERENCES public.turmas_turma(id) DEFERRABLE INITIALLY DEFERRED;


--
-- Name: auth_group_permissions auth_group_permissio_permission_id_84c5c92e_fk_auth_perm; Type: FK CONSTRAINT; Schema: public; Owner: omaum_user
--

ALTER TABLE ONLY public.auth_group_permissions
    ADD CONSTRAINT auth_group_permissio_permission_id_84c5c92e_fk_auth_perm FOREIGN KEY (permission_id) REFERENCES public.auth_permission(id) DEFERRABLE INITIALLY DEFERRED;


--
-- Name: auth_group_permissions auth_group_permissions_group_id_b120cbf9_fk_auth_group_id; Type: FK CONSTRAINT; Schema: public; Owner: omaum_user
--

ALTER TABLE ONLY public.auth_group_permissions
    ADD CONSTRAINT auth_group_permissions_group_id_b120cbf9_fk_auth_group_id FOREIGN KEY (group_id) REFERENCES public.auth_group(id) DEFERRABLE INITIALLY DEFERRED;


--
-- Name: auth_permission auth_permission_content_type_id_2f476e4b_fk_django_co; Type: FK CONSTRAINT; Schema: public; Owner: omaum_user
--

ALTER TABLE ONLY public.auth_permission
    ADD CONSTRAINT auth_permission_content_type_id_2f476e4b_fk_django_co FOREIGN KEY (content_type_id) REFERENCES public.django_content_type(id) DEFERRABLE INITIALLY DEFERRED;


--
-- Name: auth_user_groups auth_user_groups_group_id_97559544_fk_auth_group_id; Type: FK CONSTRAINT; Schema: public; Owner: omaum_user
--

ALTER TABLE ONLY public.auth_user_groups
    ADD CONSTRAINT auth_user_groups_group_id_97559544_fk_auth_group_id FOREIGN KEY (group_id) REFERENCES public.auth_group(id) DEFERRABLE INITIALLY DEFERRED;


--
-- Name: auth_user_groups auth_user_groups_user_id_6a12ed8b_fk_auth_user_id; Type: FK CONSTRAINT; Schema: public; Owner: omaum_user
--

ALTER TABLE ONLY public.auth_user_groups
    ADD CONSTRAINT auth_user_groups_user_id_6a12ed8b_fk_auth_user_id FOREIGN KEY (user_id) REFERENCES public.auth_user(id) DEFERRABLE INITIALLY DEFERRED;


--
-- Name: auth_user_user_permissions auth_user_user_permi_permission_id_1fbb5f2c_fk_auth_perm; Type: FK CONSTRAINT; Schema: public; Owner: omaum_user
--

ALTER TABLE ONLY public.auth_user_user_permissions
    ADD CONSTRAINT auth_user_user_permi_permission_id_1fbb5f2c_fk_auth_perm FOREIGN KEY (permission_id) REFERENCES public.auth_permission(id) DEFERRABLE INITIALLY DEFERRED;


--
-- Name: auth_user_user_permissions auth_user_user_permissions_user_id_a95ead1b_fk_auth_user_id; Type: FK CONSTRAINT; Schema: public; Owner: omaum_user
--

ALTER TABLE ONLY public.auth_user_user_permissions
    ADD CONSTRAINT auth_user_user_permissions_user_id_a95ead1b_fk_auth_user_id FOREIGN KEY (user_id) REFERENCES public.auth_user(id) DEFERRABLE INITIALLY DEFERRED;


--
-- Name: django_admin_log django_admin_log_content_type_id_c4bce8eb_fk_django_co; Type: FK CONSTRAINT; Schema: public; Owner: omaum_user
--

ALTER TABLE ONLY public.django_admin_log
    ADD CONSTRAINT django_admin_log_content_type_id_c4bce8eb_fk_django_co FOREIGN KEY (content_type_id) REFERENCES public.django_content_type(id) DEFERRABLE INITIALLY DEFERRED;


--
-- Name: django_admin_log django_admin_log_user_id_c564eba6_fk_auth_user_id; Type: FK CONSTRAINT; Schema: public; Owner: omaum_user
--

ALTER TABLE ONLY public.django_admin_log
    ADD CONSTRAINT django_admin_log_user_id_c564eba6_fk_auth_user_id FOREIGN KEY (user_id) REFERENCES public.auth_user(id) DEFERRABLE INITIALLY DEFERRED;


--
-- Name: frequencias_carencia frequencias_carencia_aluno_id_89b20ca1_fk_alunos_aluno_id; Type: FK CONSTRAINT; Schema: public; Owner: omaum_user
--

ALTER TABLE ONLY public.frequencias_carencia
    ADD CONSTRAINT frequencias_carencia_aluno_id_89b20ca1_fk_alunos_aluno_id FOREIGN KEY (aluno_id) REFERENCES public.alunos_aluno(id) DEFERRABLE INITIALLY DEFERRED;


--
-- Name: frequencias_carencia frequencias_carencia_frequencia_mensal_id_31a4065d_fk_frequenci; Type: FK CONSTRAINT; Schema: public; Owner: omaum_user
--

ALTER TABLE ONLY public.frequencias_carencia
    ADD CONSTRAINT frequencias_carencia_frequencia_mensal_id_31a4065d_fk_frequenci FOREIGN KEY (frequencia_mensal_id) REFERENCES public.frequencias_frequenciamensal(id) DEFERRABLE INITIALLY DEFERRED;


--
-- Name: frequencias_frequenciamensal frequencias_frequenc_turma_id_9b769ef9_fk_turmas_tu; Type: FK CONSTRAINT; Schema: public; Owner: omaum_user
--

ALTER TABLE ONLY public.frequencias_frequenciamensal
    ADD CONSTRAINT frequencias_frequenc_turma_id_9b769ef9_fk_turmas_tu FOREIGN KEY (turma_id) REFERENCES public.turmas_turma(id) DEFERRABLE INITIALLY DEFERRED;


--
-- Name: matriculas_matricula matriculas_matricula_aluno_id_d591b5d8_fk_alunos_aluno_id; Type: FK CONSTRAINT; Schema: public; Owner: omaum_user
--

ALTER TABLE ONLY public.matriculas_matricula
    ADD CONSTRAINT matriculas_matricula_aluno_id_d591b5d8_fk_alunos_aluno_id FOREIGN KEY (aluno_id) REFERENCES public.alunos_aluno(id) DEFERRABLE INITIALLY DEFERRED;


--
-- Name: matriculas_matricula matriculas_matricula_turma_id_4e666be3_fk_turmas_turma_id; Type: FK CONSTRAINT; Schema: public; Owner: omaum_user
--

ALTER TABLE ONLY public.matriculas_matricula
    ADD CONSTRAINT matriculas_matricula_turma_id_4e666be3_fk_turmas_turma_id FOREIGN KEY (turma_id) REFERENCES public.turmas_turma(id) DEFERRABLE INITIALLY DEFERRED;


--
-- Name: notas_nota notas_nota_aluno_id_95f9f8ce_fk_alunos_aluno_id; Type: FK CONSTRAINT; Schema: public; Owner: omaum_user
--

ALTER TABLE ONLY public.notas_nota
    ADD CONSTRAINT notas_nota_aluno_id_95f9f8ce_fk_alunos_aluno_id FOREIGN KEY (aluno_id) REFERENCES public.alunos_aluno(id) DEFERRABLE INITIALLY DEFERRED;


--
-- Name: notas_nota notas_nota_curso_id_18080170_fk_cursos_curso_id; Type: FK CONSTRAINT; Schema: public; Owner: omaum_user
--

ALTER TABLE ONLY public.notas_nota
    ADD CONSTRAINT notas_nota_curso_id_18080170_fk_cursos_curso_id FOREIGN KEY (curso_id) REFERENCES public.cursos_curso(id) DEFERRABLE INITIALLY DEFERRED;


--
-- Name: notas_nota notas_nota_turma_id_8863081f_fk_turmas_turma_id; Type: FK CONSTRAINT; Schema: public; Owner: omaum_user
--

ALTER TABLE ONLY public.notas_nota
    ADD CONSTRAINT notas_nota_turma_id_8863081f_fk_turmas_turma_id FOREIGN KEY (turma_id) REFERENCES public.turmas_turma(id) DEFERRABLE INITIALLY DEFERRED;


--
-- Name: pagamentos_pagamento pagamentos_pagamento_aluno_id_6461bd1d_fk_alunos_aluno_id; Type: FK CONSTRAINT; Schema: public; Owner: omaum_user
--

ALTER TABLE ONLY public.pagamentos_pagamento
    ADD CONSTRAINT pagamentos_pagamento_aluno_id_6461bd1d_fk_alunos_aluno_id FOREIGN KEY (aluno_id) REFERENCES public.alunos_aluno(id) DEFERRABLE INITIALLY DEFERRED;


--
-- Name: presencas_registropresenca presencas_registropr_atividade_id_ea4fa903_fk_atividade; Type: FK CONSTRAINT; Schema: public; Owner: omaum_user
--

ALTER TABLE ONLY public.presencas_registropresenca
    ADD CONSTRAINT presencas_registropr_atividade_id_ea4fa903_fk_atividade FOREIGN KEY (atividade_id) REFERENCES public.atividades_atividade(id) DEFERRABLE INITIALLY DEFERRED;


--
-- Name: presencas_registropresenca presencas_registropresenca_aluno_id_3395f238_fk_alunos_aluno_id; Type: FK CONSTRAINT; Schema: public; Owner: omaum_user
--

ALTER TABLE ONLY public.presencas_registropresenca
    ADD CONSTRAINT presencas_registropresenca_aluno_id_3395f238_fk_alunos_aluno_id FOREIGN KEY (aluno_id) REFERENCES public.alunos_aluno(id) DEFERRABLE INITIALLY DEFERRED;


--
-- Name: presencas_registropresenca presencas_registropresenca_turma_id_4b1e6e57_fk_turmas_turma_id; Type: FK CONSTRAINT; Schema: public; Owner: omaum_user
--

ALTER TABLE ONLY public.presencas_registropresenca
    ADD CONSTRAINT presencas_registropresenca_turma_id_4b1e6e57_fk_turmas_turma_id FOREIGN KEY (turma_id) REFERENCES public.turmas_turma(id) DEFERRABLE INITIALLY DEFERRED;


--
-- Name: turmas_turma turmas_turma_auxiliar_instrucao_id_0ab25891_fk_alunos_aluno_id; Type: FK CONSTRAINT; Schema: public; Owner: omaum_user
--

ALTER TABLE ONLY public.turmas_turma
    ADD CONSTRAINT turmas_turma_auxiliar_instrucao_id_0ab25891_fk_alunos_aluno_id FOREIGN KEY (auxiliar_instrucao_id) REFERENCES public.alunos_aluno(id) DEFERRABLE INITIALLY DEFERRED;


--
-- Name: turmas_turma turmas_turma_curso_id_ae3a0a9f_fk_cursos_curso_id; Type: FK CONSTRAINT; Schema: public; Owner: omaum_user
--

ALTER TABLE ONLY public.turmas_turma
    ADD CONSTRAINT turmas_turma_curso_id_ae3a0a9f_fk_cursos_curso_id FOREIGN KEY (curso_id) REFERENCES public.cursos_curso(id) DEFERRABLE INITIALLY DEFERRED;


--
-- Name: turmas_turma turmas_turma_instrutor_auxiliar_id_884aac3f_fk_alunos_aluno_id; Type: FK CONSTRAINT; Schema: public; Owner: omaum_user
--

ALTER TABLE ONLY public.turmas_turma
    ADD CONSTRAINT turmas_turma_instrutor_auxiliar_id_884aac3f_fk_alunos_aluno_id FOREIGN KEY (instrutor_auxiliar_id) REFERENCES public.alunos_aluno(id) DEFERRABLE INITIALLY DEFERRED;


--
-- Name: turmas_turma turmas_turma_instrutor_id_39528401_fk_alunos_aluno_id; Type: FK CONSTRAINT; Schema: public; Owner: omaum_user
--

ALTER TABLE ONLY public.turmas_turma
    ADD CONSTRAINT turmas_turma_instrutor_id_39528401_fk_alunos_aluno_id FOREIGN KEY (instrutor_id) REFERENCES public.alunos_aluno(id) DEFERRABLE INITIALLY DEFERRED;


--
-- Name: SCHEMA public; Type: ACL; Schema: -; Owner: omaum_user
--

REVOKE USAGE ON SCHEMA public FROM PUBLIC;


--
-- PostgreSQL database dump complete
--

\unrestrict k9ew3zRL4HhHTDoZEticOEcMl1gzMEWuKu10ogFtgzYsraZAVf0In3Cvx6uemtc

