--
-- PostgreSQL database dump
--

\restrict I9wikfxwBWjj9gK9nfCfad29ANQPvgrmHx2Kvns5RvbqTPaL8U9uY5vhGuWhhTe

-- Dumped from database version 15.14
-- Dumped by pg_dump version 15.14

SET statement_timeout = 0;
SET lock_timeout = 0;
SET idle_in_transaction_session_timeout = 0;
SET client_encoding = 'UTF8';
SET standard_conforming_strings = on;
SELECT pg_catalog.set_config('search_path', '', false);
SET check_function_bodies = false;
SET xmloption = content;
SET client_min_messages = warning;
SET row_security = off;

SET default_tablespace = '';

SET default_table_access_method = heap;

--
-- Name: alunos_aluno; Type: TABLE; Schema: public; Owner: omaum_user
--

CREATE TABLE public.alunos_aluno (
    id bigint NOT NULL,
    cpf character varying(14) NOT NULL,
    nome character varying(100) NOT NULL,
    data_nascimento date NOT NULL,
    hora_nascimento time without time zone,
    email character varying(254) NOT NULL,
    foto character varying(100),
    sexo character varying(1) NOT NULL,
    situacao character varying(1) NOT NULL,
    numero_iniciatico character varying(20) NOT NULL,
    nome_iniciatico character varying(100),
    rua character varying(150),
    numero_imovel character varying(10),
    complemento character varying(50),
    cep character varying(10),
    nome_primeiro_contato character varying(100),
    celular_primeiro_contato character varying(15),
    tipo_relacionamento_primeiro_contato character varying(50),
    nome_segundo_contato character varying(100),
    celular_segundo_contato character varying(15),
    tipo_relacionamento_segundo_contato character varying(50),
    estado_civil character varying(20),
    profissao character varying(100),
    ativo boolean NOT NULL,
    tipo_sanguineo character varying(4),
    alergias text,
    condicoes_medicas_gerais text,
    convenio_medico character varying(100),
    hospital character varying(100),
    grau_atual character varying(50),
    situacao_iniciatica character varying(20) NOT NULL,
    historico_iniciatico jsonb NOT NULL,
    historico_checksum character varying(64),
    created_at timestamp with time zone NOT NULL,
    updated_at timestamp with time zone NOT NULL,
    bairro_ref_id bigint,
    cidade_naturalidade_id bigint,
    cidade_ref_id bigint,
    pais_nacionalidade_id bigint,
    telefone character varying(15),
    celular character varying(15)
);


ALTER TABLE public.alunos_aluno OWNER TO omaum_user;

--
-- Name: alunos_aluno_id_seq; Type: SEQUENCE; Schema: public; Owner: omaum_user
--

ALTER TABLE public.alunos_aluno ALTER COLUMN id ADD GENERATED BY DEFAULT AS IDENTITY (
    SEQUENCE NAME public.alunos_aluno_id_seq
    START WITH 1
    INCREMENT BY 1
    NO MINVALUE
    NO MAXVALUE
    CACHE 1
);


--
-- Name: alunos_bairro; Type: TABLE; Schema: public; Owner: omaum_user
--

CREATE TABLE public.alunos_bairro (
    id bigint NOT NULL,
    nome character varying(100) NOT NULL,
    codigo_externo character varying(30),
    cidade_id bigint NOT NULL
);


ALTER TABLE public.alunos_bairro OWNER TO omaum_user;

--
-- Name: alunos_bairro_id_seq; Type: SEQUENCE; Schema: public; Owner: omaum_user
--

ALTER TABLE public.alunos_bairro ALTER COLUMN id ADD GENERATED BY DEFAULT AS IDENTITY (
    SEQUENCE NAME public.alunos_bairro_id_seq
    START WITH 1
    INCREMENT BY 1
    NO MINVALUE
    NO MAXVALUE
    CACHE 1
);


--
-- Name: alunos_cidade; Type: TABLE; Schema: public; Owner: omaum_user
--

CREATE TABLE public.alunos_cidade (
    id bigint NOT NULL,
    nome character varying(100) NOT NULL,
    codigo_ibge character varying(7),
    estado_id bigint NOT NULL
);


ALTER TABLE public.alunos_cidade OWNER TO omaum_user;

--
-- Name: alunos_cidade_id_seq; Type: SEQUENCE; Schema: public; Owner: omaum_user
--

ALTER TABLE public.alunos_cidade ALTER COLUMN id ADD GENERATED BY DEFAULT AS IDENTITY (
    SEQUENCE NAME public.alunos_cidade_id_seq
    START WITH 1
    INCREMENT BY 1
    NO MINVALUE
    NO MAXVALUE
    CACHE 1
);


--
-- Name: alunos_codigo; Type: TABLE; Schema: public; Owner: omaum_user
--

CREATE TABLE public.alunos_codigo (
    id bigint NOT NULL,
    nome character varying(100) NOT NULL,
    descricao text,
    tipo_codigo_id bigint NOT NULL,
    ativo boolean NOT NULL
);


ALTER TABLE public.alunos_codigo OWNER TO omaum_user;

--
-- Name: alunos_codigo_id_seq; Type: SEQUENCE; Schema: public; Owner: omaum_user
--

ALTER TABLE public.alunos_codigo ALTER COLUMN id ADD GENERATED BY DEFAULT AS IDENTITY (
    SEQUENCE NAME public.alunos_codigo_id_seq
    START WITH 1
    INCREMENT BY 1
    NO MINVALUE
    NO MAXVALUE
    CACHE 1
);


--
-- Name: alunos_estado; Type: TABLE; Schema: public; Owner: omaum_user
--

CREATE TABLE public.alunos_estado (
    id bigint NOT NULL,
    codigo character varying(2) NOT NULL,
    nome character varying(100) NOT NULL,
    regiao character varying(20) NOT NULL
);


ALTER TABLE public.alunos_estado OWNER TO omaum_user;

--
-- Name: alunos_estado_id_seq; Type: SEQUENCE; Schema: public; Owner: omaum_user
--

ALTER TABLE public.alunos_estado ALTER COLUMN id ADD GENERATED BY DEFAULT AS IDENTITY (
    SEQUENCE NAME public.alunos_estado_id_seq
    START WITH 1
    INCREMENT BY 1
    NO MINVALUE
    NO MAXVALUE
    CACHE 1
);


--
-- Name: alunos_pais; Type: TABLE; Schema: public; Owner: omaum_user
--

CREATE TABLE public.alunos_pais (
    id bigint NOT NULL,
    codigo character varying(3) NOT NULL,
    nome character varying(100) NOT NULL,
    nacionalidade character varying(100) NOT NULL,
    ativo boolean NOT NULL
);


ALTER TABLE public.alunos_pais OWNER TO omaum_user;

--
-- Name: alunos_pais_id_seq; Type: SEQUENCE; Schema: public; Owner: omaum_user
--

ALTER TABLE public.alunos_pais ALTER COLUMN id ADD GENERATED BY DEFAULT AS IDENTITY (
    SEQUENCE NAME public.alunos_pais_id_seq
    START WITH 1
    INCREMENT BY 1
    NO MINVALUE
    NO MAXVALUE
    CACHE 1
);


--
-- Name: alunos_registrohistorico; Type: TABLE; Schema: public; Owner: omaum_user
--

CREATE TABLE public.alunos_registrohistorico (
    id bigint NOT NULL,
    ordem_servico character varying(50),
    data_os date NOT NULL,
    observacoes text,
    created_at timestamp with time zone NOT NULL,
    ativo boolean NOT NULL,
    aluno_id bigint NOT NULL,
    codigo_id bigint NOT NULL
);


ALTER TABLE public.alunos_registrohistorico OWNER TO omaum_user;

--
-- Name: alunos_registrohistorico_id_seq; Type: SEQUENCE; Schema: public; Owner: omaum_user
--

ALTER TABLE public.alunos_registrohistorico ALTER COLUMN id ADD GENERATED BY DEFAULT AS IDENTITY (
    SEQUENCE NAME public.alunos_registrohistorico_id_seq
    START WITH 1
    INCREMENT BY 1
    NO MINVALUE
    NO MAXVALUE
    CACHE 1
);


--
-- Name: alunos_tipocodigo; Type: TABLE; Schema: public; Owner: omaum_user
--

CREATE TABLE public.alunos_tipocodigo (
    id bigint NOT NULL,
    nome character varying(50) NOT NULL,
    descricao text,
    ativo boolean NOT NULL
);


ALTER TABLE public.alunos_tipocodigo OWNER TO omaum_user;

--
-- Name: alunos_tipocodigo_id_seq; Type: SEQUENCE; Schema: public; Owner: omaum_user
--

ALTER TABLE public.alunos_tipocodigo ALTER COLUMN id ADD GENERATED BY DEFAULT AS IDENTITY (
    SEQUENCE NAME public.alunos_tipocodigo_id_seq
    START WITH 1
    INCREMENT BY 1
    NO MINVALUE
    NO MAXVALUE
    CACHE 1
);


--
-- Name: atividades_atividade; Type: TABLE; Schema: public; Owner: omaum_user
--

CREATE TABLE public.atividades_atividade (
    id bigint NOT NULL,
    nome character varying(100) NOT NULL,
    descricao text,
    tipo_atividade character varying(20) NOT NULL,
    data_inicio date NOT NULL,
    data_fim date,
    hora_inicio time without time zone NOT NULL,
    hora_fim time without time zone,
    local character varying(100),
    responsavel character varying(100),
    status character varying(20) NOT NULL,
    ativo boolean NOT NULL,
    convocacao boolean NOT NULL,
    created_at timestamp with time zone NOT NULL,
    updated_at timestamp with time zone NOT NULL,
    curso_id bigint
);


ALTER TABLE public.atividades_atividade OWNER TO omaum_user;

--
-- Name: atividades_atividade_id_seq; Type: SEQUENCE; Schema: public; Owner: omaum_user
--

ALTER TABLE public.atividades_atividade ALTER COLUMN id ADD GENERATED BY DEFAULT AS IDENTITY (
    SEQUENCE NAME public.atividades_atividade_id_seq
    START WITH 1
    INCREMENT BY 1
    NO MINVALUE
    NO MAXVALUE
    CACHE 1
);


--
-- Name: atividades_atividade_turmas; Type: TABLE; Schema: public; Owner: omaum_user
--

CREATE TABLE public.atividades_atividade_turmas (
    id bigint NOT NULL,
    atividade_id bigint NOT NULL,
    turma_id bigint NOT NULL
);


ALTER TABLE public.atividades_atividade_turmas OWNER TO omaum_user;

--
-- Name: atividades_atividade_turmas_id_seq; Type: SEQUENCE; Schema: public; Owner: omaum_user
--

ALTER TABLE public.atividades_atividade_turmas ALTER COLUMN id ADD GENERATED BY DEFAULT AS IDENTITY (
    SEQUENCE NAME public.atividades_atividade_turmas_id_seq
    START WITH 1
    INCREMENT BY 1
    NO MINVALUE
    NO MAXVALUE
    CACHE 1
);


--
-- Name: atividades_presenca; Type: TABLE; Schema: public; Owner: omaum_user
--

CREATE TABLE public.atividades_presenca (
    id bigint NOT NULL,
    data date NOT NULL,
    presente boolean NOT NULL,
    registrado_por character varying(100) NOT NULL,
    data_registro timestamp with time zone NOT NULL,
    aluno_id bigint NOT NULL,
    atividade_id bigint NOT NULL,
    turma_id bigint NOT NULL
);


ALTER TABLE public.atividades_presenca OWNER TO omaum_user;

--
-- Name: atividades_presenca_id_seq; Type: SEQUENCE; Schema: public; Owner: omaum_user
--

ALTER TABLE public.atividades_presenca ALTER COLUMN id ADD GENERATED BY DEFAULT AS IDENTITY (
    SEQUENCE NAME public.atividades_presenca_id_seq
    START WITH 1
    INCREMENT BY 1
    NO MINVALUE
    NO MAXVALUE
    CACHE 1
);


--
-- Name: auth_group; Type: TABLE; Schema: public; Owner: omaum_user
--

CREATE TABLE public.auth_group (
    id integer NOT NULL,
    name character varying(150) NOT NULL
);


ALTER TABLE public.auth_group OWNER TO omaum_user;

--
-- Name: auth_group_id_seq; Type: SEQUENCE; Schema: public; Owner: omaum_user
--

ALTER TABLE public.auth_group ALTER COLUMN id ADD GENERATED BY DEFAULT AS IDENTITY (
    SEQUENCE NAME public.auth_group_id_seq
    START WITH 1
    INCREMENT BY 1
    NO MINVALUE
    NO MAXVALUE
    CACHE 1
);


--
-- Name: auth_group_permissions; Type: TABLE; Schema: public; Owner: omaum_user
--

CREATE TABLE public.auth_group_permissions (
    id bigint NOT NULL,
    group_id integer NOT NULL,
    permission_id integer NOT NULL
);


ALTER TABLE public.auth_group_permissions OWNER TO omaum_user;

--
-- Name: auth_group_permissions_id_seq; Type: SEQUENCE; Schema: public; Owner: omaum_user
--

ALTER TABLE public.auth_group_permissions ALTER COLUMN id ADD GENERATED BY DEFAULT AS IDENTITY (
    SEQUENCE NAME public.auth_group_permissions_id_seq
    START WITH 1
    INCREMENT BY 1
    NO MINVALUE
    NO MAXVALUE
    CACHE 1
);


--
-- Name: auth_permission; Type: TABLE; Schema: public; Owner: omaum_user
--

CREATE TABLE public.auth_permission (
    id integer NOT NULL,
    name character varying(255) NOT NULL,
    content_type_id integer NOT NULL,
    codename character varying(100) NOT NULL
);


ALTER TABLE public.auth_permission OWNER TO omaum_user;

--
-- Name: auth_permission_id_seq; Type: SEQUENCE; Schema: public; Owner: omaum_user
--

ALTER TABLE public.auth_permission ALTER COLUMN id ADD GENERATED BY DEFAULT AS IDENTITY (
    SEQUENCE NAME public.auth_permission_id_seq
    START WITH 1
    INCREMENT BY 1
    NO MINVALUE
    NO MAXVALUE
    CACHE 1
);


--
-- Name: auth_user; Type: TABLE; Schema: public; Owner: omaum_user
--

CREATE TABLE public.auth_user (
    id integer NOT NULL,
    password character varying(128) NOT NULL,
    last_login timestamp with time zone,
    is_superuser boolean NOT NULL,
    username character varying(150) NOT NULL,
    first_name character varying(150) NOT NULL,
    last_name character varying(150) NOT NULL,
    email character varying(254) NOT NULL,
    is_staff boolean NOT NULL,
    is_active boolean NOT NULL,
    date_joined timestamp with time zone NOT NULL
);


ALTER TABLE public.auth_user OWNER TO omaum_user;

--
-- Name: auth_user_groups; Type: TABLE; Schema: public; Owner: omaum_user
--

CREATE TABLE public.auth_user_groups (
    id bigint NOT NULL,
    user_id integer NOT NULL,
    group_id integer NOT NULL
);


ALTER TABLE public.auth_user_groups OWNER TO omaum_user;

--
-- Name: auth_user_groups_id_seq; Type: SEQUENCE; Schema: public; Owner: omaum_user
--

ALTER TABLE public.auth_user_groups ALTER COLUMN id ADD GENERATED BY DEFAULT AS IDENTITY (
    SEQUENCE NAME public.auth_user_groups_id_seq
    START WITH 1
    INCREMENT BY 1
    NO MINVALUE
    NO MAXVALUE
    CACHE 1
);


--
-- Name: auth_user_id_seq; Type: SEQUENCE; Schema: public; Owner: omaum_user
--

ALTER TABLE public.auth_user ALTER COLUMN id ADD GENERATED BY DEFAULT AS IDENTITY (
    SEQUENCE NAME public.auth_user_id_seq
    START WITH 1
    INCREMENT BY 1
    NO MINVALUE
    NO MAXVALUE
    CACHE 1
);


--
-- Name: auth_user_user_permissions; Type: TABLE; Schema: public; Owner: omaum_user
--

CREATE TABLE public.auth_user_user_permissions (
    id bigint NOT NULL,
    user_id integer NOT NULL,
    permission_id integer NOT NULL
);


ALTER TABLE public.auth_user_user_permissions OWNER TO omaum_user;

--
-- Name: auth_user_user_permissions_id_seq; Type: SEQUENCE; Schema: public; Owner: omaum_user
--

ALTER TABLE public.auth_user_user_permissions ALTER COLUMN id ADD GENERATED BY DEFAULT AS IDENTITY (
    SEQUENCE NAME public.auth_user_user_permissions_id_seq
    START WITH 1
    INCREMENT BY 1
    NO MINVALUE
    NO MAXVALUE
    CACHE 1
);


--
-- Name: core_configuracaosistema; Type: TABLE; Schema: public; Owner: omaum_user
--

CREATE TABLE public.core_configuracaosistema (
    id bigint NOT NULL,
    nome_sistema character varying(100) NOT NULL,
    versao character varying(20) NOT NULL,
    data_atualizacao timestamp with time zone NOT NULL,
    manutencao_ativa boolean NOT NULL,
    mensagem_manutencao text
);


ALTER TABLE public.core_configuracaosistema OWNER TO omaum_user;

--
-- Name: core_configuracaosistema_id_seq; Type: SEQUENCE; Schema: public; Owner: omaum_user
--

ALTER TABLE public.core_configuracaosistema ALTER COLUMN id ADD GENERATED BY DEFAULT AS IDENTITY (
    SEQUENCE NAME public.core_configuracaosistema_id_seq
    START WITH 1
    INCREMENT BY 1
    NO MINVALUE
    NO MAXVALUE
    CACHE 1
);


--
-- Name: core_logatividade; Type: TABLE; Schema: public; Owner: omaum_user
--

CREATE TABLE public.core_logatividade (
    id bigint NOT NULL,
    usuario character varying(100) NOT NULL,
    acao character varying(255) NOT NULL,
    tipo character varying(10) NOT NULL,
    data timestamp with time zone NOT NULL,
    detalhes text
);


ALTER TABLE public.core_logatividade OWNER TO omaum_user;

--
-- Name: core_logatividade_id_seq; Type: SEQUENCE; Schema: public; Owner: omaum_user
--

ALTER TABLE public.core_logatividade ALTER COLUMN id ADD GENERATED BY DEFAULT AS IDENTITY (
    SEQUENCE NAME public.core_logatividade_id_seq
    START WITH 1
    INCREMENT BY 1
    NO MINVALUE
    NO MAXVALUE
    CACHE 1
);


--
-- Name: cursos_curso; Type: TABLE; Schema: public; Owner: omaum_user
--

CREATE TABLE public.cursos_curso (
    id bigint NOT NULL,
    nome character varying(100) NOT NULL,
    descricao text NOT NULL,
    ativo boolean NOT NULL
);


ALTER TABLE public.cursos_curso OWNER TO omaum_user;

--
-- Name: cursos_curso_id_seq; Type: SEQUENCE; Schema: public; Owner: omaum_user
--

ALTER TABLE public.cursos_curso ALTER COLUMN id ADD GENERATED BY DEFAULT AS IDENTITY (
    SEQUENCE NAME public.cursos_curso_id_seq
    START WITH 1
    INCREMENT BY 1
    NO MINVALUE
    NO MAXVALUE
    CACHE 1
);


--
-- Name: django_admin_log; Type: TABLE; Schema: public; Owner: omaum_user
--

CREATE TABLE public.django_admin_log (
    id integer NOT NULL,
    action_time timestamp with time zone NOT NULL,
    object_id text,
    object_repr character varying(200) NOT NULL,
    action_flag smallint NOT NULL,
    change_message text NOT NULL,
    content_type_id integer,
    user_id integer NOT NULL,
    CONSTRAINT django_admin_log_action_flag_check CHECK ((action_flag >= 0))
);


ALTER TABLE public.django_admin_log OWNER TO omaum_user;

--
-- Name: django_admin_log_id_seq; Type: SEQUENCE; Schema: public; Owner: omaum_user
--

ALTER TABLE public.django_admin_log ALTER COLUMN id ADD GENERATED BY DEFAULT AS IDENTITY (
    SEQUENCE NAME public.django_admin_log_id_seq
    START WITH 1
    INCREMENT BY 1
    NO MINVALUE
    NO MAXVALUE
    CACHE 1
);


--
-- Name: django_content_type; Type: TABLE; Schema: public; Owner: omaum_user
--

CREATE TABLE public.django_content_type (
    id integer NOT NULL,
    app_label character varying(100) NOT NULL,
    model character varying(100) NOT NULL
);


ALTER TABLE public.django_content_type OWNER TO omaum_user;

--
-- Name: django_content_type_id_seq; Type: SEQUENCE; Schema: public; Owner: omaum_user
--

ALTER TABLE public.django_content_type ALTER COLUMN id ADD GENERATED BY DEFAULT AS IDENTITY (
    SEQUENCE NAME public.django_content_type_id_seq
    START WITH 1
    INCREMENT BY 1
    NO MINVALUE
    NO MAXVALUE
    CACHE 1
);


--
-- Name: django_migrations; Type: TABLE; Schema: public; Owner: omaum_user
--

CREATE TABLE public.django_migrations (
    id bigint NOT NULL,
    app character varying(255) NOT NULL,
    name character varying(255) NOT NULL,
    applied timestamp with time zone NOT NULL
);


ALTER TABLE public.django_migrations OWNER TO omaum_user;

--
-- Name: django_migrations_id_seq; Type: SEQUENCE; Schema: public; Owner: omaum_user
--

ALTER TABLE public.django_migrations ALTER COLUMN id ADD GENERATED BY DEFAULT AS IDENTITY (
    SEQUENCE NAME public.django_migrations_id_seq
    START WITH 1
    INCREMENT BY 1
    NO MINVALUE
    NO MAXVALUE
    CACHE 1
);


--
-- Name: django_session; Type: TABLE; Schema: public; Owner: omaum_user
--

CREATE TABLE public.django_session (
    session_key character varying(40) NOT NULL,
    session_data text NOT NULL,
    expire_date timestamp with time zone NOT NULL
);


ALTER TABLE public.django_session OWNER TO omaum_user;

--
-- Name: frequencias_carencia; Type: TABLE; Schema: public; Owner: omaum_user
--

CREATE TABLE public.frequencias_carencia (
    id bigint NOT NULL,
    total_presencas integer NOT NULL,
    total_atividades integer NOT NULL,
    percentual_presenca numeric(5,2) NOT NULL,
    numero_carencias integer NOT NULL,
    liberado boolean NOT NULL,
    status character varying(20),
    observacoes text,
    created_at timestamp with time zone NOT NULL,
    updated_at timestamp with time zone NOT NULL,
    aluno_id bigint NOT NULL,
    frequencia_mensal_id bigint NOT NULL
);


ALTER TABLE public.frequencias_carencia OWNER TO omaum_user;

--
-- Name: frequencias_carencia_id_seq; Type: SEQUENCE; Schema: public; Owner: omaum_user
--

ALTER TABLE public.frequencias_carencia ALTER COLUMN id ADD GENERATED BY DEFAULT AS IDENTITY (
    SEQUENCE NAME public.frequencias_carencia_id_seq
    START WITH 1
    INCREMENT BY 1
    NO MINVALUE
    NO MAXVALUE
    CACHE 1
);


--
-- Name: frequencias_frequenciamensal; Type: TABLE; Schema: public; Owner: omaum_user
--

CREATE TABLE public.frequencias_frequenciamensal (
    id bigint NOT NULL,
    mes integer NOT NULL,
    ano integer NOT NULL,
    percentual_minimo integer NOT NULL,
    created_at timestamp with time zone NOT NULL,
    updated_at timestamp with time zone NOT NULL,
    turma_id bigint NOT NULL
);


ALTER TABLE public.frequencias_frequenciamensal OWNER TO omaum_user;

--
-- Name: frequencias_frequenciamensal_id_seq; Type: SEQUENCE; Schema: public; Owner: omaum_user
--

ALTER TABLE public.frequencias_frequenciamensal ALTER COLUMN id ADD GENERATED BY DEFAULT AS IDENTITY (
    SEQUENCE NAME public.frequencias_frequenciamensal_id_seq
    START WITH 1
    INCREMENT BY 1
    NO MINVALUE
    NO MAXVALUE
    CACHE 1
);


--
-- Name: matriculas_matricula; Type: TABLE; Schema: public; Owner: omaum_user
--

CREATE TABLE public.matriculas_matricula (
    id bigint NOT NULL,
    data_matricula date NOT NULL,
    ativa boolean NOT NULL,
    status character varying(1) NOT NULL,
    aluno_id bigint NOT NULL,
    turma_id bigint NOT NULL
);


ALTER TABLE public.matriculas_matricula OWNER TO omaum_user;

--
-- Name: matriculas_matricula_id_seq; Type: SEQUENCE; Schema: public; Owner: omaum_user
--

ALTER TABLE public.matriculas_matricula ALTER COLUMN id ADD GENERATED BY DEFAULT AS IDENTITY (
    SEQUENCE NAME public.matriculas_matricula_id_seq
    START WITH 1
    INCREMENT BY 1
    NO MINVALUE
    NO MAXVALUE
    CACHE 1
);


--
-- Name: notas_nota; Type: TABLE; Schema: public; Owner: omaum_user
--

CREATE TABLE public.notas_nota (
    id bigint NOT NULL,
    tipo_avaliacao character varying(20) NOT NULL,
    valor numeric(5,2) NOT NULL,
    peso numeric(3,1) NOT NULL,
    data date NOT NULL,
    observacao text,
    created_at timestamp with time zone NOT NULL,
    updated_at timestamp with time zone NOT NULL,
    aluno_id bigint NOT NULL,
    curso_id bigint NOT NULL,
    turma_id bigint NOT NULL
);


ALTER TABLE public.notas_nota OWNER TO omaum_user;

--
-- Name: notas_nota_id_seq; Type: SEQUENCE; Schema: public; Owner: omaum_user
--

ALTER TABLE public.notas_nota ALTER COLUMN id ADD GENERATED BY DEFAULT AS IDENTITY (
    SEQUENCE NAME public.notas_nota_id_seq
    START WITH 1
    INCREMENT BY 1
    NO MINVALUE
    NO MAXVALUE
    CACHE 1
);


--
-- Name: pagamentos_pagamento; Type: TABLE; Schema: public; Owner: omaum_user
--

CREATE TABLE public.pagamentos_pagamento (
    id bigint NOT NULL,
    valor numeric(10,2) NOT NULL,
    data_vencimento date NOT NULL,
    status character varying(10) NOT NULL,
    data_pagamento date,
    valor_pago numeric(10,2),
    metodo_pagamento character varying(20),
    observacoes text,
    created_at timestamp with time zone NOT NULL,
    updated_at timestamp with time zone NOT NULL,
    aluno_id bigint NOT NULL
);


ALTER TABLE public.pagamentos_pagamento OWNER TO omaum_user;

--
-- Name: pagamentos_pagamento_id_seq; Type: SEQUENCE; Schema: public; Owner: omaum_user
--

ALTER TABLE public.pagamentos_pagamento ALTER COLUMN id ADD GENERATED BY DEFAULT AS IDENTITY (
    SEQUENCE NAME public.pagamentos_pagamento_id_seq
    START WITH 1
    INCREMENT BY 1
    NO MINVALUE
    NO MAXVALUE
    CACHE 1
);


--
-- Name: presencas_configuracaopresenca; Type: TABLE; Schema: public; Owner: omaum_user
--

CREATE TABLE public.presencas_configuracaopresenca (
    id bigint NOT NULL
);


ALTER TABLE public.presencas_configuracaopresenca OWNER TO omaum_user;

--
-- Name: presencas_configuracaopresenca_id_seq; Type: SEQUENCE; Schema: public; Owner: omaum_user
--

CREATE SEQUENCE public.presencas_configuracaopresenca_id_seq
    START WITH 1
    INCREMENT BY 1
    NO MINVALUE
    NO MAXVALUE
    CACHE 1;


ALTER TABLE public.presencas_configuracaopresenca_id_seq OWNER TO omaum_user;

--
-- Name: presencas_configuracaopresenca_id_seq; Type: SEQUENCE OWNED BY; Schema: public; Owner: omaum_user
--

ALTER SEQUENCE public.presencas_configuracaopresenca_id_seq OWNED BY public.presencas_configuracaopresenca.id;


--
-- Name: presencas_registropresenca; Type: TABLE; Schema: public; Owner: omaum_user
--

CREATE TABLE public.presencas_registropresenca (
    id bigint NOT NULL,
    data date NOT NULL,
    status character varying(2) NOT NULL,
    justificativa text,
    convocado boolean NOT NULL,
    registrado_por character varying(100) NOT NULL,
    data_registro timestamp with time zone NOT NULL,
    aluno_id bigint NOT NULL,
    atividade_id bigint NOT NULL,
    turma_id bigint NOT NULL
);


ALTER TABLE public.presencas_registropresenca OWNER TO omaum_user;

--
-- Name: presencas_presencadetalhada; Type: VIEW; Schema: public; Owner: omaum_user
--

CREATE VIEW public.presencas_presencadetalhada AS
 SELECT rp.aluno_id,
    rp.turma_id,
    rp.atividade_id,
    (date_trunc('month'::text, (rp.data)::timestamp with time zone))::date AS periodo,
    sum(
        CASE
            WHEN rp.convocado THEN 1
            ELSE 0
        END) AS convocacoes,
    sum(
        CASE
            WHEN ((rp.status)::text = 'P'::text) THEN 1
            ELSE 0
        END) AS presencas,
    sum(
        CASE
            WHEN ((rp.status)::text = ANY ((ARRAY['F'::character varying, 'J'::character varying])::text[])) THEN 1
            ELSE 0
        END) AS faltas,
    sum(
        CASE
            WHEN ((rp.status)::text = 'V1'::text) THEN 1
            ELSE 0
        END) AS voluntario_extra,
    sum(
        CASE
            WHEN ((rp.status)::text = 'V2'::text) THEN 1
            ELSE 0
        END) AS voluntario_simples,
    sum(
        CASE
            WHEN ((rp.status)::text = ANY ((ARRAY['F'::character varying, 'J'::character varying])::text[])) THEN 1
            ELSE 0
        END) AS carencias
   FROM public.presencas_registropresenca rp
  GROUP BY rp.aluno_id, rp.turma_id, rp.atividade_id, ((date_trunc('month'::text, (rp.data)::timestamp with time zone))::date);


ALTER TABLE public.presencas_presencadetalhada OWNER TO omaum_user;

--
-- Name: presencas_registropresenca_id_seq; Type: SEQUENCE; Schema: public; Owner: omaum_user
--

ALTER TABLE public.presencas_registropresenca ALTER COLUMN id ADD GENERATED BY DEFAULT AS IDENTITY (
    SEQUENCE NAME public.presencas_registropresenca_id_seq
    START WITH 1
    INCREMENT BY 1
    NO MINVALUE
    NO MAXVALUE
    CACHE 1
);


--
-- Name: turmas_turma; Type: TABLE; Schema: public; Owner: omaum_user
--

CREATE TABLE public.turmas_turma (
    id bigint NOT NULL,
    nome character varying(100) NOT NULL,
    descricao text,
    num_livro integer,
    data_iniciacao date,
    data_inicio_ativ date,
    data_prim_aula date,
    data_termino_atividades date,
    dias_semana character varying(20),
    horario character varying(100),
    local character varying(200),
    vagas integer NOT NULL,
    status character varying(1) NOT NULL,
    ativo boolean NOT NULL,
    alerta_instrutor boolean NOT NULL,
    alerta_mensagem text,
    created_at timestamp with time zone NOT NULL,
    updated_at timestamp with time zone NOT NULL,
    auxiliar_instrucao_id bigint,
    curso_id bigint NOT NULL,
    instrutor_id bigint,
    instrutor_auxiliar_id bigint,
    perc_presenca_minima numeric(5,2),
    CONSTRAINT turmas_turma_num_livro_check CHECK ((num_livro >= 0)),
    CONSTRAINT turmas_turma_vagas_check CHECK ((vagas >= 0))
);


ALTER TABLE public.turmas_turma OWNER TO omaum_user;

--
-- Name: turmas_turma_id_seq; Type: SEQUENCE; Schema: public; Owner: omaum_user
--

ALTER TABLE public.turmas_turma ALTER COLUMN id ADD GENERATED BY DEFAULT AS IDENTITY (
    SEQUENCE NAME public.turmas_turma_id_seq
    START WITH 1
    INCREMENT BY 1
    NO MINVALUE
    NO MAXVALUE
    CACHE 1
);


--
-- Name: presencas_configuracaopresenca id; Type: DEFAULT; Schema: public; Owner: omaum_user
--

ALTER TABLE ONLY public.presencas_configuracaopresenca ALTER COLUMN id SET DEFAULT nextval('public.presencas_configuracaopresenca_id_seq'::regclass);


--
-- Data for Name: alunos_aluno; Type: TABLE DATA; Schema: public; Owner: omaum_user
--

COPY public.alunos_aluno (id, cpf, nome, data_nascimento, hora_nascimento, email, foto, sexo, situacao, numero_iniciatico, nome_iniciatico, rua, numero_imovel, complemento, cep, nome_primeiro_contato, celular_primeiro_contato, tipo_relacionamento_primeiro_contato, nome_segundo_contato, celular_segundo_contato, tipo_relacionamento_segundo_contato, estado_civil, profissao, ativo, tipo_sanguineo, alergias, condicoes_medicas_gerais, convenio_medico, hospital, grau_atual, situacao_iniciatica, historico_iniciatico, historico_checksum, created_at, updated_at, bairro_ref_id, cidade_naturalidade_id, cidade_ref_id, pais_nacionalidade_id, telefone, celular) FROM stdin;
2	13791254864	Alice Ferreira	1973-10-15	01:10:00	alice.ferreira6736@exemplo.com	fotos_alunos\\aluno_2.jpg	F	a	TEMP-2	\N	Rua Silva 96	461	\N	\N	\N	\N	\N	\N	\N	\N	\N	\N	t	AB+	\N	\N	\N	\N	\N	ATIVO	[]	\N	2025-09-05 09:46:30.006+00	2025-11-24 00:24:56.559+00	\N	\N	\N	3	\N	\N
54	99988877766	Aluno Legado Demo	1990-05-20	\N	aluno.legado.demo@example.com		M	a	DEM0001	\N	\N	\N	\N	\N	\N	\N	\N	\N	\N	\N	\N	\N	t	\N	\N	\N	\N	\N	\N	a	[{"data": "2019-08-04", "tipo": "Demo Legado", "codigo_id": 408, "descricao": "Evento Iniciático Demo", "observacoes": "Outro evento de demonstração criado pelo script.", "ordem_servico": "DEM/2019", "registrado_em": "2025-10-05T15:33:34.914529+00:00"}, {"data": "2018-03-12", "tipo": "Demo Legado", "codigo_id": 408, "descricao": "Evento Iniciático Demo", "observacoes": "Registro legado importado via script.", "ordem_servico": "DEM/2018", "registrado_em": "2025-10-05T15:33:34.873739+00:00"}]	693fbf5f0f263d4b09218dc226e5684c25fbae88a09d29746fcdfc35b5aa023e	2025-10-05 15:32:56.205+00	2025-10-05 15:33:34.926+00	\N	\N	\N	\N	\N	\N
51		Aluno Sem CPF	1990-01-01	\N	semcpf@exemplo.com	fotos_alunos\\aluno_51.jpg	M	a	TEMP-51	\N	\N	\N	\N	\N	\N	\N	\N	\N	\N	\N	\N	\N	t	\N	\N	\N	\N	\N	\N	ATIVO	[]	\N	2025-09-05 09:51:14.083+00	2025-09-17 10:11:18.983+00	\N	\N	\N	\N	\N	\N
52	95145397365	Aluno Sem Email	1991-02-02	\N		fotos_alunos\\aluno_52.jpg	M	a	TEMP-52	\N	\N	\N	\N	\N	\N	\N	\N	\N	\N	\N	\N	\N	t	\N	\N	\N	\N	\N	\N	ATIVO	[]	\N	2025-09-05 09:51:14.096+00	2025-11-24 00:24:57.284+00	\N	\N	\N	\N	\N	\N
29	64314816119	Cecília Martins	1992-11-07	04:46:00	cecília.martins209@exemplo.com	fotos_alunos\\aluno_29.jpg	M	a	TEMP-29	\N	Rua Martins 90	132	\N	\N	\N	\N	\N	\N	\N	\N	\N	\N	t	B-	\N	\N	\N	\N	\N	ATIVO	[]	\N	2025-09-05 09:46:33.738+00	2025-11-24 00:24:58.347+00	\N	\N	\N	3	\N	\N
43	88612011058	Davi Almeida	1975-05-10	20:46:00	davi.almeida2699@exemplo.com	fotos_alunos\\aluno_43.jpg	F	a	TEMP-43	\N	Rua Martins 22	721	\N	\N	\N	\N	\N	\N	\N	\N	\N	\N	t	B-	\N	\N	\N	\N	\N	ATIVO	[]	\N	2025-09-05 09:46:35.378+00	2025-11-24 00:24:58.472+00	\N	\N	\N	3	\N	\N
3	61866512179	Davi Rodrigues	1974-03-28	07:41:00	davi.rodrigues4585@exemplo.com	fotos_alunos\\aluno_3.jpg	M	a	TEMP-3	\N	Rua Soares 38	425	\N	\N	\N	\N	\N	\N	\N	\N	\N	\N	t	O+	\N	\N	\N	\N	\N	ATIVO	[]	\N	2025-09-05 09:46:30.057+00	2025-11-24 00:24:58.774+00	\N	\N	\N	3	\N	\N
34	59278357340	Miguel Santos	1983-12-22	19:36:00	miguel.santos8374@exemplo.com	fotos_alunos\\aluno_34.jpg	M	a	TEMP-34	\N	Rua Lopes 3	954	\N	\N	\N	\N	\N	\N	\N	\N	\N	\N	t	AB+	\N	\N	\N	\N	\N	ATIVO	[]	\N	2025-09-05 09:46:34.448+00	2025-11-24 00:25:00.174+00	\N	\N	\N	3	\N	\N
27	14374544051	Samuel Alves	1997-03-19	17:27:00	samuel.alves2725@exemplo.com	fotos_alunos\\aluno_27.jpg	M	a	TEMP-27	\N	Rua Ferreira 22	835	\N	\N	\N	\N	\N	\N	\N	\N	\N	\N	t	B+	\N	\N	\N	\N	\N	ATIVO	[]	\N	2025-09-05 09:46:33.562+00	2025-11-24 00:25:00.3+00	\N	\N	\N	3	\N	\N
42	48274493442	Samuel Lima	1973-08-21	10:45:00	samuel.lima8642@exemplo.com	fotos_alunos\\aluno_42.jpg	M	a	TEMP-42	\N	Rua Carvalho 6	723	\N	\N	\N	\N	\N	\N	\N	\N	\N	\N	t	B-	\N	\N	\N	\N	\N	ATIVO	[]	\N	2025-09-05 09:46:35.335+00	2025-11-24 00:25:00.399+00	\N	\N	\N	1	\N	\N
53	19483615777	Aluno Data Futura	2026-09-05	\N	futuro@exemplo.com	fotos_alunos\\aluno_53.jpg	M	a	TEMP-53	\N	\N	\N	\N	\N	\N	\N	\N	\N	\N	\N	\N	\N	t	\N	\N	\N	\N	\N	Pré-Iniciático	ATIVO	[]	\N	2025-09-05 09:51:14.108+00	2025-11-24 00:24:57.209+00	\N	\N	\N	\N	\N	\N
9	57711737660	Alice Ribeiro	1995-01-17	15:57:00	alice.ribeiro6761@exemplo.com	fotos_alunos\\aluno_9.jpg	F	a	TEMP-9	\N	Rua Gomes 76	733	\N	\N	\N	\N	\N	\N	\N	\N	\N	\N	t	AB-	\N	\N	\N	\N	Pré-Iniciático	ATIVO	[]	\N	2025-09-05 09:46:30.954+00	2025-11-24 00:24:57.058+00	\N	\N	\N	2	\N	\N
35	16010281635	Arthur Oliveira	1997-05-28	16:32:00	arthur.oliveira7229@exemplo.com	fotos_alunos\\aluno_35.jpg	M	a	TEMP-35	\N	Rua Pereira 46	241	\N	\N	\N	\N	\N	\N	\N	\N	\N	\N	t	A-	\N	\N	\N	\N	Coleginho	ATIVO	[]	\N	2025-09-05 09:46:34.501+00	2025-11-24 00:24:57.469+00	\N	\N	\N	1	\N	\N
40	72592795741	Helena Costa	1971-06-10	00:13:00	helena.costa1428@exemplo.com	fotos_alunos\\aluno_40.jpg	M	a	TEMP-40	\N	Rua Martins 74	124	\N	\N	\N	\N	\N	\N	\N	\N	\N	\N	t	A+	\N	\N	\N	\N	4º Grau	ATIVO	[]	\N	2025-09-05 09:46:35.041+00	2025-11-24 00:24:59.319+00	\N	\N	\N	3	\N	\N
6	31914646814	Bernardo Alves	1976-12-06	23:33:00	bernardo.alves9872@exemplo.com	fotos_alunos\\aluno_6.jpg	M	a	TEMP-6	\N	Rua Fernandes 49	397	\N	\N	\N	\N	\N	\N	\N	\N	\N	\N	t	AB-	\N	\N	\N	\N	Coleginho	ATIVO	[]	\N	2025-09-05 09:46:30.44+00	2025-11-24 00:24:58.082+00	\N	\N	\N	1	\N	\N
38	60281194325	Davi Lopes	1998-05-14	00:38:00	davi.lopes8544@exemplo.com	fotos_alunos\\aluno_38.jpg	F	a	TEMP-38	\N	Rua Soares 95	859	\N	\N	\N	\N	\N	\N	\N	\N	\N	\N	t	O-	\N	\N	\N	\N	1º Grau	ATIVO	[]	\N	2025-09-05 09:46:34.802+00	2025-11-24 00:24:58.717+00	\N	\N	\N	3	\N	\N
14	61447132141	Alice Lima	1999-11-15	06:51:00	alice.lima9119@exemplo.com	fotos_alunos\\aluno_14.jpg	M	a	TEMP-14	\N	Rua Alves 8	137	\N	\N	\N	\N	\N	\N	\N	\N	\N	\N	t	AB+	\N	\N	\N	\N	2º Grau	ATIVO	[]	\N	2025-09-05 09:46:31.645+00	2025-11-24 00:24:56.847+00	\N	\N	\N	2	\N	\N
41	96016896437	Heitor Lopes	1971-06-02	18:24:00	heitor.lopes3654@exemplo.com	fotos_alunos\\aluno_41.jpg	M	a	TEMP-41	\N	Rua Lima 54	480	\N	\N	\N	\N	\N	\N	\N	\N	\N	\N	t	AB+	\N	\N	\N	\N	2º Grau	ATIVO	[]	\N	2025-09-05 09:46:35.134+00	2025-11-24 00:24:59.067+00	\N	\N	\N	3	\N	\N
36	49521852330	Isabella Souza	1986-01-21	07:02:00	isabella.souza2420@exemplo.com	fotos_alunos\\aluno_36.jpg	M	a	TEMP-36	\N	Rua Ribeiro 29	876	\N	\N	\N	\N	\N	\N	\N	\N	\N	\N	t	AB+	\N	\N	\N	\N	Colégio Sacerdotal	ATIVO	[]	\N	2025-09-05 09:46:34.62+00	2025-11-24 00:24:59.467+00	\N	\N	\N	3	\N	\N
48	46456056238	Alice Ribeiro	1989-08-03	23:22:00	alice.ribeiro6092@exemplo.com	fotos_alunos\\aluno_48.jpg	M	a	TEMP-48	\N	Rua Ferreira 17	751	\N	\N	\N	\N	\N	\N	\N	\N	\N	\N	t	A+	\N	\N	\N	\N	3º Grau	ATIVO	[]	\N	2025-09-05 09:46:35.976+00	2025-11-24 00:24:57.142+00	\N	\N	\N	3	\N	\N
21	61218437075	Bernardo Almeida	1992-03-23	14:39:00	bernardo.almeida9151@exemplo.com	fotos_alunos\\aluno_21.jpg	M	a	TEMP-21	\N	Rua Ferreira 51	620	\N	\N	\N	\N	\N	\N	\N	\N	\N	\N	t	AB-	\N	\N	\N	\N	1º Grau	ATIVO	[]	\N	2025-09-05 09:46:32.64+00	2025-11-24 00:24:58.004+00	\N	\N	\N	3	\N	\N
32	81990816850	Arthur Vieira	1970-12-10	21:44:00	arthur.vieira8458@exemplo.com	fotos_alunos\\aluno_32.jpg	F	a	TEMP-32	\N	Rua Pereira 40	6	\N	\N	\N	\N	\N	\N	\N	\N	\N	\N	t	AB+	\N	\N	\N	\N	Coleginho	ATIVO	[]	\N	2025-09-05 09:46:34.208+00	2025-11-24 00:24:57.835+00	\N	\N	\N	1	\N	\N
4	82296475299	Manuela Lopes	1995-06-11	23:02:00	manuela.lopes1079@exemplo.com	fotos_alunos\\aluno_4.jpg	F	a	TEMP-4	\N	Rua Silva 30	99	\N	\N	\N	\N	\N	\N	\N	\N	\N	\N	t	O-	\N	\N	\N	\N	2º Grau	ATIVO	[]	\N	2025-09-05 09:46:30.1+00	2025-11-24 00:24:59.841+00	\N	\N	\N	2	\N	\N
28	77783215769	Alice Lopes	1999-05-12	13:28:00	alice.lopes1072@exemplo.com	fotos_alunos\\aluno_28.jpg	M	a	TEMP-28	\N	Rua Almeida 83	137	\N	\N	\N	\N	\N	\N	\N	\N	\N	\N	t	B-	\N	\N	\N	\N	3º Grau	ATIVO	[]	\N	2025-09-05 09:46:33.623+00	2025-11-24 00:24:56.957+00	\N	\N	\N	2	\N	\N
25	61785994644	Cecília Oliveira	1982-11-05	02:19:00	cecília.oliveira6485@exemplo.com	fotos_alunos\\aluno_25.jpg	M	a	TEMP-25	\N	Rua Lima 52	784	\N	\N	\N	\N	\N	\N	\N	\N	\N	\N	t	O+	\N	\N	\N	\N	Pré-Iniciático	ATIVO	[]	\N	2025-09-05 09:46:33.16+00	2025-11-24 00:24:58.407+00	\N	\N	\N	3	\N	\N
30	83225780359	Davi Ferreira	1999-08-01	11:35:00	davi.ferreira7233@exemplo.com	fotos_alunos\\aluno_30.jpg	F	a	TEMP-30	\N	Rua Lopes 57	139	\N	\N	\N	\N	\N	\N	\N	\N	\N	\N	t	A+	\N	\N	\N	\N	Coleginho	ATIVO	[]	\N	2025-09-05 09:46:33.794+00	2025-11-24 00:24:58.589+00	\N	\N	\N	2	\N	\N
47	60634970458	Samuel Ribeiro	1970-06-26	15:51:00	samuel.ribeiro9324@exemplo.com	fotos_alunos\\aluno_47.jpg	F	a	TEMP-47	\N	Rua Vieira 56	411	\N	\N	\N	\N	\N	\N	\N	\N	\N	\N	t	AB-	\N	\N	\N	\N	Colégio Sacerdotal	ATIVO	[]	\N	2025-09-05 09:46:35.86+00	2025-11-24 00:25:00.454+00	\N	\N	\N	2	\N	\N
31	48065237578	Maria Alice Vieira	1992-11-24	19:02:00	maria alice.vieira9109@exemplo.com	fotos_alunos\\aluno_31.jpg	F	a	TEMP-31	\N	Rua Alves 52	240	\N	\N	\N	\N	\N	\N	\N	\N	\N	\N	t	A-	\N	\N	\N	\N	Colégio Sacerdotal	ATIVO	[]	\N	2025-09-05 09:46:34.082+00	2025-11-24 00:24:59.928+00	\N	\N	\N	3	\N	\N
46	38683468462	Cecília Lima	1990-08-21	17:27:00	cecília.lima2630@exemplo.com	fotos_alunos\\aluno_46.jpg	M	a	TEMP-46	\N	Rua Oliveira 50	649	\N	\N	\N	\N	\N	\N	\N	\N	\N	\N	t	AB+	\N	\N	\N	\N	Coleginho	ATIVO	[]	\N	2025-09-05 09:46:35.743+00	2025-11-24 00:24:58.277+00	\N	\N	\N	2	\N	\N
11	77751315753	Samuel Soares	1977-05-10	18:28:00	samuel.soares5771@exemplo.com	fotos_alunos\\aluno_11.jpg	M	a	TEMP-11	\N	Rua Gomes 9	908	\N	\N	\N	\N	\N	\N	\N	\N	\N	\N	t	O+	\N	\N	\N	\N	3º Grau	ATIVO	[]	\N	2025-09-05 09:46:31.242+00	2025-11-24 00:25:00.523+00	\N	\N	\N	1	\N	\N
23	59090733716	Bernardo Gomes	1976-12-11	05:39:00	bernardo.gomes2657@exemplo.com	fotos_alunos\\aluno_23.jpg	M	a	TEMP-23	\N	Rua Costa 55	625	\N	\N	\N	\N	\N	\N	\N	\N	\N	\N	t	B-	\N	\N	\N	\N	Coleginho	ATIVO	[]	\N	2025-09-05 09:46:32.888+00	2025-11-24 00:24:58.204+00	\N	\N	\N	2	\N	\N
20	73962860814	Heitor Martins	2000-12-01	23:54:00	heitor.martins2654@exemplo.com	fotos_alunos\\aluno_20.jpg	F	a	TEMP-20	\N	Rua Oliveira 21	99	\N	\N	\N	\N	\N	\N	\N	\N	\N	\N	t	O-	\N	\N	\N	\N	1º Grau	ATIVO	[]	\N	2025-09-05 09:46:32.512+00	2025-11-24 00:24:59.167+00	\N	\N	\N	3	\N	\N
50	40588275718	Manuela Fernandes	1983-04-28	12:29:00	manuela.fernandes8999@exemplo.com	fotos_alunos\\aluno_50.jpg	F	a	TEMP-50	\N	Rua Fernandes 27	11	\N	\N	\N	\N	\N	\N	\N	\N	\N	\N	t	A+	\N	\N	\N	\N	2º Grau	ATIVO	[]	\N	2025-09-05 09:46:36.228+00	2025-11-24 00:24:59.785+00	\N	\N	\N	3	\N	\N
1	13615136620	Arthur Ferreira	1997-06-23	13:17:00	arthur.ferreira7192@exemplo.com	fotos_alunos\\aluno_1.jpg	F	a	TEMP-1	\N	Rua Alves 2	483	\N	\N	\N	\N	\N	\N	\N	\N	\N	\N	t	A+	\N	\N	\N	\N	Coleginho	ATIVO	[]	\N	2025-09-05 09:46:29.903+00	2025-11-24 00:24:57.384+00	\N	\N	\N	1	\N	\N
15	11839182580	Davi Rodrigues	1993-06-10	18:58:00	davi.rodrigues3880@exemplo.com	fotos_alunos\\aluno_15.jpg	M	a	TEMP-15	\N	Rua Lima 25	856	\N	\N	\N	\N	\N	\N	\N	\N	\N	\N	t	AB+	\N	\N	\N	\N	3º Grau	ATIVO	[]	\N	2025-09-05 09:46:31.836+00	2025-11-24 00:24:58.842+00	\N	\N	\N	2	\N	\N
10	38115183812	Sophia Alves	1991-07-16	02:06:00	sophia.alves3243@exemplo.com	fotos_alunos\\aluno_10.jpg	F	a	TEMP-10	\N	Rua Martins 79	334	\N	\N	\N	\N	\N	\N	\N	\N	\N	\N	t	B-	\N	\N	\N	\N	Coleginho	ATIVO	[]	\N	2025-09-05 09:46:31.074+00	2025-11-24 00:25:00.6+00	\N	\N	\N	2	\N	\N
13	46059851775	Alice Fernandes	1973-03-15	06:55:00	alice.fernandes4708@exemplo.com	fotos_alunos\\aluno_13.jpg	M	a	TEMP-13	\N	Rua Lima 36	741	\N	\N	\N	\N	\N	\N	\N	\N	\N	\N	t	A-	\N	\N	\N	\N	1º Grau	ATIVO	[]	\N	2025-09-05 09:46:31.492+00	2025-11-24 00:24:56.315+00	\N	\N	\N	3	\N	\N
26	19547890182	Maitê Costa	1975-06-18	09:55:00	maitê.costa4257@exemplo.com	fotos_alunos\\aluno_26.jpg	M	a	TEMP-26	\N	Rua Rodrigues 90	497	\N	\N	\N	\N	\N	\N	\N	\N	\N	\N	t	B+	\N	\N	\N	\N	1º Grau	ATIVO	[]	\N	2025-09-05 09:46:33.364+00	2025-11-24 00:24:59.665+00	\N	\N	\N	2	\N	\N
18	14640078827	Gabriel Gomes	1970-01-09	17:32:00	gabriel.gomes6899@exemplo.com	fotos_alunos\\aluno_18.jpg	F	a	TEMP-18	\N	Rua Lopes 10	429	\N	\N	\N	\N	\N	\N	\N	\N	\N	\N	t	A-	\N	\N	\N	\N	Coleginho	ATIVO	[]	\N	2025-09-05 09:46:32.249+00	2025-11-24 00:24:58.891+00	\N	\N	\N	1	\N	\N
16	71771039873	Theo Gomes	1979-12-22	09:38:00	theo.gomes7609@exemplo.com	fotos_alunos\\aluno_16.jpg	M	a	TEMP-16	\N	Rua Alves 72	285	\N	\N	\N	\N	\N	\N	\N	\N	\N	\N	t	O-	\N	\N	\N	\N	Colégio Sacerdotal	ATIVO	[]	\N	2025-09-05 09:46:32.011+00	2025-11-24 00:25:00.769+00	\N	\N	\N	1	\N	\N
22	64799212433	Alice Gomes	1986-03-14	17:05:00	alice.gomes4494@exemplo.com	fotos_alunos\\aluno_22.jpg	F	a	TEMP-22	\N	Rua Silva 3	407	\N	\N	\N	\N	\N	\N	\N	\N	\N	\N	t	O-	\N	\N	\N	\N	1º Grau	ATIVO	[]	\N	2025-09-05 09:46:32.789+00	2025-11-24 00:24:56.734+00	\N	\N	\N	3	\N	\N
45	43273946157	Gabriel Silva	1992-01-09	13:59:00	gabriel.silva2405@exemplo.com	fotos_alunos\\aluno_45.jpg	M	a	TEMP-45	\N	Rua Pereira 90	753	\N	\N	\N	\N	\N	\N	\N	\N	\N	\N	t	AB+	\N	\N	\N	\N	1º Grau	ATIVO	[]	\N	2025-09-05 09:46:35.594+00	2025-11-24 00:24:58.96+00	\N	\N	\N	1	\N	\N
49	94862716636	Miguel Gomes	1976-11-22	09:09:00	miguel.gomes6012@exemplo.com	fotos_alunos\\aluno_49.jpg	M	a	TEMP-49	\N	Rua Fernandes 82	813	\N	\N	\N	\N	\N	\N	\N	\N	\N	\N	t	A-	\N	\N	\N	\N	Colégio Sacerdotal	ATIVO	[]	\N	2025-09-05 09:46:36.085+00	2025-11-24 00:25:00.008+00	\N	\N	\N	1	\N	\N
39	10218552771	Maitê Oliveira	1975-10-05	09:57:00	maitê.oliveira430@exemplo.com	fotos_alunos\\aluno_39.jpg	M	a	TEMP-39	\N	Rua Fernandes 28	464	\N	\N	\N	\N	\N	\N	\N	\N	\N	\N	t	AB+	\N	\N	\N	\N	Colégio Sacerdotal	ATIVO	[]	\N	2025-09-05 09:46:34.899+00	2025-11-24 00:24:59.725+00	\N	\N	\N	3	\N	\N
5	23793173132	Bernardo Costa	1977-07-22	16:54:00	bernardo.costa4706@exemplo.com	fotos_alunos\\aluno_5.jpg	F	a	TEMP-5	\N	Rua Gomes 20	445	\N	\N	\N	\N	\N	\N	\N	\N	\N	\N	t	O+	\N	\N	\N	\N	2º Grau	ATIVO	[]	\N	2025-09-05 09:46:30.26+00	2025-11-24 00:24:58.141+00	\N	\N	\N	1	\N	\N
17	68777527999	Helena Souza	1993-11-12	09:17:00	helena.souza4736@exemplo.com	fotos_alunos\\aluno_17.jpg	M	a	TEMP-17	\N	Rua Lopes 30	586	\N	\N	\N	\N	\N	\N	\N	\N	\N	\N	t	AB+	\N	\N	\N	\N	3º Grau	ATIVO	[]	\N	2025-09-05 09:46:32.086+00	2025-11-24 00:24:59.4+00	\N	\N	\N	1	\N	\N
24	51391638589	Heitor Martins	1974-08-24	04:00:00	heitor.martins9364@exemplo.com	fotos_alunos\\aluno_24.jpg	M	a	TEMP-24	\N	Rua Souza 70	779	\N	\N	\N	\N	\N	\N	\N	\N	\N	\N	t	A+	\N	\N	\N	\N	1º Grau	ATIVO	[]	\N	2025-09-05 09:46:33.044+00	2025-11-24 00:24:59.261+00	\N	\N	\N	2	\N	\N
7	29495056344	Liz Pereira	1987-01-19	05:48:00	liz.pereira2401@exemplo.com	fotos_alunos\\aluno_7.jpg	F	a	TEMP-7	\N	Rua Rodrigues 19	494	\N	\N	\N	\N	\N	\N	\N	\N	\N	\N	t	AB-	\N	\N	\N	\N	1º Grau	ATIVO	[]	\N	2025-09-05 09:46:30.628+00	2025-11-24 00:24:59.539+00	\N	\N	\N	2	\N	\N
37	28512355524	Sophia Vieira	1970-12-03	00:03:00	sophia.vieira775@exemplo.com	fotos_alunos\\aluno_37.jpg	F	a	TEMP-37	\N	Rua Almeida 38	233	\N	\N	\N	\N	\N	\N	\N	\N	\N	\N	t	AB-	\N	\N	\N	\N	2º Grau	ATIVO	[]	\N	2025-09-05 09:46:34.703+00	2025-11-24 00:25:00.672+00	\N	\N	\N	3	\N	\N
19	27211233857	Arthur Soares	1982-08-23	13:20:00	arthur.soares759@exemplo.com	fotos_alunos\\aluno_19.jpg	M	a	TEMP-19	\N	Rua Souza 4	781	\N	\N	\N	\N	\N	\N	\N	\N	\N	\N	t	A-	\N	\N	\N	\N	3º Grau	ATIVO	[]	\N	2025-09-05 09:46:32.349+00	2025-11-24 00:24:57.673+00	\N	\N	\N	2	\N	\N
8	14298860511	Theo Vieira	1989-09-28	01:51:00	theo.vieira2506@exemplo.com	fotos_alunos\\aluno_8.jpg	F	a	TEMP-8	\N	Rua Carvalho 75	151	\N	\N	\N	\N	\N	\N	\N	\N	\N	\N	t	O-	\N	\N	\N	\N	1º Grau	ATIVO	[]	\N	2025-09-05 09:46:30.795+00	2025-11-24 00:25:00.868+00	\N	\N	\N	2	\N	\N
33	20029195432	Davi Gomes	1980-11-28	04:08:00	davi.gomes1744@exemplo.com	fotos_alunos\\aluno_33.jpg	M	a	TEMP-33	\N	Rua Souza 91	165	\N	\N	\N	\N	\N	\N	\N	\N	\N	\N	t	B+	\N	\N	\N	\N	Coleginho	ATIVO	[]	\N	2025-09-05 09:46:34.327+00	2025-11-24 00:24:58.652+00	\N	\N	\N	1	\N	\N
44	68452828657	Liz Souza	1974-04-18	22:25:00	liz.souza400@exemplo.com	fotos_alunos\\aluno_44.jpg	M	a	TEMP-44	\N	Rua Santos 100	874	\N	\N	\N	\N	\N	\N	\N	\N	\N	\N	t	B-	\N	\N	\N	\N	3º Grau	ATIVO	[]	\N	2025-09-05 09:46:35.43+00	2025-11-24 00:24:59.608+00	\N	\N	\N	3	\N	\N
12	16565474265	Bernardo Almeida	1972-06-18	13:32:00	bernardo.almeida6825@exemplo.com	fotos_alunos\\aluno_12.jpg	F	a	TEMP-12	\N	Rua Pereira 91	207	\N	\N	\N	\N	\N	\N	\N	\N	\N	\N	t	B-	\N	\N	\N	\N	3º Grau	ATIVO	[]	\N	2025-09-05 09:46:31.342+00	2025-11-24 00:24:57.934+00	\N	\N	\N	2	\N	\N
\.


--
-- Data for Name: alunos_bairro; Type: TABLE DATA; Schema: public; Owner: omaum_user
--

COPY public.alunos_bairro (id, nome, codigo_externo, cidade_id) FROM stdin;
\.


--
-- Data for Name: alunos_cidade; Type: TABLE DATA; Schema: public; Owner: omaum_user
--

COPY public.alunos_cidade (id, nome, codigo_ibge, estado_id) FROM stdin;
\.


--
-- Data for Name: alunos_codigo; Type: TABLE DATA; Schema: public; Owner: omaum_user
--

COPY public.alunos_codigo (id, nome, descricao, tipo_codigo_id, ativo) FROM stdin;
1	10	Códigos Administrativos	1	t
2	11	Presidente	1	t
3	12	Conselheiro	1	t
4	13	Secretário Geral	1	t
5	14	Diretor Administrativo	1	t
6	15	Diretor de Cursos	1	t
7	16	Diretor de Disciplina	1	t
8	17	Diretor de Patrimônio	1	t
9	18	Diretor de Pessoal	1	t
10	19	Diretor de Relações Públicas	1	t
11	20	Diretor Social	1	t
12	21	Coordenador de Informática	1	t
13	22	Auxiliar da Secretaria Geral	1	t
14	23	Auxiliar da Dir. Administrativa	1	t
15	24	Auxiliar da Dir. de Patrimônio	1	t
16	25	Auxiliar da Dir. de Pessoal	1	t
17	26	Auxiliar da Dir. Social	1	t
18	27	Auxiliar da Seção de Notas	1	t
19	28	Auxiliar da Coord. de Informática	1	t
20	29	Encarregado da Alimentação no Ritual de 1ªiniciação	1	t
21	30	Auxiliar do Encarreg. da Alimentação no Ritual de 1ªiniciação	1	t
22	31	Encarregado da Alimentação no Ritual de 2ªiniciação	1	t
23	32	Auxiliar do Encarreg. da Alimentação no Ritual de 2ªiniciação	1	t
24	33	Encarregado da Alimentação no Ritual de 3ªiniciação	1	t
25	34	Auxiliar do Encarreg. da Alimentação no Ritual de 3ªiniciação	1	t
26	35	Encarregado da Alimentação no Ritual de 4ªiniciação	1	t
27	36	Auxiliar do Encarreg. da Alimentação no Ritual de 4ªiniciação	1	t
28	37	Encarregado da Alimentação no Ritual de 5ªiniciação	1	t
29	38	Auxiliar do Encarreg. da Alimentação no Ritual de 5ªiniciação	1	t
30	39	Encarregado da Alimentação no Ritual de Sagração	1	t
31	40	Auxiliar do Encarreg. da Alimentação no Ritual de Sagração	1	t
32	41	Responsável pela Cantina	1	t
33	42	Auxiliar do Responsável pela Cantina	1	t
34	43	Guardião de Santuário	1	t
35	44	Auxiliar do guardião de Santuário	1	t
36	45	Auxiliar da equipe guardiã do Santuário	1	t
37	46	Encarregado de entrevistar candidatos ao Pré-Iniciático	1	t
408	Evento Iniciático Demo	Código usado na migração de demonstração.	8	f
352	900	Cargos de Instrutoria e assemelhados	5	t
353	901	Instrutor do GTPré	5	t
354	902	Instrutor Auxiliar do GTPré	5	t
355	903	Auxiliar de Instrução no GTPré	5	t
356	904	Secretaria do GTPré	5	t
357	911	Instrutor de 1º Grau	5	t
358	912	Instrutor Auxiliar de 1º Grau	5	t
359	913	Auxiliar de Instrução no 1º Grau	5	t
360	914	Auxiliar de grau no 1º Grau	5	t
361	921	Instrutor de 2º Grau	5	t
362	922	Instrutor Auxiliar de 2º Grau	5	t
363	923	Auxiliar de Instrução no 2º Grau	5	t
364	924	Auxiliar de grau no 2º Grau	5	t
365	931	Instrutor de 3º Grau	5	t
366	932	Instrutor Auxiliar de 3º Grau	5	t
367	933	Auxiliar de Instrução no 3º Grau	5	t
368	934	Auxiliar de grau no 3º Grau	5	t
369	941	Instrutor de 4º Grau	5	t
370	942	Instrutor Auxiliar de 4º Grau	5	t
371	943	Auxiliar de Instrução no 4º Grau	5	t
372	944	Auxiliar de grau no 4º Grau	5	t
373	951	Instrutor de 5º Grau	5	t
374	952	Instrutor Auxiliar de 5º Grau	5	t
375	953	Auxiliar de Instrução no 5º Grau	5	t
376	954	Auxiliar de grau no 5º Grau	5	t
377	961	Instrutor do Colégio Sacerdotal	5	t
378	962	Instrutor Auxiliar do Colégio Sacerdotal	5	t
379	963	Auxiliar de grau no Colégio Sacerdotal	5	t
380	971	Instrutor Auxiliar do Colégio Sacerdotal (Instr. Coleginho)	5	t
381	972	Auxiliar de Instrução no Colégio Sacerdotal (Coleginho)	5	t
382	973	Auxiliar de grau no Colégio Sacerdotal (Coleginho)	5	t
383	981	..... substituir pelo cód 50 administrativo	5	t
384	982	...... substituir pelo cód 51 administrativo	5	t
385	991	Sac. Convocado p/prova de verificação e aprendizagem 1ºgrau (2ª iniciação)	5	t
386	992	Sac. Convocado p/prova de verificação e aprendizagem 2ºgrau (3ª iniciação)	5	t
387	993	Sac. Convocado p/prova de verificação e aprendizagem 3ºgrau (4ª iniciação)	5	t
388	994	Sac. Convocado p/prova de verificação e aprendizagem 4ºgrau (5ª iniciação)	5	t
389	995	Sac. Convocado p/secretaria de verificação e aprendizagem 1ºgrau (2ª iniciação)	5	t
390	996	Sac. Convocado p/secretaria de verificação e aprendizagem 2ºgrau (3ª iniciação)	5	t
391	997	Sac. Convocado p/secretaria de verificação e aprendizagem 3ºgrau (4ª iniciação)	5	t
392	998	Sac. Convocado p/secretaria de verificação e aprendizagem 4ºgrau (5ª iniciação)	5	t
393	999	Sac. Convocado p/aferição de Tônica	5	t
394	1000	Códigos das Punições	6	t
395	1010	Falta disciplinar	6	t
396	1020	Advertência verbal	6	t
397	1030	Advertência escrita	6	t
398	1040	Suspensão	6	t
399	1050	Exclusão disciplinar administrativa	6	t
400	1060	Exclusão disciplinar grave	6	t
401	1110	Desligado do 1º grau por carência	6	t
402	1120	Desligado do 2º grau por carência	6	t
403	1130	Desligado do 3º grau por carência	6	t
404	1140	Desligado do 4º grau por carência	6	t
405	1150	Desligado do 5º grau por carência	6	t
406	1160	Desligado do coleginho por carência	6	t
61	100	Funções nos ritos de 1ª iniciação	3	t
62	101	Sac. Ofic. do Ritual da 1ª iniciação	3	t
63	102	Sac. Ac. Imediato do Ofic. do Ritual da 1ª Inic.	3	t
64	105	Sac. Mestre de Cerimônias da 1ª Inic.	3	t
65	106	Sac. Ac. do Mestre de Cerimôrias da 1ª Inic.	3	t
66	110	Sac. Mestre de Cerimônias em Santuário da 1ª Inic.	3	t
67	111	Sac. Ac. do Mestre de Cerimôrias em Santuário da 1ª Inic.	3	t
68	115	Sac. Guardião do Ritual da 1ª Inic.	3	t
69	116	Sac. Ac. do Guardião do Ritual da 1ª Inic.	3	t
70	117	Discípulo Ac. do Sac. Guardião do Ritual da 1ª Inic.	3	t
71	118	Apóstolo Ac. do Sac. Guardião do Ritual da 1ª Inic.	3	t
72	119	Mestre (Companheiro ou Aprendiz) Ac. do Sac. Guardião do Ritual da 1ª Inic.	3	t
73	120	Sac. Ofic. dos Ritos Preparatórios da 1ª Inic.	3	t
74	121	Sac. Ac. do Ofic. dos Ritos Preparatórios da 1ª Inic.	3	t
75	130	Sac. Ofic. da Rito da Preparação do Templo Maior da 1ª Inic.	3	t
76	131	Sac.Ac. do Ofic. do Rito da Preparação do Templo Maior da 1ª Inic.	3	t
77	132	Sac. Ofic. em TMaior no Elem. Terra da 1ª Inic.	3	t
78	133	Sac. Ofic. em TMaior no Elem. Água da 1ª Inic.	3	t
79	134	Sac. Ofic. em TMaior no Elem. Fogo da 1ª Inic.	3	t
80	135	Sac. Ofic. em TMaior no Elem. Ar da 1ª Inic.	3	t
81	136	Discípulo em ofício em TMaior no Elem. Terra da 1ª Inic.	3	t
82	137	Discípulo em ofício em TMaior no Elem. Água da 1ª Inic.	3	t
83	138	Discípulo em ofício em TMaior no Elem. Fogo da 1ª Inic.	3	t
84	139	Discípulo em ofício em TMaior no Elem. Ar da 1ª Inic.	3	t
85	140	Sac. Ofic. do Rito de Apres. e Vinc. c/os Reg. Elementais da 1ª Inic.	3	t
86	141	Sac. Ac. do Ofic. do Rito de Apres. e Vinc. c/os Reg. Elementais da 1ª Inic.	3	t
87	142	Discípulo (ou Sac.) em oficio no Elem. Terra da 1ª Inic.	3	t
88	143	Discípulo (ou Sac.) em oficio no Elem. Água da 1ª Inic.	3	t
89	144	Discípulo (ou Sac.) em oficio no Elem. Fogo da 1ª Inic.	3	t
90	145	Discípulo (ou Sac.) em oficio no Elem. Ar da 1ª Inic.	3	t
91	146	Aprendiz (Companheiro ou Mestre) Acólito no Elem. Terra da 1ª Inic.	3	t
92	147	Aprendiz (Companheiro ou Mestre) Acólito no Elem. Água da 1ª Inic.	3	t
93	148	Aprendiz (Companheiro ou Mestre) Acólito no Elem. Fogo da 1ª Inic.	3	t
94	149	Aprendiz (Companheiro ou Mestre) Acólito no Elem. Ar da 1ª Inic.	3	t
95	150	Sac. Ofic. do Rito da Harmonização e Purificação da 1ª Inic.	3	t
96	151	Sac. Ac. do Ofic. do Rito da Harmonização e Purificação da 1ª Inic.	3	t
97	152	Sac. Ofic. do Rito da Harmonização Grupal da 1ª Inic.	3	t
98	153	Sac. Ac. do Ofic. do Rito da Harmonização Grupal da 1ª Inic.	3	t
99	154	Discípulo Ac. do Ofic. do Rito da Harmonização Grupal da 1ª Inic.	3	t
100	155	Apóstolo Ac. do Ofic. do Rito da Harmonização Grupal da 1ª Inic.	3	t
101	156	Mestre Ac. do Ofic. do Rito da Harmonização Grupal da 1ª Inic.	3	t
102	157	Companheiro Ac. do Ofic. do Rito da Harmonização Grupal da 1ª Inic.	3	t
103	158	Aprendiz Ac. do Ofic. do Rito da Harmonização Grupal da 1ª Inic.	3	t
104	160	Sac. Ofic. do Rito de Apres. e Vinc. c/a Egregora de Santuário da 1ª Inic.	3	t
105	161	Sac. Ac. do Ofic. do Rito de Apres. e Vinc. c/a Egreg. de Santuário da 1ª Inic.	3	t
106	165	Sac. Ofic. do Rito da Purificação Grupal da 1ª Inic.	3	t
107	166	Sac. Ac. do Ofic. do Rito da Purificação Grupal da 1ª Inic.	3	t
108	167	Discípulo Ac. do Ofic. do Rito da Purificação Grupal da 1ª Inic.	3	t
109	200	Funções nos ritos de 2ª iniciação	3	t
110	201	Sac. Ofic. do Ritual da 2ª Iniciação	3	t
111	202	Sac. Ac. Imediato do Ofic. do Ritual da 2ª Inic.	3	t
112	205	Sac. Mestre de Cerimônias da 2ª Inic.	3	t
113	206	Sac. Ac. do Mestre de Cerimôrias da 2ª Inic.	3	t
114	207	Díscipulo Ac. do Mestre de Cerimôrias da 2ª Inic.	3	t
115	208	Apóstolo Ac. do Mestre de Cerimôrias da 2ª Inic.	3	t
116	209	Mestre Ac. do Mestre de Cerimôrias da 2ª Inic.	3	t
117	215	Sac. Guardião do Ritual da 2ª Inic.	3	t
118	216	Sac. Ac. do Guardião do Ritual da 2ª Inic.	3	t
119	217	Díscipulo Ac. do Guardião do Ritual da 2ª Inic.	3	t
120	218	Apóstolo Ac. do Guardião do Ritual da 2ª Inic.	3	t
121	219	Mestre Ac. do Guardião do Ritual da 2ª Inic.	3	t
122	220	Sac. Ofic. dos Ritos Preparatórios da 2ª Inic.	3	t
123	221	Sac. Ac. do Ofic. dos Ritos Preparatórios da 2ª Inic.	3	t
124	225	Sac. Ofic. do Rito da Harmonização e Vinculação em Santuário da 2ª Inic.	3	t
125	226	Sac. Ac. do Ofic. do Rito da Harm. e Vinculação em Santuário da 2ª Inic.	3	t
126	227	Díscipulo Ac. do Ofic. do Rito da Harm. e Vinculação em Santuário da 2ª Inic.	3	t
127	228	Apóstolo Ac. do Ofic. do Rito da Harm. e Vinculação em Santuário da 2ª Inic.	3	t
128	229	Mestre (ou Companheiro) Ac. do Ofic. do Rito da Harm. e Vinculação em Santuário da 2ª Inic.	3	t
129	230	Sac. Ofic. do Ritual Externo da 2ª Inic.	3	t
130	231	Sac. Ac. do Ofic. do Ritual Externo da 2ª Inic.	3	t
131	232	Guardião dos Implementos no Ritual Externo da 2ª Inic. - (Portador)	3	t
132	233	Portador da Espada no Ritual Externo da 2ª Inic.	3	t
133	234	Portador da Taça no Ritual Externo da 2ª Inic.	3	t
134	235	Sac. Ofic. do Rito Prep./Cons. do Templo da Estrela Rit. Ext. da 2ª Inic.	3	t
135	236	Sac. Ac. do Ofic. do Rito Prep./Cons. do Templo da Estrela Rit. Ext. da 2ª Inic.	3	t
136	237	Díscipulo Ac. no Rito Prep./Cons. do Templo da Estrela Rit. Ext. da 2ª Inic.	3	t
137	238	Apóstolo Ac. no Rito Prep./Cons. do Templo da Estrela Rit. Ext. da 2ª Inic.	3	t
138	239	Mestre Ac. no Rito Prep./Cons. do Templo da Estrela Rit. Ext. da 2ª Inic.	3	t
139	240	Sac. Ofic. do Rito Batismal no Ritual Externo da 2ª Inic.	3	t
140	241	Sac. Ac. do Ofic. do Rito Batismal no Ritual Externo da 2ª Inic.	3	t
141	242	Discípulo Ac. Batizadores no Rito Batismal no Ritual Externo da 2ª Inic.	3	t
142	243	Apóstolo Ac. dos Batizadores no Rito Batismal no Ritual Externo da 2ª Inic.	3	t
143	244	Mestre Ac. dos Batizadores no Rito Batismal no Ritual Externo da 2ª Inic.	3	t
144	250	Sac. Ofic. do Rito da Purif. e Dinamização dos Centros da 2ª Inic.	3	t
145	251	Sac. Ac. do Ofic. do Rito da Purif. e Dinamização dos Centros da 2ª Inic.	3	t
146	252	Discípulo Ac. do Ofic. do Rito da Purif. e Dinamização dos Centros da 2ª Inic.	3	t
147	253	Apóstolo Ac. do Ofic. do Rito da Purif. e Dinamização dos Centros da 2ª Inic.	3	t
148	260	Sac. Ofic. do Rito da Selagem da 2ª Inic.	3	t
149	261	Sac. Ac. do Ofic. do Rito da Selagem da 2ª Inic.	3	t
150	265	Sac. Ofic. do Rito da Palestra no Ritual da Selagem da 2ª Inic.	3	t
151	266	Sac. Ac. do Ofic. do Rito da Palestra no Ritual da Selagem da 2ª Inic.	3	t
152	270	Sac. Ofic. do Rito da Confissão da 2ª Inic.	3	t
153	271	Sac. Ac. do Ofic. do Rito da Confissão da 2ª Inic.	3	t
154	275	Sac. Ofic. do Rito da Comunhão dos Iniciados da 2ª Inic.	3	t
155	276	Sac. Ac. do Ofic. do Rito da Comunhão dos Iniciados da 2ª Inic.	3	t
156	280	Sac. Ofic. do Rito da Vinculação dos Cordões da 2ª Inic.	3	t
157	281	Sac. Ac. do Ofic. do Rito da Vinculação dos Cordões da 2ª Inic.	3	t
158	285	Sac. Ofic. do Rito dos Nós da 2ª Inic.	3	t
159	286	Sac. Ac. do Ofic. do Rito dos Nós da 2ª Inic.	3	t
160	290	Sac. Ofic. do Rito da Palestra no Ritual da Confirmação da 2ª Inic.	3	t
161	291	Sac. Ac. do Ofic. do Rito da Palestra no Ritual da Confirmação da 2ª Inic.	3	t
162	300	Funções nos ritos de 3ª iniciação	3	t
163	301	Sac. Ofic. do Ritual da 3ª Iniciação	3	t
164	302	Sac. Ac. Imediato do Ofic. do Ritual da 3ª Inic.	3	t
165	305	Sac. Mestre de Cerimônias da 3ª Inic.	3	t
166	306	Sac. Ac. do Mestre de Cerimôrias da 3ª Inic.	3	t
167	307	Discípulo Ac. do Mestre de Cerimôrias da 3ª Inic.	3	t
168	308	Apóstolo Ac. do Mestre de Cerimôrias da 3ª Inic.	3	t
169	309	Mestre Ac. do Mestre de Cerimôrias da 3ª Inic.	3	t
170	315	Sac. Guardião do Ritual da 3ª Inic.	3	t
171	316	Sac. Ac. do Guardião do Ritual da 3ª Inic.	3	t
172	317	Discípulo Ac. do Guardião do Ritual da 3ª Inic.	3	t
173	318	Apóstolo Ac. do Guardião do Ritual da 3ª Inic.	3	t
174	319	Mestre Ac. do Guardião do Ritual da 3ª Inic.	3	t
175	320	Sac. Ofic. dos Ritos Preparatórios da 3ª Inic.	3	t
176	321	Sac. Ac. do Ofic. dos Ritos Preparatórios da 3ª Inic.	3	t
177	322	Discípulo Ac. do Ofic. dos Ritos Preparatórios da 3ª Inic.	3	t
178	340	Sac. Ofic. do Ritual Externo da 3ª Inic.	3	t
179	341	Sac. Ac. Imediato do Ofic. do Ritual Externo da 3ª Inic.	3	t
180	342	Sac. Ac. do Ofic. do Ritual Externo da 3ª Inic.	3	t
181	343	Sac. Ac. do Ofic. do Ritual Externo da 3ª Inic. - Portador da Capa	3	t
182	344	Sac. Ac. do Ofic. do Ritual Externo da 3ª Inic. - Portador da Tocha	3	t
183	345	Sac. Ac. do Ofic. do Ritual Externo da 3ª Inic. - Portador dos Implementos	3	t
184	350	Sac. Ofic. do Rito do Batismo de Fogo e Sacrifício da 3ª Inic.	3	t
185	351	Sac. Ac. do Ofic. do Rito do Batismo de Fogo e Sacrifício da 3ª Inic.	3	t
186	360	Sac. Ofic. do Rito da Construção da Estrela da 3ª Inic.	3	t
187	361	Sac. Ac. do Ofic. do Rito da Construção da Estrela da 3ª Inic.	3	t
188	362	Discípulo Ac. do Ofic. do Rito da Construção da Estrela da 3ª Inic.	3	t
189	363	Apóstolo Ac. do Ofic. do Rito da Construção da Estrela da 3ª Inic.	3	t
190	364	Mestre Ac. do Ofic. do Rito da Construção da Estrela da 3ª Inic.	3	t
191	370	Sac. Ofic. do Ritual da Comunhão de Fogo da 3ª Inic.	3	t
192	371	Sac. Ac. Imediato do Ofic. do Ritual da Comunhão de Fogo da 3ª Inic.	3	t
193	372	Sac. Ofic. do Ritual da Comunhão dos Iniciados da 3ª Inic.	3	t
194	373	Sac. Ac. do Ofic. do Ritual da Comunhão dos Iniciados da 3ª Inic.	3	t
195	374	Sac. Ofic. do Rito da Palestra da 3ª Inic.	3	t
196	375	Sac. Ac. do Ofic. do Rito da Palestra da 3ª Inic.	3	t
197	380	Sac. Ofic. do Ritual da Confirmação da 3ª Inic.	3	t
198	381	Sac. Ac. do Ofic. do Ritual da Confirmação da 3ª Inic.	3	t
199	385	Sac. Ofic. do Rito do Compromisso da 3ª Inic.	3	t
200	386	Sac. Ac. do Ofic. do Rito do Compromisso da 3ª Inic.	3	t
201	387	Discípulo Ac. do Ofic. do Compromisso da 3ª Inic.	3	t
202	388	Apóstolo Ac. do Ofic. do Compromisso da 3ª Inic.	3	t
203	390	Sac. Ofic. do Rito dos Nós da 3ª Inic.	3	t
204	391	Sac. Ac. do Ofic. do Rito dos Nós da 3ª Inic.	3	t
205	392	Discípulo Ac. do Ofic. do Rito dos Nós da 3ª Inic.	3	t
206	393	Apóstolo (ou Mestre) Ac. do Ofic. do Rito dos Nós da 3ª Inic.	3	t
207	400	Funções nos ritos de 4ª iniciação	3	t
208	401	Sac. Ofic. do Ritual da 4ª Iniciação	3	t
209	402	Sac. Ac. Imediato do Ofic. do Ritual da 4ª Inic.	3	t
210	405	Sac. Mestre de Cerimônias da 4ª Inic.	3	t
211	406	Sac. Ac. do Mestre de Cerimôrias da 4ª Inic.	3	t
212	407	Discípulo Ac. do Mestre de Cerimôrias da 4ª Inic.	3	t
213	408	Apóstolo Ac. do Mestre de Cerimôrias da 4ª Inic.	3	t
214	415	Sac. Guardião do Ritual da 4ª Inic.	3	t
215	416	Sac. Ac. do Guardião do Ritual da 4ª Inic.	3	t
216	417	Discípulo Ac. do Guardião do Ritual da 4ª Inic.	3	t
217	418	Apóstolo Ac. do Guardião do Ritual da 4ª Inic.	3	t
218	420	Sac. Ofic. do Ritual Externo da 4ª Inic.	3	t
219	421	Sac. Ac. Imediato do Ofic. do Ritual Externo da 4ª Inic.	3	t
220	422	Discípulo Ac. do Ofic. do Ritual Externo da 4ª Inic.	3	t
221	423	Apóstolo Ac. do Ofic. do Ritual Externo da 4ª Inic.	3	t
222	430	Sac. Ofic. do Ritual do Renascimento da 4ª Inic.	3	t
223	431	Sac. Ofic. do Rito do Renascimento da 4ª Inic.	3	t
224	432	Sac. Ac. do Ofic. do Rito do Renascimento da 4ª Inic.	3	t
225	435	Sac. Ofic. do Rito da Confissão da 4ª Inic.	3	t
226	436	Sac. Ac. do Ofic. do Rito da Confissão da 4ª Inic.	3	t
227	437	Díscipulo Ac. do Ofic. do Rito da Confissão da 4ª Inic.	3	t
228	438	Apóstolo Ac. do Ofic. do Rito da Confissão da 4ª Inic.	3	t
229	440	Sac. Ofic. do Rito da Purificação e Perfumação da 4ª Inic.	3	t
230	441	Sac. Ac. do Ofic. do Rito da Purificação e Perfumação da 4ª Inic.	3	t
231	442	Díscipulo Ac. do Ofic. do Rito da Purificação e Perfumação da 4ª Inic.	3	t
232	443	Apóstolo Ac. do Ofic. do Rito da Purificação e Perfumação da 4ª Inic.	3	t
233	450	Sac. Ofic. do Rito da Conferição de Poderes da 4ª Inic.	3	t
234	451	Sac. Ac. do Ofic. do Rito da Conferição de Poderes da 4ª Inic.	3	t
235	460	Sac. Ofic. do Rito do Juramento da 4ª Inic.	3	t
236	461	Sac. Ac. do Ofic. do Rito do Juramento da 4ª Inic.	3	t
237	462	Díscipulo Ac. do Ofic. do Rito do Juramento da 4ª Inic.	3	t
238	463	Apóstolo Ac. do Ofic. do Rito do Juramento da 4ª Inic.	3	t
239	470	Sac. Ofic. do Rito da Identificação da 4ª Inic.	3	t
240	471	Sac. Ac. do Ofic. do Rito da Identificação da 4ª Inic.	3	t
241	472	Díscipulo Ac. do Ofic. do Rito da Identificação da 4ª Inic.	3	t
242	473	Apóstolo Ac. do Ofic. do Rito da Identificação da 4ª Inic.	3	t
243	480	Sac. Ofic. do Rito da Ordenação da 4ª Inic.	3	t
244	481	Sac. Ac. do Ofic. do Rito da Ordenação da 4ª Inic.	3	t
245	490	Sac. Ofic. do Ritual da Confirmação da 4ª Inic.	3	t
246	491	Sac. Ac. do Ofic. do Ritual da Confirmação da 4ª Inic.	3	t
247	492	Díscipulo Ac. do Ofic. do Ritual da Confirmação da 4ª Inic.	3	t
248	493	Apóstolo Ac. do Ofic. do Ritual da Confirmação da 4ª Inic.	3	t
249	500	Funções nos ritos de 5ª iniciação	3	t
250	501	Sac. Ofic. do Ritual da 5ª Iniciação	3	t
251	502	Sac. Ac. Imediato do Ofic. do Ritual da 5ª Inic.	3	t
252	505	Sac. Mestre de Cerimônias da 5ª Inic.	3	t
253	506	Sac. (ou Discípulo) Ac. do Mestre de Cerimôrias da 5ª Inic.	3	t
254	507	Discípulo Ac. do Mestre de Cerimôrias da 5ª Inic.	3	t
255	515	Sac. Guardião do Ritual da 5ª Inic.	3	t
256	516	Sac. Ac. do Guardião do Ritual da 5ª Inic.	3	t
257	517	Discípulo Ac. do Guardião do Ritual da 5ª Inic.	3	t
258	520	Sac. Ofic. das 1ª Vigilias da 5ª Inic.	3	t
259	521	Sac. Ac. do Ofic. das 1ª Vigilias da 5ª Inic.	3	t
260	530	Sac. Ofic. das 2ª Vigilias da 5ª Inic.	3	t
261	531	Sac. Ac. do Ofic. das 2ª Vigilias da 5ª Inic.	3	t
262	540	Sac. Ofic. da 3ª Vigilia da 5ª Inic.	3	t
263	541	Sac. Ac. do Ofic. da 3ª Vigilia da 5ª Inic.	3	t
264	550	Sac. Ofic. da 4ª Vigilia da 5ª Inic.	3	t
265	551	Sac. Ac. do Ofic. da 4ª Vigilia da 5ª Inic.	3	t
266	560	Sac. Ofic. do Rito do Sacrifício da 5ª Inic.	3	t
267	561	Sac. Ac. do Ofic. do Rito do Sacrifício da 5ª Inic.	3	t
268	570	Sac. Ofic. do Rito da Comunhão dos Iniciados da 5ª Inic.	3	t
269	571	Sac. Ac. do Ofic. do Rito da Comunhão dos Iniciados da 5ª Inic.	3	t
270	580	Sac. Ofic. do Ritos da Ord. e Conf. de Poderes e da Revel. da 5ª Inic.	3	t
271	581	Sac. Ac. do Ofic. do Ritos da Ord. e Conf. de Poderes e da Revel. da 5ª Inic.	3	t
272	590	Sac. Ofic. do Rito do Juramento da 5ª Inic.	3	t
273	591	Sac. Ac. do Ofic. do Rito do Juramento da 5ª Inic.	3	t
274	600	Funções nos ritos de Sagração Sacerdotal	3	t
275	601	Sac. Ofic. do Ritual da Sagração Sacerdotal	3	t
276	602	Sac. Ac. Imediato do Ofic. do Ritual da Sagr. Sacerdotal	3	t
277	620	Sac. Ofic. do Rito de Purificação das Vestes da Sagr. Sacerdotal	3	t
278	621	Sac. Ac. do Ofic. do Rito de Purificação das Vestes da Sagr. Sacerdotal	3	t
279	630	Sac. Ofic. do Rito de Comunhão e Oferenda das Vestes da Sagr. Sacerdotal	3	t
280	631	Sac. Ac. do Ofic. do Rito de Com. e Oferenda das Vestes da Sagr. Sacerdotal	3	t
281	640	Sac. Responsável por Grupo da Sagr. Sacerdotal	3	t
282	641	Sac. Ac. do Responsável por Grupo da Sagr. Sacerdotal	3	t
283	700	Funções nos ritos de Veneração	3	t
284	701	Sac. Ofic. do Ritual da Veneração	3	t
285	702	Sac. Ac. Imediato do Ofic. do Ritual da Veneração	3	t
286	705	Sac. Mestre de Cerimônias da Veneração	3	t
287	706	Sac. Ac. do Mestre de Cerimôrias da Veneração	3	t
288	715	Sac. Guardião do Ritual da Veneração	3	t
289	716	Sac. Ac. do Guardião do Ritual da Veneração	3	t
290	720	Sac. Ofic. do Rito da Comunhão e Prece da Veneração	3	t
291	721	Sac. Ac. do Ofic. do Rito da Comunhão e Prece da Veneração	3	t
292	750	Funções nos ritos Especiais	3	t
293	751	Sac. Ofic. do Ritual de Consagração do Santuário	3	t
294	752	Sac. Ac. Imediato do Ofic. do Ritual de Consagração do Santuário	3	t
295	753	Sac. Ac. no Ritual de Consagração do Santuário	3	t
296	761	Sac. Ofic. do Ritual de Consagração do Templo Maior	3	t
297	762	Sac. Ac. Imediato do Ofic. do Ritual de Consagração do Templo Maior	3	t
298	763	Sac. Ac. no Ritual de Consagração do Templo Maior	3	t
299	771	Sac. Ofic. do Ritual de Consagração do Templo Menor	3	t
300	772	Sac. Ac. Imediato do Ofic. do Ritual de Consagração do Templo Menor	3	t
301	773	Sac. Ac. no Ritual de Consagração do Templo Menor	3	t
302	800	Funções nos diversos outros ritos	4	t
303	801	Ofic. do Ritual de Eucaristia	4	t
304	802	Ofic. do Rito de Eucaristia	4	t
305	803	Acólito no Rito de Eucaristia	4	t
306	804	Mestre de Cerimônia do Rito de Eucaristia	4	t
307	805	Ofic. do Ritual de Comunhão Comunitária	4	t
308	806	Ofic. do Rito de Comunhão Comunitária	4	t
309	807	Acólito no Rito de Comunhão Comunitária	4	t
310	810	Ofic. do Ritual de Batismo	4	t
311	811	Ofic. do Rito de Batismo	4	t
312	812	Acólito no Rito de Batismo	4	t
313	815	Ofic. do Ritual de Benção	4	t
314	816	Ofic. do Rito de Benção	4	t
315	817	Acólito no Rito de Benção	4	t
316	820	Ofic. do Ritual de Matrimônio	4	t
317	821	Ofic. do Rito de Matrimônio	4	t
318	822	Acólito no Rito de Matrimônio	4	t
319	825	Ofic. do Ritual de Bodas	4	t
320	826	Ofic. do Rito de Bodas	4	t
321	827	Acólito no Rito de Bodas	4	t
322	830	Ofic. do Ritual de Exéquias	4	t
323	831	Ofic. do Rito de Exéquias	4	t
324	832	Acólito no Rito de Exéquias	4	t
325	833	Guardião no Rito de Exéquias	4	t
326	850	Ofic. do Ritual de Desmagnetização	4	t
327	851	Ofic. do Rito de Desmagnetização	4	t
328	852	Acólito no Rito de Desmagnetização	4	t
329	860	Ofic. no Ritual de Plenilúnio	4	t
330	861	Acólito no Ritual de Plenilúnio	4	t
331	862	Ofic. no Ritual de Plenilúnio de Pacientes	4	t
332	863	Acólito no Ritual de Plenilúnio de Pacientes	4	t
333	870	Ofic. do Rito de Purificação da Casa Templária	4	t
334	871	Mestre de Cerimônia do Rito de Purificação da Casa Templária	4	t
335	872	Guardião do Rito de Purificação da Casa Templária	4	t
336	873	Acólito portador do Fogareiro no Rito de Purificação da Casa Templária	4	t
337	874	Acólito portador da Tocha no Rito de Purificação da Casa Templária	4	t
338	875	Acólito portador da Água no Rito de Purificação da Casa Templária	4	t
339	876	Acólito portador de Círio no Rito de Purificação da Casa Templária	4	t
340	880	Ofic. do Rito do Dia Mundial da Grande Invocação	4	t
341	881	Acólito do Rito do Dia Mundial da Grande Invocação	4	t
342	882	Dirigente da Palestra T.Menor do Rito do Dia Mundial da Grande Invocação	4	t
343	883	Acólito na Palestra T.Menor do Rito do Dia Mundial da Grande Invocação	4	t
344	890	Ofic. do Rito de Purificação das Vestes da Sagr. Sacerdotal	4	t
345	891	Acólito em Rito de Purificação das Vestes da Sagr. Sacerdotal	4	t
346	892	Ofic. do Rito de Comunhão e Oferenda das Vestes da Sagr. Sacerdotal	4	t
347	893	Acólito em Rito de Com. e Oferenda das Vestes da Sagr. Sacerdotal	4	t
348	895	Ofic. do Rito de Harmonização em Santuário	4	t
349	896	Acólito em Rito de Harmonização em Santuário	4	t
350	897	Ofic. de Rito de preparação de cordão	4	t
351	898	Acólito em Rito de preparação de cordão	4	t
407	TESTE	\N	7	f
38	60	Códigos Trabalho Curador	2	t
39	61	Coordenador de Trab. Curador de 3ª feira	2	t
40	62	Coordenador de Trab. Curador de 4ª feira	2	t
41	63	Coordenador de Trab. Curador de 5ª feira	2	t
42	64	Coordenador de Trab. Curador de 6ª feira	2	t
43	65	Auxiliar da Coord. no Trab. Curador	2	t
44	66	Auxiliar da Coord. no atendimento pessoal	2	t
45	70	Direção Passes Genéricos Templo Menor	2	t
46	71	Auxiliar da Dir. Passes Genéricos Templo Menor	2	t
47	75	Direção Passes Específicos Templo Menor	2	t
48	76	Auxiliar da Dir. Passes Específicos Templo Menor	2	t
49	77	Auxiliar da Coord. na Harmonização dos Pacientes	2	t
50	80	Direção Trabalhos Especiais no Auditório I	2	t
51	81	Auxiliar da Dir. Trabalhos Especiais no Auditório I	2	t
52	85	Direção Relax	2	t
53	86	Auxiliar da Dir. Relax	2	t
54	90	Direção Correntes e Águas	2	t
55	91	Auxiliar da Dir. Correntes e Águas	2	t
56	93	Auxiliar da Coord. na Meditação em Templo Maior	2	t
57	95	Operador de Trab. Esp. Entrevistas e Avaliações	2	t
58	96	Operador de Trab. Esp. Cromoterapia	2	t
59	97	Operador de Trab. Esp. Letargia	2	t
60	98	Operador de Trab. Esp. (outros)	2	t
\.


--
-- Data for Name: alunos_estado; Type: TABLE DATA; Schema: public; Owner: omaum_user
--

COPY public.alunos_estado (id, codigo, nome, regiao) FROM stdin;
\.


--
-- Data for Name: alunos_pais; Type: TABLE DATA; Schema: public; Owner: omaum_user
--

COPY public.alunos_pais (id, codigo, nome, nacionalidade, ativo) FROM stdin;
1	BRA	Brasil	Brasileiro(a)	t
2	USA	Estados Unidos	Americano(a)	t
3	PRT	Portugal	Português(a)	t
\.


--
-- Data for Name: alunos_registrohistorico; Type: TABLE DATA; Schema: public; Owner: omaum_user
--

COPY public.alunos_registrohistorico (id, ordem_servico, data_os, observacoes, created_at, ativo, aluno_id, codigo_id) FROM stdin;
97	OS-7328	2025-09-03	Registro automático.	2025-09-05 09:46:35.607+00	t	45	407
79	OS-3431	2025-07-13	Registro automático.	2025-09-05 09:46:34.632+00	t	36	407
48	OS-2786	2025-07-06	Registro automático.	2025-09-05 09:46:32.91+00	t	23	407
53	OS-6231	2025-06-20	Registro automático.	2025-09-05 09:46:33.176+00	t	25	407
89	OS-8055	2025-06-07	Registro automático.	2025-09-05 09:46:35.348+00	t	42	407
31	OS-4431	2025-06-07	Registro automático.	2025-09-05 09:46:31.871+00	t	15	407
45	OS-6640	2025-06-05	Registro automático.	2025-09-05 09:46:32.802+00	t	22	407
56	OS-3706	2025-06-03	Registro automático.	2025-09-05 09:46:33.578+00	t	27	407
87	OS-8041	2025-05-26	Registro automático.	2025-09-05 09:46:35.148+00	t	41	407
78	OS-1265	2025-05-06	Registro automático.	2025-09-05 09:46:34.535+00	t	35	407
12	OS-2113	2025-04-25	Registro automático.	2025-09-05 09:46:30.47+00	t	6	407
82	OS-9029	2025-04-18	Registro automático.	2025-09-05 09:46:34.816+00	t	38	407
9	OS-2099	2025-04-16	Registro automático.	2025-09-05 09:46:30.284+00	t	5	407
58	OS-6842	2025-04-10	Registro automático.	2025-09-05 09:46:33.599+00	t	27	407
72	OS-9016	2025-04-01	Registro automático.	2025-09-05 09:46:34.239+00	t	32	407
13	OS-1591	2025-03-28	Registro automático.	2025-09-05 09:46:30.48+00	t	6	407
7	OS-7207	2025-03-22	Registro automático.	2025-09-05 09:46:30.113+00	t	4	407
99	OS-2515	2025-03-14	Registro automático.	2025-09-05 09:46:35.761+00	t	46	407
50	OS-9737	2025-03-12	Registro automático.	2025-09-05 09:46:33.058+00	t	24	407
25	OS-8222	2025-03-04	Registro automático.	2025-09-05 09:46:31.505+00	t	13	407
16	OS-1296	2025-01-16	Registro automático.	2025-09-05 09:46:30.822+00	t	8	407
34	OS-7903	2025-01-15	Registro automático.	2025-09-05 09:46:32.108+00	t	17	407
75	OS-8191	2024-12-16	Registro automático.	2025-09-05 09:46:34.471+00	t	34	407
17	OS-4454	2024-12-05	Registro automático.	2025-09-05 09:46:30.832+00	t	8	407
81	OS-3873	2024-11-15	Registro automático.	2025-09-05 09:46:34.716+00	t	37	407
70	OS-5815	2024-10-26	Registro automático.	2025-09-05 09:46:34.219+00	t	32	407
14	OS-9747	2024-10-24	Registro automático.	2025-09-05 09:46:30.645+00	t	7	407
84	OS-7661	2024-10-06	Registro automático.	2025-09-05 09:46:34.923+00	t	39	407
77	OS-5647	2024-09-29	Registro automático.	2025-09-05 09:46:34.526+00	t	35	407
91	OS-7369	2024-09-14	Registro automático.	2025-09-05 09:46:35.391+00	t	43	407
5	OS-3532	2024-09-05	Registro automático.	2025-09-05 09:46:30.071+00	t	3	407
1	OS-6043	2024-08-30	Registro automático.	2025-09-05 09:46:29.919+00	t	1	407
27	OS-1085	2024-08-29	Registro automático.	2025-09-05 09:46:31.527+00	t	13	407
71	OS-8312	2024-08-12	Registro automático.	2025-09-05 09:46:34.228+00	t	32	407
65	OS-8594	2024-08-12	Registro automático.	2025-09-05 09:46:33.807+00	t	30	407
37	OS-4766	2024-07-31	Registro automático.	2025-09-05 09:46:32.28+00	t	18	407
100	OS-3719	2024-07-12	Registro automático.	2025-09-05 09:46:35.772+00	t	46	407
24	OS-9310	2024-07-07	Registro automático.	2025-09-05 09:46:31.356+00	t	12	407
92	OS-4178	2024-07-05	Registro automático.	2025-09-05 09:46:35.4+00	t	43	407
55	OS-3769	2024-06-08	Registro automático.	2025-09-05 09:46:33.395+00	t	26	407
85	OS-9602	2024-06-04	Registro automático.	2025-09-05 09:46:34.932+00	t	39	407
10	OS-8345	2024-06-04	Registro automático.	2025-09-05 09:46:30.294+00	t	5	407
47	OS-5292	2024-05-25	Registro automático.	2025-09-05 09:46:32.9+00	t	23	407
98	OS-1348	2024-03-17	Registro automático.	2025-09-05 09:46:35.617+00	t	45	407
83	OS-5645	2024-03-11	Registro automático.	2025-09-05 09:46:34.912+00	t	39	407
3	OS-3531	2024-03-09	Registro automático.	2025-09-05 09:46:30.022+00	t	2	407
59	OS-1660	2024-03-04	Registro automático.	2025-09-05 09:46:33.635+00	t	28	407
69	OS-2216	2024-01-28	Registro automático.	2025-09-05 09:46:34.106+00	t	31	407
33	OS-8648	2024-01-13	Registro automático.	2025-09-05 09:46:32.099+00	t	17	407
42	OS-7600	2023-12-05	Registro automático.	2025-09-05 09:46:32.653+00	t	21	407
22	OS-5619	2023-11-29	Registro automático.	2025-09-05 09:46:31.257+00	t	11	407
104	OS-3880	2023-11-25	Registro automático.	2025-09-05 09:46:36.242+00	t	50	407
93	OS-7990	2023-11-25	Registro automático.	2025-09-05 09:46:35.411+00	t	43	407
49	OS-1902	2023-11-19	Registro automático.	2025-09-05 09:46:32.921+00	t	23	407
4	OS-6875	2023-10-17	Registro automático.	2025-09-05 09:46:30.03+00	t	2	407
74	OS-9863	2023-10-02	Registro automático.	2025-09-05 09:46:34.462+00	t	34	407
29	OS-9960	2023-09-05	Registro automático.	2025-09-05 09:46:31.849+00	t	15	407
11	OS-8247	2023-08-19	Registro automático.	2025-09-05 09:46:30.457+00	t	6	407
20	OS-2430	2023-08-10	Registro automático.	2025-09-05 09:46:31.089+00	t	10	407
6	OS-3114	2023-07-27	Registro automático.	2025-09-05 09:46:30.079+00	t	3	407
88	OS-9503	2023-07-21	Registro automático.	2025-09-05 09:46:35.158+00	t	41	407
94	OS-9565	2023-07-18	Registro automático.	2025-09-05 09:46:35.443+00	t	44	407
68	OS-3999	2023-07-10	Registro automático.	2025-09-05 09:46:34.097+00	t	31	407
41	OS-3829	2023-05-31	Registro automático.	2025-09-05 09:46:32.544+00	t	20	407
67	OS-3371	2023-05-30	Registro automático.	2025-09-05 09:46:33.827+00	t	30	407
43	OS-3945	2023-05-24	Registro automático.	2025-09-05 09:46:32.663+00	t	21	407
26	OS-4272	2023-05-13	Registro automático.	2025-09-05 09:46:31.514+00	t	13	407
2	OS-9182	2023-05-13	Registro automático.	2025-09-05 09:46:29.929+00	t	1	407
46	OS-6811	2023-03-26	Registro automático.	2025-09-05 09:46:32.813+00	t	22	407
57	OS-5063	2023-03-06	Registro automático.	2025-09-05 09:46:33.588+00	t	27	407
95	OS-4648	2022-12-21	Registro automático.	2025-09-05 09:46:35.452+00	t	44	407
54	OS-7592	2022-11-27	Registro automático.	2025-09-05 09:46:33.383+00	t	26	407
40	OS-8094	2022-08-08	Registro automático.	2025-09-05 09:46:32.533+00	t	20	407
66	OS-5392	2022-07-22	Registro automático.	2025-09-05 09:46:33.817+00	t	30	407
76	OS-2910	2022-07-20	Registro automático.	2025-09-05 09:46:34.514+00	t	35	407
103	OS-7541	2022-06-06	Registro automático.	2025-09-05 09:46:36.099+00	t	49	407
80	OS-1701	2022-06-03	Registro automático.	2025-09-05 09:46:34.642+00	t	36	407
64	OS-3191	2022-05-13	Registro automático.	2025-09-05 09:46:33.775+00	t	29	407
8	OS-9153	2022-03-18	Registro automático.	2025-09-05 09:46:30.274+00	t	5	407
86	OS-1938	2022-03-06	Registro automático.	2025-09-05 09:46:35.053+00	t	40	407
35	OS-9550	2022-02-11	Registro automático.	2025-09-05 09:46:32.261+00	t	18	407
19	OS-3463	2022-01-02	Registro automático.	2025-09-05 09:46:30.979+00	t	9	407
18	OS-1434	2021-12-25	Registro automático.	2025-09-05 09:46:30.968+00	t	9	407
105	OS-5779	2021-11-02	Registro automático.	2025-09-05 09:46:36.251+00	t	50	407
15	OS-1559	2021-10-19	Registro automático.	2025-09-05 09:46:30.811+00	t	8	407
60	OS-9697	2021-10-15	Registro automático.	2025-09-05 09:46:33.646+00	t	28	407
62	OS-7623	2021-08-06	Registro automático.	2025-09-05 09:46:33.753+00	t	29	407
63	OS-9024	2021-06-16	Registro automático.	2025-09-05 09:46:33.763+00	t	29	407
51	OS-8843	2021-06-08	Registro automático.	2025-09-05 09:46:33.067+00	t	24	407
90	OS-4089	2021-06-06	Registro automático.	2025-09-05 09:46:35.359+00	t	42	407
102	OS-2940	2021-05-12	Registro automático.	2025-09-05 09:46:35.994+00	t	48	407
36	OS-6449	2021-04-04	Registro automático.	2025-09-05 09:46:32.271+00	t	18	407
28	OS-4196	2021-03-04	Registro automático.	2025-09-05 09:46:31.659+00	t	14	407
38	OS-8603	2021-02-05	Registro automático.	2025-09-05 09:46:32.362+00	t	19	407
32	OS-7522	2021-01-26	Registro automático.	2025-09-05 09:46:32.024+00	t	16	407
21	OS-8067	2021-01-10	Registro automático.	2025-09-05 09:46:31.098+00	t	10	407
44	OS-5704	2021-01-09	Registro automático.	2025-09-05 09:46:32.674+00	t	21	407
101	OS-7894	2020-12-25	Registro automático.	2025-09-05 09:46:35.875+00	t	47	407
30	OS-2924	2020-12-16	Registro automático.	2025-09-05 09:46:31.86+00	t	15	407
52	OS-3936	2020-12-05	Registro automático.	2025-09-05 09:46:33.079+00	t	24	407
23	OS-2752	2020-12-03	Registro automático.	2025-09-05 09:46:31.268+00	t	11	407
96	OS-8947	2020-11-19	Registro automático.	2025-09-05 09:46:35.463+00	t	44	407
39	OS-8457	2020-10-21	Registro automático.	2025-09-05 09:46:32.524+00	t	20	407
73	OS-3597	2020-10-12	Registro automático.	2025-09-05 09:46:34.343+00	t	33	407
61	OS-3439	2020-09-08	Registro automático.	2025-09-05 09:46:33.658+00	t	28	407
107	DEM/2019	2019-08-04	Outro evento de demonstração criado pelo script.	2025-10-05 15:33:34.914+00	t	54	408
106	DEM/2018	2018-03-12	Registro legado importado via script.	2025-10-05 15:33:34.873+00	t	54	408
\.


--
-- Data for Name: alunos_tipocodigo; Type: TABLE DATA; Schema: public; Owner: omaum_user
--

COPY public.alunos_tipocodigo (id, nome, descricao, ativo) FROM stdin;
1	Administrativos	Códigos Administrativos	t
8	Demo Legado	Tipo criado para demonstrar migração JSON.	f
5	Instrutoria	Cargos de Instrutoria e assemelhados	t
6	Punições	Códigos de Punições	t
3	Ritos Maiores	Funções nos ritos de 1ª iniciação a 5a.  Iniciações	t
4	Ritos Menores	Funções nos diversos outros ritos	t
7	Tipo Teste	\N	f
2	Trabalho Curador	Código do Trabalho Curador	t
\.


--
-- Data for Name: atividades_atividade; Type: TABLE DATA; Schema: public; Owner: omaum_user
--

COPY public.atividades_atividade (id, nome, descricao, tipo_atividade, data_inicio, data_fim, hora_inicio, hora_fim, local, responsavel, status, ativo, convocacao, created_at, updated_at, curso_id) FROM stdin;
22	Atividade de Aula 22	\N	AULA	2025-09-01	\N	18:00:00	\N	\N	Monitor C	CONFIRMADA	t	f	2025-09-05 09:46:29.413+00	2025-09-05 12:37:45.594+00	8
19	Atividade de Workshop 19	\N	WORKSHOP	2025-08-31	\N	18:00:00	\N	\N	Professor B	PENDENTE	t	f	2025-09-05 09:46:29.349+00	2025-09-05 12:37:45.605+00	4
15	Atividade de Palestra 15	\N	PALESTRA	2025-08-16	\N	14:30:00	\N	\N	Professor A	CONFIRMADA	t	f	2025-09-05 09:46:29.264+00	2025-09-05 12:37:45.617+00	4
31	Atividade de Seminário 31	\N	SEMINÁRIO	2025-08-07	\N	20:00:00	\N	\N	Professor A	CONFIRMADA	t	f	2025-09-05 09:46:29.609+00	2025-09-05 12:37:45.63+00	6
36	Atividade de Seminário 36	\N	SEMINÁRIO	2025-08-06	\N	15:30:00	\N	\N	Convidado Especial	PENDENTE	t	f	2025-09-05 09:46:29.745+00	2025-09-05 12:37:45.662+00	8
16	Atividade de Workshop 16	\N	WORKSHOP	2025-07-29	\N	11:30:00	\N	\N	Professor A	CANCELADA	t	f	2025-09-05 09:46:29.284+00	2025-09-05 12:37:45.674+00	8
26	Atividade de Palestra 26	\N	PALESTRA	2025-06-27	\N	11:00:00	\N	\N	Professor B	CONFIRMADA	t	f	2025-09-05 09:46:29.503+00	2025-09-05 12:37:45.684+00	1
2	Atividade de Laboratório 2	\N	LABORATÓRIO	2025-06-27	\N	15:30:00	\N	\N	Professor B	CONFIRMADA	t	f	2025-09-05 09:46:28.991+00	2025-09-05 12:37:45.699+00	2
39	Atividade de Laboratório 39	\N	LABORATÓRIO	2025-06-20	\N	15:00:00	\N	\N	Professor A	CANCELADA	t	f	2025-09-05 09:46:29.819+00	2025-09-05 12:37:45.708+00	4
35	Atividade de Aula 35	\N	AULA	2025-06-17	\N	20:30:00	\N	\N	Monitor C	CANCELADA	t	f	2025-09-05 09:46:29.709+00	2025-09-05 12:37:45.719+00	6
14	Atividade de Laboratório 14	\N	LABORATÓRIO	2025-06-16	\N	11:00:00	\N	\N	Professor B	CONFIRMADA	t	f	2025-09-05 09:46:29.242+00	2025-09-05 12:37:45.729+00	2
29	Atividade de Workshop 29	\N	WORKSHOP	2025-06-15	\N	09:30:00	\N	\N	Monitor C	PENDENTE	t	f	2025-09-05 09:46:29.568+00	2025-09-05 12:37:45.738+00	3
30	Atividade de Laboratório 30	\N	LABORATÓRIO	2025-06-03	\N	16:00:00	\N	\N	Professor A	PENDENTE	t	f	2025-09-05 09:46:29.589+00	2025-09-05 12:37:45.748+00	1
4	Atividade de Palestra 4	\N	PALESTRA	2025-05-23	\N	09:00:00	\N	\N	Monitor C	CONFIRMADA	t	f	2025-09-05 09:46:29.032+00	2025-09-05 12:37:45.813+00	5
20	Atividade de Laboratório 20	\N	LABORATÓRIO	2025-05-23	\N	12:00:00	\N	\N	Professor B	CANCELADA	t	f	2025-09-05 09:46:29.372+00	2025-09-05 12:37:45.827+00	4
11	Atividade de Palestra 11	\N	PALESTRA	2025-05-07	\N	18:00:00	\N	\N	Professor A	CANCELADA	t	f	2025-09-05 09:46:29.178+00	2025-09-05 12:37:45.838+00	3
34	Atividade de Workshop 34	\N	WORKSHOP	2025-04-21	\N	09:30:00	\N	\N	Professor A	CONFIRMADA	t	f	2025-09-05 09:46:29.677+00	2025-09-05 12:37:45.848+00	5
24	Atividade de Laboratório 24	\N	LABORATÓRIO	2025-03-26	\N	14:00:00	\N	\N	Professor B	PENDENTE	t	f	2025-09-05 09:46:29.456+00	2025-09-05 12:37:45.864+00	7
25	Atividade de Palestra 25	\N	PALESTRA	2025-03-09	\N	14:30:00	\N	\N	Convidado Especial	CONFIRMADA	t	f	2025-09-05 09:46:29.478+00	2025-09-05 12:37:45.875+00	7
6	Atividade de Aula 6	\N	AULA	2025-03-08	\N	16:00:00	\N	\N	Convidado Especial	CANCELADA	t	f	2025-09-05 09:46:29.073+00	2025-09-05 12:37:45.885+00	4
40	Atividade de Laboratório 40	\N	LABORATÓRIO	2025-02-24	\N	20:30:00	\N	\N	Monitor C	CANCELADA	t	f	2025-09-05 09:46:29.844+00	2025-09-05 12:37:45.92+00	8
38	Atividade de Aula 38	\N	AULA	2025-02-16	\N	18:30:00	\N	\N	Professor B	PENDENTE	t	f	2025-09-05 09:46:29.795+00	2025-09-05 12:37:45.93+00	6
1	Atividade de Workshop 1	\N	WORKSHOP	2025-02-11	\N	16:00:00	\N	\N	Monitor C	CONFIRMADA	t	f	2025-09-05 09:46:28.968+00	2025-09-05 12:37:45.941+00	8
18	Atividade de Palestra 18	\N	PALESTRA	2025-02-10	\N	19:30:00	\N	\N	Professor A	CANCELADA	t	f	2025-09-05 09:46:29.327+00	2025-09-05 12:37:45.953+00	8
21	Atividade de Workshop 21	\N	WORKSHOP	2025-01-27	\N	15:30:00	\N	\N	Convidado Especial	CANCELADA	t	f	2025-09-05 09:46:29.392+00	2025-09-05 12:37:45.964+00	3
8	Atividade de Aula 8	\N	AULA	2025-01-26	\N	19:30:00	\N	\N	Professor A	PENDENTE	t	f	2025-09-05 09:46:29.114+00	2025-09-05 12:37:45.974+00	8
10	Atividade de Palestra 10	\N	PALESTRA	2025-01-13	\N	16:30:00	\N	\N	Convidado Especial	PENDENTE	t	f	2025-09-05 09:46:29.157+00	2025-09-05 12:37:45.989+00	7
12	Atividade de Seminário 12	\N	SEMINÁRIO	2025-01-13	\N	20:30:00	\N	\N	Professor A	CANCELADA	t	f	2025-09-05 09:46:29.198+00	2025-09-05 12:37:45.998+00	2
3	Atividade de Workshop 3	\N	WORKSHOP	2025-01-12	\N	09:00:00	\N	\N	Monitor C	PENDENTE	t	f	2025-09-05 09:46:29.011+00	2025-09-05 12:37:46.008+00	2
33	Atividade de Workshop 33	\N	WORKSHOP	2025-01-04	\N	09:00:00	\N	\N	Professor A	CONFIRMADA	t	f	2025-09-05 09:46:29.655+00	2025-09-05 12:37:46.018+00	2
9	Atividade de Workshop 9	\N	WORKSHOP	2025-01-04	\N	18:30:00	\N	\N	Convidado Especial	CONFIRMADA	t	f	2025-09-05 09:46:29.135+00	2025-09-05 12:37:46.034+00	1
32	Atividade de Aula 32	\N	AULA	2024-12-10	\N	11:30:00	\N	\N	Professor A	CONFIRMADA	t	f	2025-09-05 09:46:29.63+00	2025-09-05 12:37:46.044+00	6
17	Atividade de Palestra 17	\N	PALESTRA	2024-12-04	\N	13:30:00	\N	\N	Professor B	CONFIRMADA	t	f	2025-09-05 09:46:29.306+00	2025-09-05 12:37:46.054+00	3
23	Atividade de Workshop 23	\N	WORKSHOP	2024-12-02	\N	09:30:00	\N	\N	Professor A	PENDENTE	t	f	2025-09-05 09:46:29.434+00	2025-09-05 12:37:46.064+00	2
27	Atividade de Laboratório 27	\N	LABORATÓRIO	2024-11-29	\N	14:00:00	\N	\N	Professor B	PENDENTE	t	f	2025-09-05 09:46:29.524+00	2025-09-05 12:37:46.076+00	3
5	Atividade de Palestra 5	\N	PALESTRA	2024-11-18	\N	15:00:00	\N	\N	Professor B	PENDENTE	t	f	2025-09-05 09:46:29.054+00	2025-09-05 12:37:46.086+00	5
13	Atividade de Palestra 13	\N	PALESTRA	2024-10-25	\N	11:00:00	\N	\N	Professor A	CANCELADA	t	f	2025-09-05 09:46:29.22+00	2025-09-05 12:37:46.115+00	4
37	Atividade de Seminário 37	\N	SEMINÁRIO	2024-09-30	\N	14:00:00	\N	\N	Professor A	CONFIRMADA	t	f	2025-09-05 09:46:29.773+00	2025-09-05 12:37:46.128+00	5
28	Atividade de Laboratório 28	\N	LABORATÓRIO	2024-09-23	\N	19:30:00	\N	\N	Monitor C	CANCELADA	t	f	2025-09-05 09:46:29.545+00	2025-09-05 12:37:46.137+00	1
7	Atividade de Aula 7	\N	AULA	2024-09-11	\N	17:00:00	\N	\N	Convidado Especial	CANCELADA	t	f	2025-09-05 09:46:29.094+00	2025-09-05 12:37:46.147+00	1
\.


--
-- Data for Name: atividades_atividade_turmas; Type: TABLE DATA; Schema: public; Owner: omaum_user
--

COPY public.atividades_atividade_turmas (id, atividade_id, turma_id) FROM stdin;
1	22	21
2	19	28
3	19	22
4	15	19
5	15	21
6	15	28
7	15	29
8	15	30
9	31	24
10	31	6
11	36	17
12	36	13
13	36	4
14	36	12
15	16	14
16	26	16
17	26	26
18	26	29
19	2	19
20	2	11
21	2	29
22	39	30
23	35	17
24	35	10
25	35	19
26	35	6
27	14	9
28	14	20
29	14	14
30	29	23
31	29	14
32	29	7
33	30	16
34	30	30
35	4	8
36	4	2
37	4	4
38	4	23
39	20	25
40	20	22
41	11	26
42	11	27
43	34	2
44	34	12
45	34	16
46	34	25
47	34	27
48	24	17
49	25	17
50	25	28
51	6	10
52	6	15
53	40	27
54	40	21
55	40	23
56	38	6
57	38	22
58	1	4
59	1	14
60	1	15
61	1	17
62	1	27
63	18	4
64	18	7
65	21	25
66	21	20
67	21	22
68	21	7
69	8	14
70	10	17
71	12	16
72	12	9
73	12	27
74	12	17
75	3	3
76	33	3
77	9	1
78	9	7
79	9	8
80	9	15
81	9	23
82	32	17
83	32	18
84	32	6
85	17	26
86	23	27
87	23	12
88	23	23
89	27	17
90	27	10
91	27	15
92	27	7
93	5	2
94	5	6
95	5	11
96	5	13
97	5	24
98	13	21
99	13	15
100	37	2
101	37	5
102	37	6
103	37	23
104	28	1
105	28	2
106	28	12
107	28	17
108	28	24
109	7	5
110	7	10
111	7	17
112	7	20
113	7	27
\.


--
-- Data for Name: atividades_presenca; Type: TABLE DATA; Schema: public; Owner: omaum_user
--

COPY public.atividades_presenca (id, data, presente, registrado_por, data_registro, aluno_id, atividade_id, turma_id) FROM stdin;
\.


--
-- Data for Name: auth_group; Type: TABLE DATA; Schema: public; Owner: omaum_user
--

COPY public.auth_group (id, name) FROM stdin;
\.


--
-- Data for Name: auth_group_permissions; Type: TABLE DATA; Schema: public; Owner: omaum_user
--

COPY public.auth_group_permissions (id, group_id, permission_id) FROM stdin;
\.


--
-- Data for Name: auth_permission; Type: TABLE DATA; Schema: public; Owner: omaum_user
--

COPY public.auth_permission (id, name, content_type_id, codename) FROM stdin;
1	Can add log entry	1	add_logentry
2	Can change log entry	1	change_logentry
3	Can delete log entry	1	delete_logentry
4	Can view log entry	1	view_logentry
5	Can add permission	2	add_permission
6	Can change permission	2	change_permission
7	Can delete permission	2	delete_permission
8	Can view permission	2	view_permission
9	Can add group	3	add_group
10	Can change group	3	change_group
11	Can delete group	3	delete_group
12	Can view group	3	view_group
13	Can add user	4	add_user
14	Can change user	4	change_user
15	Can delete user	4	delete_user
16	Can view user	4	view_user
17	Can add content type	5	add_contenttype
18	Can change content type	5	change_contenttype
19	Can delete content type	5	delete_contenttype
20	Can view content type	5	view_contenttype
21	Can add session	6	add_session
22	Can change session	6	change_session
23	Can delete session	6	delete_session
24	Can view session	6	view_session
25	Can add Configuração do Sistema	7	add_configuracaosistema
26	Can change Configuração do Sistema	7	change_configuracaosistema
27	Can delete Configuração do Sistema	7	delete_configuracaosistema
28	Can view Configuração do Sistema	7	view_configuracaosistema
29	Can add Log de Atividade	8	add_logatividade
30	Can change Log de Atividade	8	change_logatividade
31	Can delete Log de Atividade	8	delete_logatividade
32	Can view Log de Atividade	8	view_logatividade
33	Can add Cidade	9	add_cidade
34	Can change Cidade	9	change_cidade
35	Can delete Cidade	9	delete_cidade
36	Can view Cidade	9	view_cidade
37	Can add Código	10	add_codigo
38	Can change Código	10	change_codigo
39	Can delete Código	10	delete_codigo
40	Can view Código	10	view_codigo
41	Can add Tipo de Código	11	add_tipocodigo
42	Can change Tipo de Código	11	change_tipocodigo
43	Can delete Tipo de Código	11	delete_tipocodigo
44	Can view Tipo de Código	11	view_tipocodigo
45	Can add Bairro	12	add_bairro
46	Can change Bairro	12	change_bairro
47	Can delete Bairro	12	delete_bairro
48	Can view Bairro	12	view_bairro
49	Can add Estado	13	add_estado
50	Can change Estado	13	change_estado
51	Can delete Estado	13	delete_estado
52	Can view Estado	13	view_estado
53	Can add País	14	add_pais
54	Can change País	14	change_pais
55	Can delete País	14	delete_pais
56	Can view País	14	view_pais
57	Can add Aluno	15	add_aluno
58	Can change Aluno	15	change_aluno
59	Can delete Aluno	15	delete_aluno
60	Can view Aluno	15	view_aluno
61	Can add Registro Histórico	16	add_registrohistorico
62	Can change Registro Histórico	16	change_registrohistorico
63	Can delete Registro Histórico	16	delete_registrohistorico
64	Can view Registro Histórico	16	view_registrohistorico
65	Can add Atividade	17	add_atividade
66	Can change Atividade	17	change_atividade
67	Can delete Atividade	17	delete_atividade
68	Can view Atividade	17	view_atividade
69	Can add Presença	18	add_presenca
70	Can change Presença	18	change_presenca
71	Can delete Presença	18	delete_presenca
72	Can view Presença	18	view_presenca
73	Can add Curso	19	add_curso
74	Can change Curso	19	change_curso
75	Can delete Curso	19	delete_curso
76	Can view Curso	19	view_curso
77	Can add Frequência Mensal	20	add_frequenciamensal
78	Can change Frequência Mensal	20	change_frequenciamensal
79	Can delete Frequência Mensal	20	delete_frequenciamensal
80	Can view Frequência Mensal	20	view_frequenciamensal
81	Can add Carência	21	add_carencia
82	Can change Carência	21	change_carencia
83	Can delete Carência	21	delete_carencia
84	Can view Carência	21	view_carencia
85	Can add Matrícula	22	add_matricula
86	Can change Matrícula	22	change_matricula
87	Can delete Matrícula	22	delete_matricula
88	Can view Matrícula	22	view_matricula
89	Can add Nota	23	add_nota
90	Can change Nota	23	change_nota
91	Can delete Nota	23	delete_nota
92	Can view Nota	23	view_nota
93	Can add Pagamento	24	add_pagamento
94	Can change Pagamento	24	change_pagamento
95	Can delete Pagamento	24	delete_pagamento
96	Can view Pagamento	24	view_pagamento
97	Can add Registro de Presença	25	add_registropresenca
98	Can change Registro de Presença	25	change_registropresenca
99	Can delete Registro de Presença	25	delete_registropresenca
100	Can view Registro de Presença	25	view_registropresenca
101	Can add Configuração de Presença (legado)	26	add_configuracaopresenca
102	Can change Configuração de Presença (legado)	26	change_configuracaopresenca
103	Can delete Configuração de Presença (legado)	26	delete_configuracaopresenca
104	Can view Configuração de Presença (legado)	26	view_configuracaopresenca
105	Can add Presença Detalhada (legado)	27	add_presencadetalhada
106	Can change Presença Detalhada (legado)	27	change_presencadetalhada
107	Can delete Presença Detalhada (legado)	27	delete_presencadetalhada
108	Can view Presença Detalhada (legado)	27	view_presencadetalhada
109	Can add Turma	28	add_turma
110	Can change Turma	28	change_turma
111	Can delete Turma	28	delete_turma
112	Can view Turma	28	view_turma
113	Can add Registro de Presença	34	add_registropresenca
114	Can change Registro de Presença	34	change_registropresenca
115	Can delete Registro de Presença	34	delete_registropresenca
116	Can view Registro de Presença	34	view_registropresenca
117	Can add Configuração de Presença (legado)	27	add_configuracaopresenca
118	Can change Configuração de Presença (legado)	27	change_configuracaopresenca
119	Can delete Configuração de Presença (legado)	27	delete_configuracaopresenca
120	Can view Configuração de Presença (legado)	27	view_configuracaopresenca
121	Can add Presença Detalhada (legado)	30	add_presencadetalhada
122	Can change Presença Detalhada (legado)	30	change_presencadetalhada
123	Can delete Presença Detalhada (legado)	30	delete_presencadetalhada
124	Can view Presença Detalhada (legado)	30	view_presencadetalhada
125	Can add Turma	33	add_turma
126	Can change Turma	33	change_turma
127	Can delete Turma	33	delete_turma
128	Can view Turma	33	view_turma
\.


--
-- Data for Name: auth_user; Type: TABLE DATA; Schema: public; Owner: omaum_user
--

COPY public.auth_user (id, password, last_login, is_superuser, username, first_name, last_name, email, is_staff, is_active, date_joined) FROM stdin;
1		2025-10-27 12:47:28.426+00	t	admin				t	t	2025-09-05 09:47:35.765+00
2	pbkdf2_sha256$1000000$72rPM39JA7iit4a5ioJbUR$Al+anNXFEDENEmO3gGY5ue1xWUN6X4C2cysz50FuqPM=	2025-11-04 19:30:41.933+00	t	lcsilv3			lcsilv3@gmail.com	t	t	2025-09-05 12:36:46.374+00
5	pbkdf2_sha256$1000000$vT6NlGlV9yBBJQEyFeVG4o$Mcu/pMdzX6OetrNWy/q+4eyB9ZfHqmVYOmvzu7Q1bJs=	2025-11-10 00:26:51.422+00	t	test_sync			sync@example.com	t	t	2025-11-10 00:26:37.034+00
6	pbkdf2_sha256$1000000$NOiJLWIxfcESjDc9NoKEcC$q1NCaASewXlP4SOV+piExPXDGkU3+pSscDu0RT/qvVY=	\N	t	dsenv			dev@example.com	t	t	2025-12-07 05:14:48.535622+00
7	pbkdf2_sha256$1000000$amzlfo2ajBRsVCUU7jDybr$C11KfY3oU2kaMacOW5YA2ZXqJj8q0q3hIg39jxCeiXc=	2025-12-10 20:28:26.796789+00	t	desenv			dev2@example.com	t	t	2025-12-07 13:04:28.943837+00
\.


--
-- Data for Name: auth_user_groups; Type: TABLE DATA; Schema: public; Owner: omaum_user
--

COPY public.auth_user_groups (id, user_id, group_id) FROM stdin;
\.


--
-- Data for Name: auth_user_user_permissions; Type: TABLE DATA; Schema: public; Owner: omaum_user
--

COPY public.auth_user_user_permissions (id, user_id, permission_id) FROM stdin;
\.


--
-- Data for Name: core_configuracaosistema; Type: TABLE DATA; Schema: public; Owner: omaum_user
--

COPY public.core_configuracaosistema (id, nome_sistema, versao, data_atualizacao, manutencao_ativa, mensagem_manutencao) FROM stdin;
\.


--
-- Data for Name: core_logatividade; Type: TABLE DATA; Schema: public; Owner: omaum_user
--

COPY public.core_logatividade (id, usuario, acao, tipo, data, detalhes) FROM stdin;
1	Anônimo	Tentativa de login inválida	AVISO	2025-12-07 04:36:36.938147+00	\N
2	Anônimo	Tentativa de login inválida	AVISO	2025-12-07 04:36:41.002063+00	\N
3	desenv	Login realizado com sucesso	INFO	2025-12-07 04:39:05.450558+00	\N
4	Anônimo	Tentativa de login inválida	AVISO	2025-12-07 05:10:17.700069+00	\N
5	Anônimo	Tentativa de login inválida	AVISO	2025-12-07 05:10:20.463297+00	\N
6	Anônimo	Tentativa de login inválida	AVISO	2025-12-07 05:10:24.209953+00	\N
7	Anônimo	Tentativa de login inválida	AVISO	2025-12-07 05:15:16.54788+00	\N
8	Anônimo	Tentativa de login inválida	AVISO	2025-12-07 05:15:20.301722+00	\N
9	Anônimo	Tentativa de login inválida	AVISO	2025-12-07 05:15:22.923619+00	\N
10	Anônimo	Tentativa de login inválida	AVISO	2025-12-07 05:15:24.878109+00	\N
11	Anônimo	Tentativa de login inválida	AVISO	2025-12-07 05:16:47.498122+00	\N
12	Anônimo	Tentativa de login inválida	AVISO	2025-12-07 05:16:54.974297+00	\N
13	Anônimo	Tentativa de login inválida	AVISO	2025-12-07 12:54:17.745504+00	\N
14	Anônimo	Tentativa de login inválida	AVISO	2025-12-07 12:54:20.613381+00	\N
15	Anônimo	Tentativa de login inválida	AVISO	2025-12-07 12:56:56.808296+00	\N
16	Anônimo	Tentativa de login inválida	AVISO	2025-12-07 13:02:00.515265+00	\N
17	desenv	Login realizado com sucesso	INFO	2025-12-07 13:05:47.284745+00	\N
18	desenv	Login realizado com sucesso	INFO	2025-12-07 13:11:37.145186+00	\N
19	desenv	Login realizado com sucesso	INFO	2025-12-08 00:59:19.954849+00	\N
20	desenv	Login realizado com sucesso	INFO	2025-12-08 22:48:31.738126+00	\N
21	desenv	Login realizado com sucesso	INFO	2025-12-10 20:28:26.807667+00	\N
\.


--
-- Data for Name: cursos_curso; Type: TABLE DATA; Schema: public; Owner: omaum_user
--

COPY public.cursos_curso (id, nome, descricao, ativo) FROM stdin;
1	Pré-Iniciático	Pré-Iniciático	t
2	1º Grau	1º Grau	t
3	2º Grau	2º Grau	t
4	3º Grau	3º Grau	t
5	4º Grau	4º Grau	t
6	5º Grau	5º Grau	t
7	Coleginho	Coleginho	t
8	Colégio Sacerdotal	Colégio Sacerdotal	t
9	Curso Sem Turma		t
10	Curso Basico	Introducao ao caminho	t
11	Curso Avancado	Modulo aprofundado	t
12	Curso Descontinuado	Material legado	f
\.


--
-- Data for Name: django_admin_log; Type: TABLE DATA; Schema: public; Owner: omaum_user
--

COPY public.django_admin_log (id, action_time, object_id, object_repr, action_flag, change_message, content_type_id, user_id) FROM stdin;
\.


--
-- Data for Name: django_content_type; Type: TABLE DATA; Schema: public; Owner: omaum_user
--

COPY public.django_content_type (id, app_label, model) FROM stdin;
1	admin	logentry
2	auth	permission
3	auth	group
4	auth	user
5	contenttypes	contenttype
6	sessions	session
7	core	configuracaosistema
8	core	logatividade
9	alunos	cidade
10	alunos	codigo
11	alunos	tipocodigo
12	alunos	bairro
13	alunos	estado
14	alunos	pais
15	alunos	aluno
16	alunos	registrohistorico
17	atividades	atividade
18	atividades	presenca
19	cursos	curso
20	frequencias	frequenciamensal
21	frequencias	carencia
22	matriculas	matricula
23	notas	nota
24	pagamentos	pagamento
25	presencas	agendamentorelatorio
26	presencas	observacaopresenca
27	presencas	configuracaopresenca
28	presencas	convocacaopresenca
29	presencas	presenca
30	presencas	presencadetalhada
31	presencas	totalatividademes
32	relatorios	relatorio
33	turmas	turma
34	presencas	registropresenca
\.


--
-- Data for Name: django_migrations; Type: TABLE DATA; Schema: public; Owner: omaum_user
--

COPY public.django_migrations (id, app, name, applied) FROM stdin;
1	contenttypes	0001_initial	2025-12-07 04:32:10.636294+00
2	auth	0001_initial	2025-12-07 04:32:10.92772+00
3	admin	0001_initial	2025-12-07 04:32:10.991979+00
4	admin	0002_logentry_remove_auto_add	2025-12-07 04:32:11.001883+00
5	admin	0003_logentry_add_action_flag_choices	2025-12-07 04:32:11.010876+00
6	alunos	0001_initial	2025-12-07 04:32:11.999448+00
7	alunos	0002_alter_aluno_celular_primeiro_contato_and_more	2025-12-07 04:32:12.284251+00
8	alunos	0003_auto_20250913_1255	2025-12-07 04:32:12.30955+00
9	alunos	0004_alter_aluno_numero_iniciatico	2025-12-07 04:32:12.359189+00
10	alunos	0005_remove_registrohistorico_nome_iniciatico_and_more	2025-12-07 04:32:12.376945+00
11	alunos	0006_codigo_ativo_tipocodigo_ativo_and_more	2025-12-07 04:32:12.429926+00
12	alunos	0007_altera_max_length_cpf_aceita_mascara	2025-12-07 04:32:13.162978+00
13	alunos	0008_ajusta_max_length_cep_celulares_mascara	2025-12-07 04:32:13.19037+00
14	alunos	0009_alter_aluno_celular_primeiro_contato_and_more	2025-12-07 04:32:13.21324+00
15	cursos	0001_initial	2025-12-07 04:32:13.278483+00
16	turmas	0001_initial	2025-12-07 04:32:13.432185+00
17	atividades	0001_initial	2025-12-07 04:32:13.637446+00
18	contenttypes	0002_remove_content_type_name	2025-12-07 04:32:13.662703+00
19	auth	0002_alter_permission_name_max_length	2025-12-07 04:32:13.674682+00
20	auth	0003_alter_user_email_max_length	2025-12-07 04:32:13.686619+00
21	auth	0004_alter_user_username_opts	2025-12-07 04:32:13.694046+00
22	auth	0005_alter_user_last_login_null	2025-12-07 04:32:13.705481+00
23	auth	0006_require_contenttypes_0002	2025-12-07 04:32:13.713838+00
24	auth	0007_alter_validators_add_error_messages	2025-12-07 04:32:13.726095+00
25	auth	0008_alter_user_username_max_length	2025-12-07 04:32:13.753053+00
26	auth	0009_alter_user_last_name_max_length	2025-12-07 04:32:13.768132+00
27	auth	0010_alter_group_name_max_length	2025-12-07 04:32:13.779948+00
28	auth	0011_update_proxy_permissions	2025-12-07 04:32:13.798967+00
29	auth	0012_alter_user_first_name_max_length	2025-12-07 04:32:13.81032+00
30	core	0001_initial	2025-12-07 04:32:13.982268+00
31	frequencias	0001_initial	2025-12-07 04:32:14.097227+00
32	matriculas	0001_initial	2025-12-07 04:32:14.156281+00
33	notas	0001_initial	2025-12-07 04:32:14.214473+00
34	pagamentos	0001_initial	2025-12-07 04:32:14.254647+00
35	turmas	0002_remove_turma_perc_carencia_and_more	2025-12-07 04:32:14.290374+00
36	presencas	0001_initial	2025-12-07 04:32:14.876539+00
37	presencas	0002_alter_configuracaopresenca_unique_together_and_more	2025-12-07 04:32:15.81179+00
38	presencas	0003_create_presencadetalhada_view	2025-12-07 04:32:15.83391+00
39	presencas	0004_configuracaopresenca_presencadetalhada	2025-12-07 04:32:15.840068+00
40	relatorios_presenca	0001_initial	2025-12-07 04:32:15.865649+00
41	sessions	0001_initial	2025-12-07 04:32:15.939031+00
42	turmas	0003_turma_data_fim_turma_data_inicio	2025-12-07 04:32:15.975448+00
43	turmas	0004_remove_turma_data_fim_remove_turma_data_inicio	2025-12-07 04:32:16.007638+00
44	turmas	0005_alter_turma_perc_presenca_minima	2025-12-08 00:54:37.124406+00
45	alunos	0010_aluno_telefone_celular	2025-12-08 00:54:37.137907+00
46	turmas	0005_alter_turma_perc_presenca_minima	2025-12-08 00:54:37.180439+00
47	turmas	0006_alter_turma_dias_semana	2025-12-08 01:14:07.959421+00
\.


--
-- Data for Name: django_session; Type: TABLE DATA; Schema: public; Owner: omaum_user
--

COPY public.django_session (session_key, session_data, expire_date) FROM stdin;
jcvwr90drfoewrikihqpavx5opj9bi1e	.eJxVjEEOwiAQRe_C2pChBQGX7nsGMsOAVA0kpV0Z765NutDtf-_9lwi4rSVsPS1hZnERVpx-N8L4SHUHfMd6azK2ui4zyV2RB-1yapye18P9OyjYy7fGgaK3jMZqB2700YDO7AAyW69UPGdDmrMesmeTHQGaSAmVAiA9OifeH-sgOAQ:1vSESR:8G2SOz1tiTLMwXGGMqrR5kTOGmCsV57MqeJEpdZ7sVA	2025-12-21 13:05:47.287216+00
8w29petfhkt4726uuziefv4whf6xdlpb	.eJxVjEEOwiAQRe_C2pChBQGX7nsGMsOAVA0kpV0Z765NutDtf-_9lwi4rSVsPS1hZnERVpx-N8L4SHUHfMd6azK2ui4zyV2RB-1yapye18P9OyjYy7fGgaK3jMZqB2700YDO7AAyW69UPGdDmrMesmeTHQGaSAmVAiA9OifeH-sgOAQ:1vSEY5:tSavhdg-NCvYc6iME-VFLLeKjX9jmO2A7WlgYP3hAgc	2025-12-21 13:11:37.147357+00
xjw9yxe5pf9sqgxcq2yppctnza5f42di	.eJxVjEEOwiAQRe_C2pChBQGX7nsGMsOAVA0kpV0Z765NutDtf-_9lwi4rSVsPS1hZnERVpx-N8L4SHUHfMd6azK2ui4zyV2RB-1yapye18P9OyjYy7fGgaK3jMZqB2700YDO7AAyW69UPGdDmrMesmeTHQGaSAmVAiA9OifeH-sgOAQ:1vSPax:LFpXQaJpjNluQqa2gVfNSP4YFft3X7xU0HDU5vWdAnQ	2025-12-22 00:59:19.96757+00
ceipwxi0up1g8eehqaqj3z0iocosipoh	.eJxVjEEOwiAQRe_C2pChBQGX7nsGMsOAVA0kpV0Z765NutDtf-_9lwi4rSVsPS1hZnERVpx-N8L4SHUHfMd6azK2ui4zyV2RB-1yapye18P9OyjYy7fGgaK3jMZqB2700YDO7AAyW69UPGdDmrMesmeTHQGaSAmVAiA9OifeH-sgOAQ:1vSk1v:QpXOk0MQx9wpLGCi71o42BQaHJ5Oses1fns2su3HRag	2025-12-22 22:48:31.758146+00
g7gx7gllozo22oqh6xnpbr4br5nh4kll	.eJxVjEEOwiAQRe_C2pChBQGX7nsGMsOAVA0kpV0Z765NutDtf-_9lwi4rSVsPS1hZnERVpx-N8L4SHUHfMd6azK2ui4zyV2RB-1yapye18P9OyjYy7fGgaK3jMZqB2700YDO7AAyW69UPGdDmrMesmeTHQGaSAmVAiA9OifeH-sgOAQ:1vTQnS:RSok0ftDbbyH7CosdVrNrgN3qA-wyDXoVkdtdSrlMPY	2025-12-24 20:28:26.83093+00
\.


--
-- Data for Name: frequencias_carencia; Type: TABLE DATA; Schema: public; Owner: omaum_user
--

COPY public.frequencias_carencia (id, total_presencas, total_atividades, percentual_presenca, numero_carencias, liberado, status, observacoes, created_at, updated_at, aluno_id, frequencia_mensal_id) FROM stdin;
\.


--
-- Data for Name: frequencias_frequenciamensal; Type: TABLE DATA; Schema: public; Owner: omaum_user
--

COPY public.frequencias_frequenciamensal (id, mes, ano, percentual_minimo, created_at, updated_at, turma_id) FROM stdin;
\.


--
-- Data for Name: matriculas_matricula; Type: TABLE DATA; Schema: public; Owner: omaum_user
--

COPY public.matriculas_matricula (id, data_matricula, ativa, status, aluno_id, turma_id) FROM stdin;
68	2025-09-05	t	A	53	1
12	2025-08-31	t	A	9	5
56	2025-08-25	t	A	41	5
3	2025-08-13	t	A	4	6
49	2025-08-03	t	A	35	23
60	2025-08-02	t	A	45	10
6	2025-07-29	t	A	6	13
26	2025-07-22	t	A	17	9
37	2025-07-22	t	A	25	16
17	2025-07-19	t	A	12	2
55	2025-07-08	t	A	40	2
32	2025-06-30	t	A	21	1
39	2025-06-27	t	A	26	6
7	2025-06-12	t	A	6	17
48	2025-06-09	t	A	33	26
13	2025-06-07	t	A	10	14
45	2025-06-03	t	A	31	21
52	2025-06-03	t	A	38	11
20	2025-05-28	t	A	14	17
65	2025-05-24	t	A	49	20
21	2025-05-17	t	A	14	7
43	2025-05-15	t	A	30	3
57	2025-05-15	t	A	41	20
50	2025-05-10	t	A	36	14
64	2025-04-30	t	A	48	30
31	2025-04-29	t	A	21	11
11	2025-04-27	t	A	8	24
46	2025-04-20	t	A	32	17
2	2025-04-14	t	A	4	27
41	2025-04-08	t	A	28	10
38	2025-04-01	t	A	25	5
42	2025-03-18	t	A	30	25
63	2025-03-11	t	A	47	18
44	2025-03-10	t	A	31	18
34	2025-03-08	t	A	23	11
62	2025-03-03	t	A	46	23
22	2025-02-24	t	A	15	8
19	2025-02-23	t	A	13	28
15	2025-02-22	t	A	11	15
8	2025-02-04	t	A	7	8
4	2025-01-24	t	A	5	11
35	2025-01-19	t	A	23	17
53	2025-01-10	t	A	39	16
58	2025-01-10	t	A	44	22
30	2025-01-07	t	A	20	11
67	2025-01-04	t	A	50	26
1	2025-01-02	t	A	1	17
23	2025-01-01	t	A	15	30
14	2024-12-19	t	A	10	23
18	2024-12-19	t	A	13	11
40	2024-12-17	t	A	26	3
27	2024-12-09	t	A	18	13
29	2024-12-02	t	A	19	22
24	2024-11-29	t	A	16	18
33	2024-11-29	t	A	22	11
61	2024-11-24	t	A	45	9
66	2024-11-24	t	A	49	21
54	2024-11-22	t	A	39	14
5	2024-11-21	t	A	5	26
25	2024-11-07	t	A	17	19
36	2024-11-06	t	A	24	9
9	2024-11-03	t	A	7	12
51	2024-10-18	t	A	37	7
28	2024-10-12	t	A	19	19
10	2024-10-07	t	A	8	9
47	2024-09-19	t	A	33	17
59	2024-09-16	t	A	44	19
16	2024-09-10	t	A	12	15
\.


--
-- Data for Name: notas_nota; Type: TABLE DATA; Schema: public; Owner: omaum_user
--

COPY public.notas_nota (id, tipo_avaliacao, valor, peso, data, observacao, created_at, updated_at, aluno_id, curso_id, turma_id) FROM stdin;
54	atividade	8.92	1.0	2025-09-01	\N	2025-09-05 09:46:32.464+00	2025-09-05 09:46:32.465+00	19	4	19
108	prova	9.24	1.0	2025-08-21	\N	2025-09-05 09:46:35.115+00	2025-09-05 09:46:35.115+00	40	5	2
41	trabalho	7.37	1.0	2025-08-19	\N	2025-09-05 09:46:31.958+00	2025-09-05 09:46:31.958+00	15	3	8
65	atividade	8.62	1.0	2025-08-15	\N	2025-09-05 09:46:32.877+00	2025-09-05 09:46:32.877+00	22	2	11
97	trabalho	7.19	1.0	2025-08-15	\N	2025-09-05 09:46:34.6+00	2025-09-05 09:46:34.6+00	35	7	23
11	prova	6.24	1.0	2025-08-14	\N	2025-09-05 09:46:30.419+00	2025-09-05 09:46:30.419+00	5	3	26
63	prova	8.50	1.0	2025-08-11	\N	2025-09-05 09:46:32.778+00	2025-09-05 09:46:32.778+00	21	1	1
31	trabalho	8.39	1.0	2025-08-10	\N	2025-09-05 09:46:31.444+00	2025-09-05 09:46:31.445+00	12	4	15
52	atividade	8.00	1.0	2025-08-07	\N	2025-09-05 09:46:32.34+00	2025-09-05 09:46:32.34+00	18	7	13
119	atividade	8.62	1.0	2025-08-07	\N	2025-09-05 09:46:35.715+00	2025-09-05 09:46:35.715+00	45	4	10
18	atividade	7.51	1.0	2025-08-02	\N	2025-09-05 09:46:30.787+00	2025-09-05 09:46:30.787+00	7	2	12
2	prova	7.46	1.0	2025-07-30	\N	2025-09-05 09:46:29.996+00	2025-09-05 09:46:29.996+00	1	7	17
47	atividade	9.97	1.0	2025-07-30	\N	2025-09-05 09:46:32.201+00	2025-09-05 09:46:32.201+00	17	4	19
128	trabalho	8.53	1.0	2025-07-30	\N	2025-09-05 09:46:36.217+00	2025-09-05 09:46:36.217+00	49	8	21
62	trabalho	5.37	1.0	2025-07-28	\N	2025-09-05 09:46:32.767+00	2025-09-05 09:46:32.767+00	21	2	11
45	atividade	6.90	1.0	2025-07-26	\N	2025-09-05 09:46:32.002+00	2025-09-05 09:46:32.002+00	15	4	30
123	trabalho	5.16	1.0	2025-07-24	\N	2025-09-05 09:46:35.942+00	2025-09-05 09:46:35.942+00	47	8	18
101	atividade	5.89	1.0	2025-07-24	\N	2025-09-05 09:46:34.783+00	2025-09-05 09:46:34.783+00	37	3	7
99	prova	6.58	1.0	2025-07-22	\N	2025-09-05 09:46:34.695+00	2025-09-05 09:46:34.695+00	36	8	14
39	atividade	8.06	1.0	2025-07-21	\N	2025-09-05 09:46:31.815+00	2025-09-05 09:46:31.815+00	14	3	7
80	atividade	8.98	1.0	2025-07-21	\N	2025-09-05 09:46:33.539+00	2025-09-05 09:46:33.539+00	26	2	3
120	trabalho	7.33	1.0	2025-07-20	\N	2025-09-05 09:46:35.725+00	2025-09-05 09:46:35.725+00	45	4	10
56	trabalho	8.83	1.0	2025-07-17	\N	2025-09-05 09:46:32.483+00	2025-09-05 09:46:32.483+00	19	4	22
3	trabalho	9.90	1.0	2025-07-17	\N	2025-09-05 09:46:30.208+00	2025-09-05 09:46:30.208+00	4	3	27
92	atividade	9.33	1.0	2025-07-12	\N	2025-09-05 09:46:34.299+00	2025-09-05 09:46:34.299+00	32	7	17
40	prova	7.71	1.0	2025-07-07	\N	2025-09-05 09:46:31.825+00	2025-09-05 09:46:31.825+00	14	3	7
76	atividade	6.78	1.0	2025-07-07	\N	2025-09-05 09:46:33.35+00	2025-09-05 09:46:33.35+00	25	1	5
22	trabalho	8.57	1.0	2025-07-04	\N	2025-09-05 09:46:31.042+00	2025-09-05 09:46:31.042+00	9	1	5
103	trabalho	8.12	1.0	2025-07-02	\N	2025-09-05 09:46:34.867+00	2025-09-05 09:46:34.867+00	38	2	11
32	prova	9.63	1.0	2025-07-01	\N	2025-09-05 09:46:31.455+00	2025-09-05 09:46:31.455+00	12	5	2
88	trabalho	5.11	1.0	2025-07-01	\N	2025-09-05 09:46:34.061+00	2025-09-05 09:46:34.061+00	30	2	3
43	atividade	6.36	1.0	2025-06-29	\N	2025-09-05 09:46:31.981+00	2025-09-05 09:46:31.981+00	15	4	30
125	atividade	7.07	1.0	2025-06-28	\N	2025-09-05 09:46:35.964+00	2025-09-05 09:46:35.964+00	47	8	18
87	prova	7.81	1.0	2025-06-24	\N	2025-09-05 09:46:33.985+00	2025-09-05 09:46:33.985+00	30	2	3
24	atividade	8.41	1.0	2025-06-22	\N	2025-09-05 09:46:31.063+00	2025-09-05 09:46:31.063+00	9	1	5
117	trabalho	5.85	1.0	2025-06-21	\N	2025-09-05 09:46:35.583+00	2025-09-05 09:46:35.583+00	44	4	19
49	atividade	7.99	1.0	2025-06-15	\N	2025-09-05 09:46:32.221+00	2025-09-05 09:46:32.221+00	17	4	19
53	trabalho	7.92	1.0	2025-06-06	\N	2025-09-05 09:46:32.456+00	2025-09-05 09:46:32.456+00	19	4	19
113	trabalho	5.62	1.0	2025-06-06	\N	2025-09-05 09:46:35.326+00	2025-09-05 09:46:35.326+00	41	3	20
25	trabalho	9.56	1.0	2025-06-04	\N	2025-09-05 09:46:31.199+00	2025-09-05 09:46:31.199+00	10	8	14
14	atividade	6.00	1.0	2025-05-26	\N	2025-09-05 09:46:30.616+00	2025-09-05 09:46:30.616+00	6	7	17
121	atividade	7.48	1.0	2025-05-17	\N	2025-09-05 09:46:35.734+00	2025-09-05 09:46:35.734+00	45	2	9
112	atividade	5.28	1.0	2025-05-17	\N	2025-09-05 09:46:35.316+00	2025-09-05 09:46:35.316+00	41	1	5
7	trabalho	8.83	1.0	2025-05-15	\N	2025-09-05 09:46:30.251+00	2025-09-05 09:46:30.251+00	4	6	6
91	prova	5.67	1.0	2025-05-08	\N	2025-09-05 09:46:34.198+00	2025-09-05 09:46:34.198+00	31	8	21
86	trabalho	7.14	1.0	2025-05-03	\N	2025-09-05 09:46:33.941+00	2025-09-05 09:46:33.941+00	30	7	25
73	prova	6.01	1.0	2025-05-02	\N	2025-09-05 09:46:33.31+00	2025-09-05 09:46:33.311+00	25	1	16
8	prova	6.48	1.0	2025-05-01	\N	2025-09-05 09:46:30.392+00	2025-09-05 09:46:30.392+00	5	2	11
74	atividade	8.74	1.0	2025-04-29	\N	2025-09-05 09:46:33.323+00	2025-09-05 09:46:33.323+00	25	1	5
42	atividade	9.44	1.0	2025-04-29	\N	2025-09-05 09:46:31.967+00	2025-09-05 09:46:31.967+00	15	3	8
38	trabalho	5.81	1.0	2025-04-28	\N	2025-09-05 09:46:31.806+00	2025-09-05 09:46:31.806+00	14	7	17
66	atividade	8.72	1.0	2025-04-16	\N	2025-09-05 09:46:33.007+00	2025-09-05 09:46:33.007+00	23	2	11
75	prova	8.49	1.0	2025-04-15	\N	2025-09-05 09:46:33.333+00	2025-09-05 09:46:33.333+00	25	1	5
109	trabalho	9.00	1.0	2025-04-10	\N	2025-09-05 09:46:35.126+00	2025-09-05 09:46:35.126+00	40	5	2
69	prova	5.12	1.0	2025-04-08	\N	2025-09-05 09:46:33.035+00	2025-09-05 09:46:33.035+00	23	7	17
27	atividade	6.31	1.0	2025-04-06	\N	2025-09-05 09:46:31.221+00	2025-09-05 09:46:31.221+00	10	8	14
23	prova	5.73	1.0	2025-04-05	\N	2025-09-05 09:46:31.054+00	2025-09-05 09:46:31.054+00	9	1	5
115	atividade	9.14	1.0	2025-03-26	\N	2025-09-05 09:46:35.563+00	2025-09-05 09:46:35.563+00	44	4	22
93	atividade	5.42	1.0	2025-03-25	\N	2025-09-05 09:46:34.308+00	2025-09-05 09:46:34.308+00	32	7	17
15	prova	6.64	1.0	2025-03-24	\N	2025-09-05 09:46:30.756+00	2025-09-05 09:46:30.756+00	7	3	8
124	trabalho	6.04	1.0	2025-03-21	\N	2025-09-05 09:46:35.951+00	2025-09-05 09:46:35.951+00	47	8	18
35	atividade	6.13	1.0	2025-03-19	\N	2025-09-05 09:46:31.615+00	2025-09-05 09:46:31.615+00	13	2	11
34	prova	8.37	1.0	2025-03-19	\N	2025-09-05 09:46:31.474+00	2025-09-05 09:46:31.474+00	12	5	2
17	atividade	7.45	1.0	2025-03-19	\N	2025-09-05 09:46:30.776+00	2025-09-05 09:46:30.776+00	7	2	12
98	atividade	8.07	1.0	2025-03-18	\N	2025-09-05 09:46:34.611+00	2025-09-05 09:46:34.611+00	35	7	23
9	trabalho	8.32	1.0	2025-03-18	\N	2025-09-05 09:46:30.401+00	2025-09-05 09:46:30.401+00	5	2	11
127	atividade	9.49	1.0	2025-03-06	\N	2025-09-05 09:46:36.206+00	2025-09-05 09:46:36.206+00	49	3	20
78	atividade	6.86	1.0	2025-03-05	\N	2025-09-05 09:46:33.516+00	2025-09-05 09:46:33.516+00	26	6	6
20	trabalho	6.35	1.0	2025-02-25	\N	2025-09-05 09:46:30.934+00	2025-09-05 09:46:30.934+00	8	2	9
96	prova	7.50	1.0	2025-02-22	\N	2025-09-05 09:46:34.439+00	2025-09-05 09:46:34.439+00	33	3	26
72	atividade	5.90	1.0	2025-02-21	\N	2025-09-05 09:46:33.298+00	2025-09-05 09:46:33.298+00	25	1	16
95	trabalho	6.97	1.0	2025-02-20	\N	2025-09-05 09:46:34.43+00	2025-09-05 09:46:34.43+00	33	7	17
4	atividade	9.20	1.0	2025-02-19	\N	2025-09-05 09:46:30.218+00	2025-09-05 09:46:30.218+00	4	3	27
114	trabalho	5.54	1.0	2025-02-18	\N	2025-09-05 09:46:35.552+00	2025-09-05 09:46:35.552+00	44	4	22
129	trabalho	6.29	1.0	2025-02-18	\N	2025-09-05 09:46:36.321+00	2025-09-05 09:46:36.321+00	50	3	26
71	atividade	9.82	1.0	2025-02-11	\N	2025-09-05 09:46:33.288+00	2025-09-05 09:46:33.288+00	25	1	16
104	atividade	5.45	1.0	2025-02-11	\N	2025-09-05 09:46:34.878+00	2025-09-05 09:46:34.878+00	38	2	11
1	trabalho	9.89	1.0	2025-02-06	\N	2025-09-05 09:46:29.988+00	2025-09-05 09:46:29.988+00	1	7	17
116	trabalho	5.51	1.0	2025-02-06	\N	2025-09-05 09:46:35.574+00	2025-09-05 09:46:35.574+00	44	4	19
84	prova	6.26	1.0	2025-01-31	\N	2025-09-05 09:46:33.916+00	2025-09-05 09:46:33.916+00	30	7	25
46	prova	9.10	1.0	2025-01-31	\N	2025-09-05 09:46:32.076+00	2025-09-05 09:46:32.076+00	16	8	18
21	prova	9.51	1.0	2025-01-30	\N	2025-09-05 09:46:30.944+00	2025-09-05 09:46:30.944+00	8	1	24
13	atividade	5.17	1.0	2025-01-28	\N	2025-09-05 09:46:30.606+00	2025-09-05 09:46:30.606+00	6	7	13
58	trabalho	6.56	1.0	2025-01-27	\N	2025-09-05 09:46:32.503+00	2025-09-05 09:46:32.503+00	19	4	22
37	prova	7.36	1.0	2025-01-22	\N	2025-09-05 09:46:31.635+00	2025-09-05 09:46:31.635+00	13	3	28
50	atividade	8.53	1.0	2025-01-21	\N	2025-09-05 09:46:32.23+00	2025-09-05 09:46:32.23+00	17	2	9
68	atividade	7.80	1.0	2025-01-19	\N	2025-09-05 09:46:33.025+00	2025-09-05 09:46:33.025+00	23	2	11
89	atividade	5.73	1.0	2025-01-18	\N	2025-09-05 09:46:34.073+00	2025-09-05 09:46:34.073+00	30	2	3
102	atividade	6.39	1.0	2025-01-09	\N	2025-09-05 09:46:34.794+00	2025-09-05 09:46:34.794+00	37	3	7
33	trabalho	6.98	1.0	2025-01-08	\N	2025-09-05 09:46:31.464+00	2025-09-05 09:46:31.464+00	12	5	2
16	atividade	5.80	1.0	2025-01-05	\N	2025-09-05 09:46:30.766+00	2025-09-05 09:46:30.766+00	7	3	8
105	trabalho	5.55	1.0	2024-12-30	\N	2025-09-05 09:46:34.89+00	2025-09-05 09:46:34.89+00	38	2	11
94	atividade	7.98	1.0	2024-12-28	\N	2025-09-05 09:46:34.317+00	2025-09-05 09:46:34.317+00	32	7	17
90	trabalho	5.66	1.0	2024-12-28	\N	2025-09-05 09:46:34.189+00	2025-09-05 09:46:34.189+00	31	8	18
118	atividade	7.13	1.0	2024-12-24	\N	2025-09-05 09:46:35.706+00	2025-09-05 09:46:35.706+00	45	4	10
130	trabalho	6.80	1.0	2024-12-19	\N	2025-09-05 09:46:36.331+00	2025-09-05 09:46:36.331+00	50	3	26
122	trabalho	8.60	1.0	2024-12-18	\N	2025-09-05 09:46:35.845+00	2025-09-05 09:46:35.845+00	46	7	23
85	prova	7.90	1.0	2024-12-14	\N	2025-09-05 09:46:33.929+00	2025-09-05 09:46:33.929+00	30	7	25
28	atividade	9.99	1.0	2024-12-14	\N	2025-09-05 09:46:31.232+00	2025-09-05 09:46:31.232+00	10	7	23
44	trabalho	5.04	1.0	2024-12-11	\N	2025-09-05 09:46:31.992+00	2025-09-05 09:46:31.993+00	15	4	30
59	trabalho	7.25	1.0	2024-12-11	\N	2025-09-05 09:46:32.61+00	2025-09-05 09:46:32.611+00	20	2	11
51	prova	6.79	1.0	2024-12-05	\N	2025-09-05 09:46:32.24+00	2025-09-05 09:46:32.24+00	17	2	9
19	prova	6.37	1.0	2024-11-26	\N	2025-09-05 09:46:30.925+00	2025-09-05 09:46:30.925+00	8	2	9
26	prova	7.57	1.0	2024-11-25	\N	2025-09-05 09:46:31.209+00	2025-09-05 09:46:31.209+00	10	8	14
30	trabalho	5.37	1.0	2024-11-24	\N	2025-09-05 09:46:31.331+00	2025-09-05 09:46:31.331+00	11	4	15
81	prova	8.51	1.0	2024-11-20	\N	2025-09-05 09:46:33.548+00	2025-09-05 09:46:33.549+00	26	2	3
126	atividade	5.79	1.0	2024-11-18	\N	2025-09-05 09:46:36.076+00	2025-09-05 09:46:36.076+00	48	4	30
70	atividade	9.73	1.0	2024-11-18	\N	2025-09-05 09:46:33.149+00	2025-09-05 09:46:33.149+00	24	2	9
55	prova	7.10	1.0	2024-11-11	\N	2025-09-05 09:46:32.474+00	2025-09-05 09:46:32.474+00	19	4	19
10	prova	7.51	1.0	2024-11-10	\N	2025-09-05 09:46:30.409+00	2025-09-05 09:46:30.409+00	5	2	11
48	atividade	7.38	1.0	2024-11-10	\N	2025-09-05 09:46:32.211+00	2025-09-05 09:46:32.211+00	17	4	19
110	trabalho	5.13	1.0	2024-11-06	\N	2025-09-05 09:46:35.291+00	2025-09-05 09:46:35.291+00	41	1	5
67	prova	6.67	1.0	2024-11-01	\N	2025-09-05 09:46:33.016+00	2025-09-05 09:46:33.016+00	23	2	11
36	trabalho	8.19	1.0	2024-10-31	\N	2025-09-05 09:46:31.627+00	2025-09-05 09:46:31.627+00	13	3	28
107	prova	6.77	1.0	2024-10-18	\N	2025-09-05 09:46:35.031+00	2025-09-05 09:46:35.031+00	39	8	14
79	prova	9.75	1.0	2024-10-13	\N	2025-09-05 09:46:33.528+00	2025-09-05 09:46:33.528+00	26	6	6
12	atividade	9.90	1.0	2024-10-12	\N	2025-09-05 09:46:30.429+00	2025-09-05 09:46:30.429+00	5	3	26
60	atividade	9.72	1.0	2024-10-12	\N	2025-09-05 09:46:32.619+00	2025-09-05 09:46:32.619+00	20	2	11
6	atividade	6.88	1.0	2024-10-11	\N	2025-09-05 09:46:30.241+00	2025-09-05 09:46:30.241+00	4	6	6
82	prova	5.01	1.0	2024-10-05	\N	2025-09-05 09:46:33.714+00	2025-09-05 09:46:33.714+00	28	4	10
77	trabalho	5.11	1.0	2024-10-02	\N	2025-09-05 09:46:33.506+00	2025-09-05 09:46:33.506+00	26	6	6
57	trabalho	6.86	1.0	2024-10-01	\N	2025-09-05 09:46:32.493+00	2025-09-05 09:46:32.493+00	19	4	22
29	trabalho	6.36	1.0	2024-09-28	\N	2025-09-05 09:46:31.322+00	2025-09-05 09:46:31.322+00	11	4	15
61	atividade	9.73	1.0	2024-09-26	\N	2025-09-05 09:46:32.629+00	2025-09-05 09:46:32.629+00	20	2	11
100	atividade	7.35	1.0	2024-09-21	\N	2025-09-05 09:46:34.775+00	2025-09-05 09:46:34.775+00	37	3	7
64	atividade	9.80	1.0	2024-09-10	\N	2025-09-05 09:46:32.866+00	2025-09-05 09:46:32.866+00	22	2	11
106	trabalho	9.06	1.0	2024-09-10	\N	2025-09-05 09:46:35.02+00	2025-09-05 09:46:35.02+00	39	1	16
83	atividade	5.09	1.0	2024-09-07	\N	2025-09-05 09:46:33.727+00	2025-09-05 09:46:33.727+00	28	4	10
111	prova	9.18	1.0	2024-09-05	\N	2025-09-05 09:46:35.3+00	2025-09-05 09:46:35.3+00	41	1	5
5	trabalho	6.43	1.0	2024-09-05	\N	2025-09-05 09:46:30.228+00	2025-09-05 09:46:30.228+00	4	6	6
\.


--
-- Data for Name: pagamentos_pagamento; Type: TABLE DATA; Schema: public; Owner: omaum_user
--

COPY public.pagamentos_pagamento (id, valor, data_vencimento, status, data_pagamento, valor_pago, metodo_pagamento, observacoes, created_at, updated_at, aluno_id) FROM stdin;
11	409.00	2025-09-04	ATRASADO	\N	\N	DINHEIRO	\N	2025-09-05 09:46:30.662+00	2025-09-05 09:46:30.662+00	7
18	335.00	2025-08-31	ATRASADO	\N	\N	PIX	\N	2025-09-05 09:46:31.366+00	2025-09-05 09:46:31.366+00	12
51	491.00	2025-08-31	PAGO	2025-09-05	491.00	DINHEIRO	\N	2025-09-05 09:46:34.546+00	2025-09-05 09:46:34.546+00	35
38	175.00	2025-08-30	ATRASADO	\N	\N	DINHEIRO	\N	2025-09-05 09:46:33.188+00	2025-09-05 09:46:33.188+00	25
65	498.00	2025-08-30	PAGO	2025-09-05	498.00	PIX	\N	2025-09-05 09:46:35.886+00	2025-09-05 09:46:35.886+00	47
12	158.00	2025-08-29	PAGO	2025-09-05	158.00	CARTAO_CREDITO	\N	2025-09-05 09:46:30.843+00	2025-09-05 09:46:30.843+00	8
41	192.00	2025-08-29	ATRASADO	\N	\N	DINHEIRO	\N	2025-09-05 09:46:33.613+00	2025-09-05 09:46:33.613+00	27
22	314.00	2025-08-28	PAGO	2025-09-05	314.00	CARTAO_CREDITO	\N	2025-09-05 09:46:31.881+00	2025-09-05 09:46:31.881+00	15
58	389.00	2025-08-28	ATRASADO	\N	\N	CARTAO_CREDITO	\N	2025-09-05 09:46:35.073+00	2025-09-05 09:46:35.073+00	40
62	321.00	2025-08-28	PAGO	2025-09-05	321.00	PIX	\N	2025-09-05 09:46:35.473+00	2025-09-05 09:46:35.473+00	44
10	456.00	2025-08-25	PAGO	2025-09-05	456.00	PIX	\N	2025-09-05 09:46:30.508+00	2025-09-05 09:46:30.508+00	6
56	149.00	2025-08-25	ATRASADO	\N	\N	CARTAO_CREDITO	\N	2025-09-05 09:46:34.942+00	2025-09-05 09:46:34.942+00	39
32	276.00	2025-08-24	PAGO	2025-09-05	276.00	CARTAO_CREDITO	\N	2025-09-05 09:46:32.563+00	2025-09-05 09:46:32.563+00	20
60	299.00	2025-08-24	ATRASADO	\N	\N	CARTAO_CREDITO	\N	2025-09-05 09:46:35.367+00	2025-09-05 09:46:35.367+00	42
19	187.00	2025-08-23	ATRASADO	\N	\N	CARTAO_CREDITO	\N	2025-09-05 09:46:31.538+00	2025-09-05 09:46:31.538+00	13
9	399.00	2025-08-22	ATRASADO	\N	\N	CARTAO_CREDITO	\N	2025-09-05 09:46:30.493+00	2025-09-05 09:46:30.493+00	6
30	305.00	2025-08-20	PAGO	2025-09-05	305.00	DINHEIRO	\N	2025-09-05 09:46:32.38+00	2025-09-05 09:46:32.38+00	19
42	280.00	2025-08-19	ATRASADO	\N	\N	CARTAO_CREDITO	\N	2025-09-05 09:46:33.668+00	2025-09-05 09:46:33.668+00	28
61	358.00	2025-08-19	PAGO	2025-09-05	358.00	CARTAO_CREDITO	\N	2025-09-05 09:46:35.42+00	2025-09-05 09:46:35.42+00	43
49	376.00	2025-08-18	ATRASADO	\N	\N	CARTAO_CREDITO	\N	2025-09-05 09:46:34.482+00	2025-09-05 09:46:34.482+00	34
40	291.00	2025-08-17	PAGO	2025-09-05	291.00	DINHEIRO	\N	2025-09-05 09:46:33.419+00	2025-09-05 09:46:33.419+00	26
20	385.00	2025-08-16	PAGO	2025-09-05	385.00	CARTAO_CREDITO	\N	2025-09-05 09:46:31.669+00	2025-09-05 09:46:31.669+00	14
23	426.00	2025-08-11	ATRASADO	\N	\N	DINHEIRO	\N	2025-09-05 09:46:32.033+00	2025-09-05 09:46:32.034+00	16
39	363.00	2025-08-07	PAGO	2025-09-05	363.00	DINHEIRO	\N	2025-09-05 09:46:33.407+00	2025-09-05 09:46:33.407+00	26
54	429.00	2025-08-07	ATRASADO	\N	\N	CARTAO_CREDITO	\N	2025-09-05 09:46:34.729+00	2025-09-05 09:46:34.729+00	37
50	379.00	2025-08-06	ATRASADO	\N	\N	PIX	\N	2025-09-05 09:46:34.493+00	2025-09-05 09:46:34.493+00	34
53	470.00	2025-08-06	ATRASADO	\N	\N	PIX	\N	2025-09-05 09:46:34.651+00	2025-09-05 09:46:34.651+00	36
3	205.00	2025-08-05	PAGO	2025-09-05	205.00	DINHEIRO	\N	2025-09-05 09:46:30.048+00	2025-09-05 09:46:30.048+00	2
37	233.00	2025-08-04	ATRASADO	\N	\N	PIX	\N	2025-09-05 09:46:33.1+00	2025-09-05 09:46:33.1+00	24
7	483.00	2025-08-03	PAGO	2025-09-05	483.00	PIX	\N	2025-09-05 09:46:30.305+00	2025-09-05 09:46:30.305+00	5
2	421.00	2025-08-02	PAGO	2025-09-05	421.00	CARTAO_CREDITO	\N	2025-09-05 09:46:30.04+00	2025-09-05 09:46:30.04+00	2
8	124.00	2025-07-31	PAGO	2025-09-05	124.00	DINHEIRO	\N	2025-09-05 09:46:30.313+00	2025-09-05 09:46:30.313+00	5
63	419.00	2025-07-28	PAGO	2025-09-05	419.00	CARTAO_CREDITO	\N	2025-09-05 09:46:35.628+00	2025-09-05 09:46:35.628+00	45
35	165.00	2025-07-25	PAGO	2025-09-05	165.00	CARTAO_CREDITO	\N	2025-09-05 09:46:32.93+00	2025-09-05 09:46:32.93+00	23
67	403.00	2025-07-24	ATRASADO	\N	\N	PIX	\N	2025-09-05 09:46:36.014+00	2025-09-05 09:46:36.014+00	48
34	352.00	2025-07-20	ATRASADO	\N	\N	DINHEIRO	\N	2025-09-05 09:46:32.825+00	2025-09-05 09:46:32.825+00	22
52	430.00	2025-07-19	ATRASADO	\N	\N	PIX	\N	2025-09-05 09:46:34.555+00	2025-09-05 09:46:34.555+00	35
16	385.00	2025-07-16	ATRASADO	\N	\N	DINHEIRO	\N	2025-09-05 09:46:31.12+00	2025-09-05 09:46:31.12+00	10
72	348.00	2025-07-16	ATRASADO	\N	\N	DINHEIRO	\N	2025-09-05 09:46:36.272+00	2025-09-05 09:46:36.272+00	50
66	463.00	2025-07-14	ATRASADO	\N	\N	CARTAO_CREDITO	\N	2025-09-05 09:46:35.896+00	2025-09-05 09:46:35.896+00	47
31	256.00	2025-07-12	PAGO	2025-09-05	256.00	CARTAO_CREDITO	\N	2025-09-05 09:46:32.555+00	2025-09-05 09:46:32.555+00	20
71	222.00	2025-07-09	PAGO	2025-09-05	222.00	CARTAO_CREDITO	\N	2025-09-05 09:46:36.262+00	2025-09-05 09:46:36.263+00	50
14	475.00	2025-07-08	ATRASADO	\N	\N	CARTAO_CREDITO	\N	2025-09-05 09:46:30.999+00	2025-09-05 09:46:30.999+00	9
48	298.00	2025-07-06	ATRASADO	\N	\N	CARTAO_CREDITO	\N	2025-09-05 09:46:34.351+00	2025-09-05 09:46:34.351+00	33
59	494.00	2025-07-05	PAGO	2025-09-05	494.00	CARTAO_CREDITO	\N	2025-09-05 09:46:35.168+00	2025-09-05 09:46:35.168+00	41
28	345.00	2025-07-04	PAGO	2025-09-05	345.00	CARTAO_CREDITO	\N	2025-09-05 09:46:32.299+00	2025-09-05 09:46:32.299+00	18
47	467.00	2025-07-02	ATRASADO	\N	\N	CARTAO_CREDITO	\N	2025-09-05 09:46:34.255+00	2025-09-05 09:46:34.255+00	32
4	111.00	2025-06-28	ATRASADO	\N	\N	PIX	\N	2025-09-05 09:46:30.091+00	2025-09-05 09:46:30.091+00	3
17	287.00	2025-06-28	ATRASADO	\N	\N	PIX	\N	2025-09-05 09:46:31.278+00	2025-09-05 09:46:31.278+00	11
57	145.00	2025-06-28	PAGO	2025-09-05	145.00	DINHEIRO	\N	2025-09-05 09:46:35.064+00	2025-09-05 09:46:35.064+00	40
69	262.00	2025-06-28	ATRASADO	\N	\N	DINHEIRO	\N	2025-09-05 09:46:36.111+00	2025-09-05 09:46:36.111+00	49
15	191.00	2025-06-27	ATRASADO	\N	\N	DINHEIRO	\N	2025-09-05 09:46:31.11+00	2025-09-05 09:46:31.11+00	10
13	271.00	2025-06-24	ATRASADO	\N	\N	PIX	\N	2025-09-05 09:46:30.991+00	2025-09-05 09:46:30.991+00	9
55	415.00	2025-06-24	ATRASADO	\N	\N	DINHEIRO	\N	2025-09-05 09:46:34.827+00	2025-09-05 09:46:34.827+00	38
6	140.00	2025-06-23	ATRASADO	\N	\N	DINHEIRO	\N	2025-09-05 09:46:30.131+00	2025-09-05 09:46:30.132+00	4
36	470.00	2025-06-20	ATRASADO	\N	\N	PIX	\N	2025-09-05 09:46:33.09+00	2025-09-05 09:46:33.09+00	24
5	486.00	2025-06-19	PAGO	2025-09-05	486.00	PIX	\N	2025-09-05 09:46:30.123+00	2025-09-05 09:46:30.123+00	4
29	156.00	2025-06-19	ATRASADO	\N	\N	CARTAO_CREDITO	\N	2025-09-05 09:46:32.371+00	2025-09-05 09:46:32.372+00	19
44	361.00	2025-06-19	ATRASADO	\N	\N	CARTAO_CREDITO	\N	2025-09-05 09:46:33.84+00	2025-09-05 09:46:33.84+00	30
25	330.00	2025-06-18	ATRASADO	\N	\N	PIX	\N	2025-09-05 09:46:32.118+00	2025-09-05 09:46:32.118+00	17
33	315.00	2025-06-18	PAGO	2025-09-05	315.00	DINHEIRO	\N	2025-09-05 09:46:32.683+00	2025-09-05 09:46:32.683+00	21
45	247.00	2025-06-18	ATRASADO	\N	\N	CARTAO_CREDITO	\N	2025-09-05 09:46:34.116+00	2025-09-05 09:46:34.116+00	31
26	457.00	2025-06-17	PAGO	2025-09-05	457.00	PIX	\N	2025-09-05 09:46:32.126+00	2025-09-05 09:46:32.126+00	17
24	387.00	2025-06-16	PAGO	2025-09-05	387.00	PIX	\N	2025-09-05 09:46:32.043+00	2025-09-05 09:46:32.043+00	16
46	303.00	2025-06-16	ATRASADO	\N	\N	PIX	\N	2025-09-05 09:46:34.125+00	2025-09-05 09:46:34.125+00	31
21	414.00	2025-06-14	ATRASADO	\N	\N	PIX	\N	2025-09-05 09:46:31.677+00	2025-09-05 09:46:31.677+00	14
70	387.00	2025-06-14	ATRASADO	\N	\N	CARTAO_CREDITO	\N	2025-09-05 09:46:36.121+00	2025-09-05 09:46:36.121+00	49
1	262.00	2025-06-13	ATRASADO	\N	\N	DINHEIRO	\N	2025-09-05 09:46:29.94+00	2025-09-05 09:46:29.94+00	1
27	247.00	2025-06-13	ATRASADO	\N	\N	CARTAO_CREDITO	\N	2025-09-05 09:46:32.29+00	2025-09-05 09:46:32.29+00	18
68	279.00	2025-06-13	ATRASADO	\N	\N	DINHEIRO	\N	2025-09-05 09:46:36.026+00	2025-09-05 09:46:36.026+00	48
43	328.00	2025-06-07	ATRASADO	\N	\N	CARTAO_CREDITO	\N	2025-09-05 09:46:33.784+00	2025-09-05 09:46:33.784+00	29
64	480.00	2025-06-07	ATRASADO	\N	\N	PIX	\N	2025-09-05 09:46:35.786+00	2025-09-05 09:46:35.786+00	46
\.


--
-- Data for Name: presencas_configuracaopresenca; Type: TABLE DATA; Schema: public; Owner: omaum_user
--

COPY public.presencas_configuracaopresenca (id) FROM stdin;
\.


--
-- Data for Name: presencas_registropresenca; Type: TABLE DATA; Schema: public; Owner: omaum_user
--

COPY public.presencas_registropresenca (id, data, status, justificativa, convocado, registrado_por, data_registro, aluno_id, atividade_id, turma_id) FROM stdin;
\.


--
-- Data for Name: turmas_turma; Type: TABLE DATA; Schema: public; Owner: omaum_user
--

COPY public.turmas_turma (id, nome, descricao, num_livro, data_iniciacao, data_inicio_ativ, data_prim_aula, data_termino_atividades, dias_semana, horario, local, vagas, status, ativo, alerta_instrutor, alerta_mensagem, created_at, updated_at, auxiliar_instrucao_id, curso_id, instrutor_id, instrutor_auxiliar_id, perc_presenca_minima) FROM stdin;
1	Turma Teste 1	\N	\N	\N	2025-11-20	\N	\N	\N	\N	\N	20	A	t	f	\N	2025-09-05 09:46:28.671+00	2025-09-05 09:46:28.671+00	\N	1	\N	\N	70.00
2	Turma Teste 2	\N	\N	\N	2025-11-20	\N	\N	\N	\N	\N	20	A	t	f	\N	2025-09-05 09:46:28.68+00	2025-09-05 09:46:28.68+00	\N	5	\N	\N	70.00
3	Turma Teste 3	\N	\N	\N	2025-11-20	\N	\N	\N	\N	\N	20	A	t	f	\N	2025-09-05 09:46:28.689+00	2025-09-05 09:46:28.689+00	\N	2	\N	\N	70.00
4	Turma Teste 4	\N	\N	\N	2025-11-20	\N	\N	\N	\N	\N	20	A	t	f	\N	2025-09-05 09:46:28.697+00	2025-09-05 09:46:28.697+00	\N	8	\N	\N	70.00
5	Turma Teste 5	\N	\N	\N	2025-11-20	\N	\N	\N	\N	\N	20	A	t	f	\N	2025-09-05 09:46:28.708+00	2025-09-05 09:46:28.708+00	\N	1	\N	\N	70.00
6	Turma Teste 6	\N	\N	\N	2025-11-20	\N	\N	\N	\N	\N	20	A	t	f	\N	2025-09-05 09:46:28.719+00	2025-09-05 09:46:28.719+00	\N	6	\N	\N	70.00
7	Turma Teste 7	\N	\N	\N	2025-11-20	\N	\N	\N	\N	\N	20	A	t	f	\N	2025-09-05 09:46:28.728+00	2025-09-05 09:46:28.728+00	\N	3	\N	\N	70.00
8	Turma Teste 8	\N	\N	\N	2025-11-20	\N	\N	\N	\N	\N	20	A	t	f	\N	2025-09-05 09:46:28.742+00	2025-09-05 09:46:28.742+00	\N	3	\N	\N	70.00
9	Turma Teste 9	\N	\N	\N	2025-11-20	\N	\N	\N	\N	\N	20	A	t	f	\N	2025-09-05 09:46:28.752+00	2025-09-05 09:46:28.752+00	\N	2	\N	\N	70.00
10	Turma Teste 10	\N	\N	\N	2025-11-20	\N	\N	\N	\N	\N	20	A	t	f	\N	2025-09-05 09:46:28.761+00	2025-09-05 09:46:28.761+00	\N	4	\N	\N	70.00
11	Turma Teste 11	\N	\N	\N	2025-11-20	\N	\N	\N	\N	\N	20	A	t	f	\N	2025-09-05 09:46:28.771+00	2025-09-05 09:46:28.771+00	\N	2	\N	\N	70.00
12	Turma Teste 12	\N	\N	\N	2025-11-20	\N	\N	\N	\N	\N	20	A	t	f	\N	2025-09-05 09:46:28.78+00	2025-09-05 09:46:28.78+00	\N	2	\N	\N	70.00
13	Turma Teste 13	\N	\N	\N	2025-11-20	\N	\N	\N	\N	\N	20	A	t	f	\N	2025-09-05 09:46:28.791+00	2025-09-05 09:46:28.791+00	\N	7	\N	\N	70.00
14	Turma Teste 14	\N	\N	\N	2025-11-20	\N	\N	\N	\N	\N	20	A	t	f	\N	2025-09-05 09:46:28.801+00	2025-09-05 09:46:28.801+00	\N	8	\N	\N	70.00
15	Turma Teste 15	\N	\N	\N	2025-11-20	\N	\N	\N	\N	\N	20	A	t	f	\N	2025-09-05 09:46:28.811+00	2025-09-05 09:46:28.811+00	\N	4	\N	\N	70.00
16	Turma Teste 16	\N	\N	\N	2025-11-20	\N	\N	\N	\N	\N	20	A	t	f	\N	2025-09-05 09:46:28.823+00	2025-09-05 09:46:28.823+00	\N	1	\N	\N	70.00
17	Turma Teste 17	\N	\N	\N	2025-11-20	\N	\N	\N	\N	\N	20	A	t	f	\N	2025-09-05 09:46:28.834+00	2025-09-05 09:46:28.834+00	\N	7	\N	\N	70.00
18	Turma Teste 18	\N	\N	\N	2025-11-20	\N	\N	\N	\N	\N	20	A	t	f	\N	2025-09-05 09:46:28.844+00	2025-09-05 09:46:28.844+00	\N	8	\N	\N	70.00
19	Turma Teste 19	\N	\N	\N	2025-11-20	\N	\N	\N	\N	\N	20	A	t	f	\N	2025-09-05 09:46:28.855+00	2025-09-05 09:46:28.855+00	\N	4	\N	\N	70.00
20	Turma Teste 20	\N	\N	\N	2025-11-20	\N	\N	\N	\N	\N	20	A	t	f	\N	2025-09-05 09:46:28.864+00	2025-09-05 09:46:28.864+00	\N	3	\N	\N	70.00
21	Turma Teste 21	\N	\N	\N	2025-11-20	\N	\N	\N	\N	\N	20	A	t	f	\N	2025-09-05 09:46:28.875+00	2025-09-05 09:46:28.875+00	\N	8	\N	\N	70.00
22	Turma Teste 22	\N	\N	\N	2025-11-20	\N	\N	\N	\N	\N	20	A	t	f	\N	2025-09-05 09:46:28.884+00	2025-09-05 09:46:28.884+00	\N	4	\N	\N	70.00
23	Turma Teste 23	\N	\N	\N	2025-11-20	\N	\N	\N	\N	\N	20	A	t	f	\N	2025-09-05 09:46:28.893+00	2025-09-05 09:46:28.893+00	\N	7	\N	\N	70.00
24	Turma Teste 24	\N	\N	\N	2025-11-20	\N	\N	\N	\N	\N	20	A	t	f	\N	2025-09-05 09:46:28.903+00	2025-09-05 09:46:28.903+00	\N	1	\N	\N	70.00
25	Turma Teste 25	\N	\N	\N	2025-11-20	\N	\N	\N	\N	\N	20	A	t	f	\N	2025-09-05 09:46:28.912+00	2025-09-05 09:46:28.912+00	\N	7	\N	\N	70.00
26	Turma Teste 26	\N	\N	\N	2025-11-20	\N	\N	\N	\N	\N	20	A	t	f	\N	2025-09-05 09:46:28.921+00	2025-09-05 09:46:28.921+00	\N	3	\N	\N	70.00
27	Turma Teste 27	\N	\N	\N	2025-11-20	\N	\N	\N	\N	\N	20	A	t	f	\N	2025-09-05 09:46:28.929+00	2025-09-05 09:46:28.929+00	\N	3	\N	\N	70.00
28	Turma Teste 28	\N	\N	\N	2025-11-20	\N	\N	\N	\N	\N	20	A	t	f	\N	2025-09-05 09:46:28.939+00	2025-09-05 09:46:28.939+00	\N	3	\N	\N	70.00
29	Turma Teste 29	\N	\N	\N	2025-11-20	\N	\N	\N	\N	\N	20	A	t	f	\N	2025-09-05 09:46:28.947+00	2025-09-05 09:46:28.947+00	\N	4	\N	\N	70.00
30	Turma Teste 30	\N	\N	\N	2025-11-20	\N	\N	\N	\N	\N	20	A	t	f	\N	2025-09-05 09:46:28.956+00	2025-09-05 09:46:28.956+00	\N	4	\N	\N	70.00
31	Turma Vazia	\N	\N	\N	2025-11-20	\N	\N	\N	\N	\N	20	A	t	f	\N	2025-09-05 09:51:14.143+00	2025-09-05 09:51:14.143+00	\N	9	\N	\N	70.00
\.


--
-- Name: alunos_aluno_id_seq; Type: SEQUENCE SET; Schema: public; Owner: omaum_user
--

SELECT pg_catalog.setval('public.alunos_aluno_id_seq', 54, true);


--
-- Name: alunos_bairro_id_seq; Type: SEQUENCE SET; Schema: public; Owner: omaum_user
--

SELECT pg_catalog.setval('public.alunos_bairro_id_seq', 1, false);


--
-- Name: alunos_cidade_id_seq; Type: SEQUENCE SET; Schema: public; Owner: omaum_user
--

SELECT pg_catalog.setval('public.alunos_cidade_id_seq', 1, false);


--
-- Name: alunos_codigo_id_seq; Type: SEQUENCE SET; Schema: public; Owner: omaum_user
--

SELECT pg_catalog.setval('public.alunos_codigo_id_seq', 408, true);


--
-- Name: alunos_estado_id_seq; Type: SEQUENCE SET; Schema: public; Owner: omaum_user
--

SELECT pg_catalog.setval('public.alunos_estado_id_seq', 1, false);


--
-- Name: alunos_pais_id_seq; Type: SEQUENCE SET; Schema: public; Owner: omaum_user
--

SELECT pg_catalog.setval('public.alunos_pais_id_seq', 3, true);


--
-- Name: alunos_registrohistorico_id_seq; Type: SEQUENCE SET; Schema: public; Owner: omaum_user
--

SELECT pg_catalog.setval('public.alunos_registrohistorico_id_seq', 107, true);


--
-- Name: alunos_tipocodigo_id_seq; Type: SEQUENCE SET; Schema: public; Owner: omaum_user
--

SELECT pg_catalog.setval('public.alunos_tipocodigo_id_seq', 8, true);


--
-- Name: atividades_atividade_id_seq; Type: SEQUENCE SET; Schema: public; Owner: omaum_user
--

SELECT pg_catalog.setval('public.atividades_atividade_id_seq', 40, true);


--
-- Name: atividades_atividade_turmas_id_seq; Type: SEQUENCE SET; Schema: public; Owner: omaum_user
--

SELECT pg_catalog.setval('public.atividades_atividade_turmas_id_seq', 113, true);


--
-- Name: atividades_presenca_id_seq; Type: SEQUENCE SET; Schema: public; Owner: omaum_user
--

SELECT pg_catalog.setval('public.atividades_presenca_id_seq', 1, false);


--
-- Name: auth_group_id_seq; Type: SEQUENCE SET; Schema: public; Owner: omaum_user
--

SELECT pg_catalog.setval('public.auth_group_id_seq', 1, false);


--
-- Name: auth_group_permissions_id_seq; Type: SEQUENCE SET; Schema: public; Owner: omaum_user
--

SELECT pg_catalog.setval('public.auth_group_permissions_id_seq', 1, false);


--
-- Name: auth_permission_id_seq; Type: SEQUENCE SET; Schema: public; Owner: omaum_user
--

SELECT pg_catalog.setval('public.auth_permission_id_seq', 128, true);


--
-- Name: auth_user_groups_id_seq; Type: SEQUENCE SET; Schema: public; Owner: omaum_user
--

SELECT pg_catalog.setval('public.auth_user_groups_id_seq', 1, false);


--
-- Name: auth_user_id_seq; Type: SEQUENCE SET; Schema: public; Owner: omaum_user
--

SELECT pg_catalog.setval('public.auth_user_id_seq', 7, true);


--
-- Name: auth_user_user_permissions_id_seq; Type: SEQUENCE SET; Schema: public; Owner: omaum_user
--

SELECT pg_catalog.setval('public.auth_user_user_permissions_id_seq', 1, false);


--
-- Name: core_configuracaosistema_id_seq; Type: SEQUENCE SET; Schema: public; Owner: omaum_user
--

SELECT pg_catalog.setval('public.core_configuracaosistema_id_seq', 1, false);


--
-- Name: core_logatividade_id_seq; Type: SEQUENCE SET; Schema: public; Owner: omaum_user
--

SELECT pg_catalog.setval('public.core_logatividade_id_seq', 21, true);


--
-- Name: cursos_curso_id_seq; Type: SEQUENCE SET; Schema: public; Owner: omaum_user
--

SELECT pg_catalog.setval('public.cursos_curso_id_seq', 12, true);


--
-- Name: django_admin_log_id_seq; Type: SEQUENCE SET; Schema: public; Owner: omaum_user
--

SELECT pg_catalog.setval('public.django_admin_log_id_seq', 1, false);


--
-- Name: django_content_type_id_seq; Type: SEQUENCE SET; Schema: public; Owner: omaum_user
--

SELECT pg_catalog.setval('public.django_content_type_id_seq', 34, true);


--
-- Name: django_migrations_id_seq; Type: SEQUENCE SET; Schema: public; Owner: omaum_user
--

SELECT pg_catalog.setval('public.django_migrations_id_seq', 47, true);


--
-- Name: frequencias_carencia_id_seq; Type: SEQUENCE SET; Schema: public; Owner: omaum_user
--

SELECT pg_catalog.setval('public.frequencias_carencia_id_seq', 1, false);


--
-- Name: frequencias_frequenciamensal_id_seq; Type: SEQUENCE SET; Schema: public; Owner: omaum_user
--

SELECT pg_catalog.setval('public.frequencias_frequenciamensal_id_seq', 1, false);


--
-- Name: matriculas_matricula_id_seq; Type: SEQUENCE SET; Schema: public; Owner: omaum_user
--

SELECT pg_catalog.setval('public.matriculas_matricula_id_seq', 68, true);


--
-- Name: notas_nota_id_seq; Type: SEQUENCE SET; Schema: public; Owner: omaum_user
--

SELECT pg_catalog.setval('public.notas_nota_id_seq', 130, true);


--
-- Name: pagamentos_pagamento_id_seq; Type: SEQUENCE SET; Schema: public; Owner: omaum_user
--

SELECT pg_catalog.setval('public.pagamentos_pagamento_id_seq', 72, true);


--
-- Name: presencas_configuracaopresenca_id_seq; Type: SEQUENCE SET; Schema: public; Owner: omaum_user
--

SELECT pg_catalog.setval('public.presencas_configuracaopresenca_id_seq', 1, false);


--
-- Name: presencas_registropresenca_id_seq; Type: SEQUENCE SET; Schema: public; Owner: omaum_user
--

SELECT pg_catalog.setval('public.presencas_registropresenca_id_seq', 1, false);


--
-- Name: turmas_turma_id_seq; Type: SEQUENCE SET; Schema: public; Owner: omaum_user
--

SELECT pg_catalog.setval('public.turmas_turma_id_seq', 31, true);


--
-- Name: alunos_aluno alunos_aluno_cpf_key; Type: CONSTRAINT; Schema: public; Owner: omaum_user
--

ALTER TABLE ONLY public.alunos_aluno
    ADD CONSTRAINT alunos_aluno_cpf_key UNIQUE (cpf);


--
-- Name: alunos_aluno alunos_aluno_email_key; Type: CONSTRAINT; Schema: public; Owner: omaum_user
--

ALTER TABLE ONLY public.alunos_aluno
    ADD CONSTRAINT alunos_aluno_email_key UNIQUE (email);


--
-- Name: alunos_aluno alunos_aluno_numero_iniciatico_cf15b77f_uniq; Type: CONSTRAINT; Schema: public; Owner: omaum_user
--

ALTER TABLE ONLY public.alunos_aluno
    ADD CONSTRAINT alunos_aluno_numero_iniciatico_cf15b77f_uniq UNIQUE (numero_iniciatico);


--
-- Name: alunos_aluno alunos_aluno_pkey; Type: CONSTRAINT; Schema: public; Owner: omaum_user
--

ALTER TABLE ONLY public.alunos_aluno
    ADD CONSTRAINT alunos_aluno_pkey PRIMARY KEY (id);


--
-- Name: alunos_bairro alunos_bairro_nome_cidade_id_eac94234_uniq; Type: CONSTRAINT; Schema: public; Owner: omaum_user
--

ALTER TABLE ONLY public.alunos_bairro
    ADD CONSTRAINT alunos_bairro_nome_cidade_id_eac94234_uniq UNIQUE (nome, cidade_id);


--
-- Name: alunos_bairro alunos_bairro_pkey; Type: CONSTRAINT; Schema: public; Owner: omaum_user
--

ALTER TABLE ONLY public.alunos_bairro
    ADD CONSTRAINT alunos_bairro_pkey PRIMARY KEY (id);


--
-- Name: alunos_cidade alunos_cidade_codigo_ibge_key; Type: CONSTRAINT; Schema: public; Owner: omaum_user
--

ALTER TABLE ONLY public.alunos_cidade
    ADD CONSTRAINT alunos_cidade_codigo_ibge_key UNIQUE (codigo_ibge);


--
-- Name: alunos_cidade alunos_cidade_nome_estado_id_e1623fb1_uniq; Type: CONSTRAINT; Schema: public; Owner: omaum_user
--

ALTER TABLE ONLY public.alunos_cidade
    ADD CONSTRAINT alunos_cidade_nome_estado_id_e1623fb1_uniq UNIQUE (nome, estado_id);


--
-- Name: alunos_cidade alunos_cidade_pkey; Type: CONSTRAINT; Schema: public; Owner: omaum_user
--

ALTER TABLE ONLY public.alunos_cidade
    ADD CONSTRAINT alunos_cidade_pkey PRIMARY KEY (id);


--
-- Name: alunos_codigo alunos_codigo_nome_key; Type: CONSTRAINT; Schema: public; Owner: omaum_user
--

ALTER TABLE ONLY public.alunos_codigo
    ADD CONSTRAINT alunos_codigo_nome_key UNIQUE (nome);


--
-- Name: alunos_codigo alunos_codigo_pkey; Type: CONSTRAINT; Schema: public; Owner: omaum_user
--

ALTER TABLE ONLY public.alunos_codigo
    ADD CONSTRAINT alunos_codigo_pkey PRIMARY KEY (id);


--
-- Name: alunos_estado alunos_estado_codigo_key; Type: CONSTRAINT; Schema: public; Owner: omaum_user
--

ALTER TABLE ONLY public.alunos_estado
    ADD CONSTRAINT alunos_estado_codigo_key UNIQUE (codigo);


--
-- Name: alunos_estado alunos_estado_nome_key; Type: CONSTRAINT; Schema: public; Owner: omaum_user
--

ALTER TABLE ONLY public.alunos_estado
    ADD CONSTRAINT alunos_estado_nome_key UNIQUE (nome);


--
-- Name: alunos_estado alunos_estado_pkey; Type: CONSTRAINT; Schema: public; Owner: omaum_user
--

ALTER TABLE ONLY public.alunos_estado
    ADD CONSTRAINT alunos_estado_pkey PRIMARY KEY (id);


--
-- Name: alunos_pais alunos_pais_codigo_key; Type: CONSTRAINT; Schema: public; Owner: omaum_user
--

ALTER TABLE ONLY public.alunos_pais
    ADD CONSTRAINT alunos_pais_codigo_key UNIQUE (codigo);


--
-- Name: alunos_pais alunos_pais_nome_key; Type: CONSTRAINT; Schema: public; Owner: omaum_user
--

ALTER TABLE ONLY public.alunos_pais
    ADD CONSTRAINT alunos_pais_nome_key UNIQUE (nome);


--
-- Name: alunos_pais alunos_pais_pkey; Type: CONSTRAINT; Schema: public; Owner: omaum_user
--

ALTER TABLE ONLY public.alunos_pais
    ADD CONSTRAINT alunos_pais_pkey PRIMARY KEY (id);


--
-- Name: alunos_registrohistorico alunos_registrohistorico_aluno_id_codigo_id_ordem_cb168fad_uniq; Type: CONSTRAINT; Schema: public; Owner: omaum_user
--

ALTER TABLE ONLY public.alunos_registrohistorico
    ADD CONSTRAINT alunos_registrohistorico_aluno_id_codigo_id_ordem_cb168fad_uniq UNIQUE (aluno_id, codigo_id, ordem_servico);


--
-- Name: alunos_registrohistorico alunos_registrohistorico_pkey; Type: CONSTRAINT; Schema: public; Owner: omaum_user
--

ALTER TABLE ONLY public.alunos_registrohistorico
    ADD CONSTRAINT alunos_registrohistorico_pkey PRIMARY KEY (id);


--
-- Name: alunos_tipocodigo alunos_tipocodigo_nome_key; Type: CONSTRAINT; Schema: public; Owner: omaum_user
--

ALTER TABLE ONLY public.alunos_tipocodigo
    ADD CONSTRAINT alunos_tipocodigo_nome_key UNIQUE (nome);


--
-- Name: alunos_tipocodigo alunos_tipocodigo_pkey; Type: CONSTRAINT; Schema: public; Owner: omaum_user
--

ALTER TABLE ONLY public.alunos_tipocodigo
    ADD CONSTRAINT alunos_tipocodigo_pkey PRIMARY KEY (id);


--
-- Name: atividades_atividade atividades_atividade_pkey; Type: CONSTRAINT; Schema: public; Owner: omaum_user
--

ALTER TABLE ONLY public.atividades_atividade
    ADD CONSTRAINT atividades_atividade_pkey PRIMARY KEY (id);


--
-- Name: atividades_atividade_turmas atividades_atividade_turmas_atividade_id_turma_id_a2fbddfc_uniq; Type: CONSTRAINT; Schema: public; Owner: omaum_user
--

ALTER TABLE ONLY public.atividades_atividade_turmas
    ADD CONSTRAINT atividades_atividade_turmas_atividade_id_turma_id_a2fbddfc_uniq UNIQUE (atividade_id, turma_id);


--
-- Name: atividades_atividade_turmas atividades_atividade_turmas_pkey; Type: CONSTRAINT; Schema: public; Owner: omaum_user
--

ALTER TABLE ONLY public.atividades_atividade_turmas
    ADD CONSTRAINT atividades_atividade_turmas_pkey PRIMARY KEY (id);


--
-- Name: atividades_presenca atividades_presenca_aluno_id_turma_id_ativid_cef75035_uniq; Type: CONSTRAINT; Schema: public; Owner: omaum_user
--

ALTER TABLE ONLY public.atividades_presenca
    ADD CONSTRAINT atividades_presenca_aluno_id_turma_id_ativid_cef75035_uniq UNIQUE (aluno_id, turma_id, atividade_id, data);


--
-- Name: atividades_presenca atividades_presenca_pkey; Type: CONSTRAINT; Schema: public; Owner: omaum_user
--

ALTER TABLE ONLY public.atividades_presenca
    ADD CONSTRAINT atividades_presenca_pkey PRIMARY KEY (id);


--
-- Name: auth_group auth_group_name_key; Type: CONSTRAINT; Schema: public; Owner: omaum_user
--

ALTER TABLE ONLY public.auth_group
    ADD CONSTRAINT auth_group_name_key UNIQUE (name);


--
-- Name: auth_group_permissions auth_group_permissions_group_id_permission_id_0cd325b0_uniq; Type: CONSTRAINT; Schema: public; Owner: omaum_user
--

ALTER TABLE ONLY public.auth_group_permissions
    ADD CONSTRAINT auth_group_permissions_group_id_permission_id_0cd325b0_uniq UNIQUE (group_id, permission_id);


--
-- Name: auth_group_permissions auth_group_permissions_pkey; Type: CONSTRAINT; Schema: public; Owner: omaum_user
--

ALTER TABLE ONLY public.auth_group_permissions
    ADD CONSTRAINT auth_group_permissions_pkey PRIMARY KEY (id);


--
-- Name: auth_group auth_group_pkey; Type: CONSTRAINT; Schema: public; Owner: omaum_user
--

ALTER TABLE ONLY public.auth_group
    ADD CONSTRAINT auth_group_pkey PRIMARY KEY (id);


--
-- Name: auth_permission auth_permission_content_type_id_codename_01ab375a_uniq; Type: CONSTRAINT; Schema: public; Owner: omaum_user
--

ALTER TABLE ONLY public.auth_permission
    ADD CONSTRAINT auth_permission_content_type_id_codename_01ab375a_uniq UNIQUE (content_type_id, codename);


--
-- Name: auth_permission auth_permission_pkey; Type: CONSTRAINT; Schema: public; Owner: omaum_user
--

ALTER TABLE ONLY public.auth_permission
    ADD CONSTRAINT auth_permission_pkey PRIMARY KEY (id);


--
-- Name: auth_user_groups auth_user_groups_pkey; Type: CONSTRAINT; Schema: public; Owner: omaum_user
--

ALTER TABLE ONLY public.auth_user_groups
    ADD CONSTRAINT auth_user_groups_pkey PRIMARY KEY (id);


--
-- Name: auth_user_groups auth_user_groups_user_id_group_id_94350c0c_uniq; Type: CONSTRAINT; Schema: public; Owner: omaum_user
--

ALTER TABLE ONLY public.auth_user_groups
    ADD CONSTRAINT auth_user_groups_user_id_group_id_94350c0c_uniq UNIQUE (user_id, group_id);


--
-- Name: auth_user auth_user_pkey; Type: CONSTRAINT; Schema: public; Owner: omaum_user
--

ALTER TABLE ONLY public.auth_user
    ADD CONSTRAINT auth_user_pkey PRIMARY KEY (id);


--
-- Name: auth_user_user_permissions auth_user_user_permissions_pkey; Type: CONSTRAINT; Schema: public; Owner: omaum_user
--

ALTER TABLE ONLY public.auth_user_user_permissions
    ADD CONSTRAINT auth_user_user_permissions_pkey PRIMARY KEY (id);


--
-- Name: auth_user_user_permissions auth_user_user_permissions_user_id_permission_id_14a6b632_uniq; Type: CONSTRAINT; Schema: public; Owner: omaum_user
--

ALTER TABLE ONLY public.auth_user_user_permissions
    ADD CONSTRAINT auth_user_user_permissions_user_id_permission_id_14a6b632_uniq UNIQUE (user_id, permission_id);


--
-- Name: auth_user auth_user_username_key; Type: CONSTRAINT; Schema: public; Owner: omaum_user
--

ALTER TABLE ONLY public.auth_user
    ADD CONSTRAINT auth_user_username_key UNIQUE (username);


--
-- Name: core_configuracaosistema core_configuracaosistema_pkey; Type: CONSTRAINT; Schema: public; Owner: omaum_user
--

ALTER TABLE ONLY public.core_configuracaosistema
    ADD CONSTRAINT core_configuracaosistema_pkey PRIMARY KEY (id);


--
-- Name: core_logatividade core_logatividade_pkey; Type: CONSTRAINT; Schema: public; Owner: omaum_user
--

ALTER TABLE ONLY public.core_logatividade
    ADD CONSTRAINT core_logatividade_pkey PRIMARY KEY (id);


--
-- Name: cursos_curso cursos_curso_pkey; Type: CONSTRAINT; Schema: public; Owner: omaum_user
--

ALTER TABLE ONLY public.cursos_curso
    ADD CONSTRAINT cursos_curso_pkey PRIMARY KEY (id);


--
-- Name: django_admin_log django_admin_log_pkey; Type: CONSTRAINT; Schema: public; Owner: omaum_user
--

ALTER TABLE ONLY public.django_admin_log
    ADD CONSTRAINT django_admin_log_pkey PRIMARY KEY (id);


--
-- Name: django_content_type django_content_type_app_label_model_76bd3d3b_uniq; Type: CONSTRAINT; Schema: public; Owner: omaum_user
--

ALTER TABLE ONLY public.django_content_type
    ADD CONSTRAINT django_content_type_app_label_model_76bd3d3b_uniq UNIQUE (app_label, model);


--
-- Name: django_content_type django_content_type_pkey; Type: CONSTRAINT; Schema: public; Owner: omaum_user
--

ALTER TABLE ONLY public.django_content_type
    ADD CONSTRAINT django_content_type_pkey PRIMARY KEY (id);


--
-- Name: django_migrations django_migrations_pkey; Type: CONSTRAINT; Schema: public; Owner: omaum_user
--

ALTER TABLE ONLY public.django_migrations
    ADD CONSTRAINT django_migrations_pkey PRIMARY KEY (id);


--
-- Name: django_session django_session_pkey; Type: CONSTRAINT; Schema: public; Owner: omaum_user
--

ALTER TABLE ONLY public.django_session
    ADD CONSTRAINT django_session_pkey PRIMARY KEY (session_key);


--
-- Name: frequencias_carencia frequencias_carencia_frequencia_mensal_id_alu_8a325950_uniq; Type: CONSTRAINT; Schema: public; Owner: omaum_user
--

ALTER TABLE ONLY public.frequencias_carencia
    ADD CONSTRAINT frequencias_carencia_frequencia_mensal_id_alu_8a325950_uniq UNIQUE (frequencia_mensal_id, aluno_id);


--
-- Name: frequencias_carencia frequencias_carencia_pkey; Type: CONSTRAINT; Schema: public; Owner: omaum_user
--

ALTER TABLE ONLY public.frequencias_carencia
    ADD CONSTRAINT frequencias_carencia_pkey PRIMARY KEY (id);


--
-- Name: frequencias_frequenciamensal frequencias_frequenciamensal_pkey; Type: CONSTRAINT; Schema: public; Owner: omaum_user
--

ALTER TABLE ONLY public.frequencias_frequenciamensal
    ADD CONSTRAINT frequencias_frequenciamensal_pkey PRIMARY KEY (id);


--
-- Name: frequencias_frequenciamensal frequencias_frequenciamensal_turma_id_mes_ano_fae378b8_uniq; Type: CONSTRAINT; Schema: public; Owner: omaum_user
--

ALTER TABLE ONLY public.frequencias_frequenciamensal
    ADD CONSTRAINT frequencias_frequenciamensal_turma_id_mes_ano_fae378b8_uniq UNIQUE (turma_id, mes, ano);


--
-- Name: matriculas_matricula matriculas_matricula_aluno_id_turma_id_1e6bdecb_uniq; Type: CONSTRAINT; Schema: public; Owner: omaum_user
--

ALTER TABLE ONLY public.matriculas_matricula
    ADD CONSTRAINT matriculas_matricula_aluno_id_turma_id_1e6bdecb_uniq UNIQUE (aluno_id, turma_id);


--
-- Name: matriculas_matricula matriculas_matricula_pkey; Type: CONSTRAINT; Schema: public; Owner: omaum_user
--

ALTER TABLE ONLY public.matriculas_matricula
    ADD CONSTRAINT matriculas_matricula_pkey PRIMARY KEY (id);


--
-- Name: notas_nota notas_nota_aluno_id_curso_id_turma__12565f2f_uniq; Type: CONSTRAINT; Schema: public; Owner: omaum_user
--

ALTER TABLE ONLY public.notas_nota
    ADD CONSTRAINT notas_nota_aluno_id_curso_id_turma__12565f2f_uniq UNIQUE (aluno_id, curso_id, turma_id, tipo_avaliacao, data);


--
-- Name: notas_nota notas_nota_pkey; Type: CONSTRAINT; Schema: public; Owner: omaum_user
--

ALTER TABLE ONLY public.notas_nota
    ADD CONSTRAINT notas_nota_pkey PRIMARY KEY (id);


--
-- Name: pagamentos_pagamento pagamentos_pagamento_pkey; Type: CONSTRAINT; Schema: public; Owner: omaum_user
--

ALTER TABLE ONLY public.pagamentos_pagamento
    ADD CONSTRAINT pagamentos_pagamento_pkey PRIMARY KEY (id);


--
-- Name: presencas_configuracaopresenca presencas_configuracaopresenca_pkey; Type: CONSTRAINT; Schema: public; Owner: omaum_user
--

ALTER TABLE ONLY public.presencas_configuracaopresenca
    ADD CONSTRAINT presencas_configuracaopresenca_pkey PRIMARY KEY (id);


--
-- Name: presencas_registropresenca presencas_registropresen_aluno_id_turma_id_ativid_95eba95d_uniq; Type: CONSTRAINT; Schema: public; Owner: omaum_user
--

ALTER TABLE ONLY public.presencas_registropresenca
    ADD CONSTRAINT presencas_registropresen_aluno_id_turma_id_ativid_95eba95d_uniq UNIQUE (aluno_id, turma_id, atividade_id, data);


--
-- Name: presencas_registropresenca presencas_registropresenca_pkey; Type: CONSTRAINT; Schema: public; Owner: omaum_user
--

ALTER TABLE ONLY public.presencas_registropresenca
    ADD CONSTRAINT presencas_registropresenca_pkey PRIMARY KEY (id);


--
-- Name: turmas_turma turmas_turma_pkey; Type: CONSTRAINT; Schema: public; Owner: omaum_user
--

ALTER TABLE ONLY public.turmas_turma
    ADD CONSTRAINT turmas_turma_pkey PRIMARY KEY (id);


--
-- Name: aluno_bairro_ref_idx; Type: INDEX; Schema: public; Owner: omaum_user
--

CREATE INDEX aluno_bairro_ref_idx ON public.alunos_aluno USING btree (bairro_ref_id);


--
-- Name: aluno_cidade_ref_idx; Type: INDEX; Schema: public; Owner: omaum_user
--

CREATE INDEX aluno_cidade_ref_idx ON public.alunos_aluno USING btree (cidade_ref_id);


--
-- Name: alunos_alun_ativo_26ee3e_idx; Type: INDEX; Schema: public; Owner: omaum_user
--

CREATE INDEX alunos_alun_ativo_26ee3e_idx ON public.alunos_aluno USING btree (ativo);


--
-- Name: alunos_alun_cidade__0313e8_idx; Type: INDEX; Schema: public; Owner: omaum_user
--

CREATE INDEX alunos_alun_cidade__0313e8_idx ON public.alunos_aluno USING btree (cidade_naturalidade_id);


--
-- Name: alunos_alun_email_9690b2_idx; Type: INDEX; Schema: public; Owner: omaum_user
--

CREATE INDEX alunos_alun_email_9690b2_idx ON public.alunos_aluno USING btree (email);


--
-- Name: alunos_alun_nome_6c76a2_idx; Type: INDEX; Schema: public; Owner: omaum_user
--

CREATE INDEX alunos_alun_nome_6c76a2_idx ON public.alunos_aluno USING btree (nome);


--
-- Name: alunos_alun_numero__412a09_idx; Type: INDEX; Schema: public; Owner: omaum_user
--

CREATE INDEX alunos_alun_numero__412a09_idx ON public.alunos_aluno USING btree (numero_iniciatico);


--
-- Name: alunos_alun_pais_na_408f04_idx; Type: INDEX; Schema: public; Owner: omaum_user
--

CREATE INDEX alunos_alun_pais_na_408f04_idx ON public.alunos_aluno USING btree (pais_nacionalidade_id);


--
-- Name: alunos_alun_situaca_d6babc_idx; Type: INDEX; Schema: public; Owner: omaum_user
--

CREATE INDEX alunos_alun_situaca_d6babc_idx ON public.alunos_aluno USING btree (situacao);


--
-- Name: alunos_aluno_bairro_ref_id_9eb4b945; Type: INDEX; Schema: public; Owner: omaum_user
--

CREATE INDEX alunos_aluno_bairro_ref_id_9eb4b945 ON public.alunos_aluno USING btree (bairro_ref_id);


--
-- Name: alunos_aluno_cidade_naturalidade_id_a3864e62; Type: INDEX; Schema: public; Owner: omaum_user
--

CREATE INDEX alunos_aluno_cidade_naturalidade_id_a3864e62 ON public.alunos_aluno USING btree (cidade_naturalidade_id);


--
-- Name: alunos_aluno_cidade_ref_id_6780cde7; Type: INDEX; Schema: public; Owner: omaum_user
--

CREATE INDEX alunos_aluno_cidade_ref_id_6780cde7 ON public.alunos_aluno USING btree (cidade_ref_id);


--
-- Name: alunos_aluno_cpf_7abe4654_like; Type: INDEX; Schema: public; Owner: omaum_user
--

CREATE INDEX alunos_aluno_cpf_7abe4654_like ON public.alunos_aluno USING btree (cpf varchar_pattern_ops);


--
-- Name: alunos_aluno_email_3a8ef390_like; Type: INDEX; Schema: public; Owner: omaum_user
--

CREATE INDEX alunos_aluno_email_3a8ef390_like ON public.alunos_aluno USING btree (email varchar_pattern_ops);


--
-- Name: alunos_aluno_numero_iniciatico_cf15b77f_like; Type: INDEX; Schema: public; Owner: omaum_user
--

CREATE INDEX alunos_aluno_numero_iniciatico_cf15b77f_like ON public.alunos_aluno USING btree (numero_iniciatico varchar_pattern_ops);


--
-- Name: alunos_aluno_pais_nacionalidade_id_b0f82e53; Type: INDEX; Schema: public; Owner: omaum_user
--

CREATE INDEX alunos_aluno_pais_nacionalidade_id_b0f82e53 ON public.alunos_aluno USING btree (pais_nacionalidade_id);


--
-- Name: alunos_bair_cidade__57f68d_idx; Type: INDEX; Schema: public; Owner: omaum_user
--

CREATE INDEX alunos_bair_cidade__57f68d_idx ON public.alunos_bairro USING btree (cidade_id);


--
-- Name: alunos_bair_nome_3317e8_idx; Type: INDEX; Schema: public; Owner: omaum_user
--

CREATE INDEX alunos_bair_nome_3317e8_idx ON public.alunos_bairro USING btree (nome);


--
-- Name: alunos_bairro_cidade_id_dc6740d9; Type: INDEX; Schema: public; Owner: omaum_user
--

CREATE INDEX alunos_bairro_cidade_id_dc6740d9 ON public.alunos_bairro USING btree (cidade_id);


--
-- Name: alunos_cida_codigo__39b0aa_idx; Type: INDEX; Schema: public; Owner: omaum_user
--

CREATE INDEX alunos_cida_codigo__39b0aa_idx ON public.alunos_cidade USING btree (codigo_ibge);


--
-- Name: alunos_cida_estado__88a3c4_idx; Type: INDEX; Schema: public; Owner: omaum_user
--

CREATE INDEX alunos_cida_estado__88a3c4_idx ON public.alunos_cidade USING btree (estado_id);


--
-- Name: alunos_cida_nome_f4fc7f_idx; Type: INDEX; Schema: public; Owner: omaum_user
--

CREATE INDEX alunos_cida_nome_f4fc7f_idx ON public.alunos_cidade USING btree (nome);


--
-- Name: alunos_cidade_codigo_ibge_4e047a42_like; Type: INDEX; Schema: public; Owner: omaum_user
--

CREATE INDEX alunos_cidade_codigo_ibge_4e047a42_like ON public.alunos_cidade USING btree (codigo_ibge varchar_pattern_ops);


--
-- Name: alunos_cidade_estado_id_b43baa80; Type: INDEX; Schema: public; Owner: omaum_user
--

CREATE INDEX alunos_cidade_estado_id_b43baa80 ON public.alunos_cidade USING btree (estado_id);


--
-- Name: alunos_codigo_nome_3285b2e0_like; Type: INDEX; Schema: public; Owner: omaum_user
--

CREATE INDEX alunos_codigo_nome_3285b2e0_like ON public.alunos_codigo USING btree (nome varchar_pattern_ops);


--
-- Name: alunos_codigo_tipo_codigo_id_d377aa2f; Type: INDEX; Schema: public; Owner: omaum_user
--

CREATE INDEX alunos_codigo_tipo_codigo_id_d377aa2f ON public.alunos_codigo USING btree (tipo_codigo_id);


--
-- Name: alunos_esta_codigo_c7eaf3_idx; Type: INDEX; Schema: public; Owner: omaum_user
--

CREATE INDEX alunos_esta_codigo_c7eaf3_idx ON public.alunos_estado USING btree (codigo);


--
-- Name: alunos_esta_nome_2eed62_idx; Type: INDEX; Schema: public; Owner: omaum_user
--

CREATE INDEX alunos_esta_nome_2eed62_idx ON public.alunos_estado USING btree (nome);


--
-- Name: alunos_esta_regiao_ad46fa_idx; Type: INDEX; Schema: public; Owner: omaum_user
--

CREATE INDEX alunos_esta_regiao_ad46fa_idx ON public.alunos_estado USING btree (regiao);


--
-- Name: alunos_estado_codigo_e5455407_like; Type: INDEX; Schema: public; Owner: omaum_user
--

CREATE INDEX alunos_estado_codigo_e5455407_like ON public.alunos_estado USING btree (codigo varchar_pattern_ops);


--
-- Name: alunos_estado_nome_11052c0c_like; Type: INDEX; Schema: public; Owner: omaum_user
--

CREATE INDEX alunos_estado_nome_11052c0c_like ON public.alunos_estado USING btree (nome varchar_pattern_ops);


--
-- Name: alunos_pais_ativo_1bfd69_idx; Type: INDEX; Schema: public; Owner: omaum_user
--

CREATE INDEX alunos_pais_ativo_1bfd69_idx ON public.alunos_pais USING btree (ativo);


--
-- Name: alunos_pais_codigo_49b5f408_like; Type: INDEX; Schema: public; Owner: omaum_user
--

CREATE INDEX alunos_pais_codigo_49b5f408_like ON public.alunos_pais USING btree (codigo varchar_pattern_ops);


--
-- Name: alunos_pais_naciona_95a98f_idx; Type: INDEX; Schema: public; Owner: omaum_user
--

CREATE INDEX alunos_pais_naciona_95a98f_idx ON public.alunos_pais USING btree (nacionalidade);


--
-- Name: alunos_pais_nome_01ea0798_like; Type: INDEX; Schema: public; Owner: omaum_user
--

CREATE INDEX alunos_pais_nome_01ea0798_like ON public.alunos_pais USING btree (nome varchar_pattern_ops);


--
-- Name: alunos_pais_nome_adb5e1_idx; Type: INDEX; Schema: public; Owner: omaum_user
--

CREATE INDEX alunos_pais_nome_adb5e1_idx ON public.alunos_pais USING btree (nome);


--
-- Name: alunos_registrohistorico_aluno_id_111c8c2b; Type: INDEX; Schema: public; Owner: omaum_user
--

CREATE INDEX alunos_registrohistorico_aluno_id_111c8c2b ON public.alunos_registrohistorico USING btree (aluno_id);


--
-- Name: alunos_registrohistorico_codigo_id_1204971b; Type: INDEX; Schema: public; Owner: omaum_user
--

CREATE INDEX alunos_registrohistorico_codigo_id_1204971b ON public.alunos_registrohistorico USING btree (codigo_id);


--
-- Name: alunos_tipocodigo_nome_848d70dd_like; Type: INDEX; Schema: public; Owner: omaum_user
--

CREATE INDEX alunos_tipocodigo_nome_848d70dd_like ON public.alunos_tipocodigo USING btree (nome varchar_pattern_ops);


--
-- Name: atividades_atividade_curso_id_fed00226; Type: INDEX; Schema: public; Owner: omaum_user
--

CREATE INDEX atividades_atividade_curso_id_fed00226 ON public.atividades_atividade USING btree (curso_id);


--
-- Name: atividades_atividade_turmas_atividade_id_194816b5; Type: INDEX; Schema: public; Owner: omaum_user
--

CREATE INDEX atividades_atividade_turmas_atividade_id_194816b5 ON public.atividades_atividade_turmas USING btree (atividade_id);


--
-- Name: atividades_atividade_turmas_turma_id_400ab1ad; Type: INDEX; Schema: public; Owner: omaum_user
--

CREATE INDEX atividades_atividade_turmas_turma_id_400ab1ad ON public.atividades_atividade_turmas USING btree (turma_id);


--
-- Name: atividades_presenca_aluno_id_779e559b; Type: INDEX; Schema: public; Owner: omaum_user
--

CREATE INDEX atividades_presenca_aluno_id_779e559b ON public.atividades_presenca USING btree (aluno_id);


--
-- Name: atividades_presenca_atividade_id_c6cd73fe; Type: INDEX; Schema: public; Owner: omaum_user
--

CREATE INDEX atividades_presenca_atividade_id_c6cd73fe ON public.atividades_presenca USING btree (atividade_id);


--
-- Name: atividades_presenca_turma_id_d1c8294e; Type: INDEX; Schema: public; Owner: omaum_user
--

CREATE INDEX atividades_presenca_turma_id_d1c8294e ON public.atividades_presenca USING btree (turma_id);


--
-- Name: auth_group_name_a6ea08ec_like; Type: INDEX; Schema: public; Owner: omaum_user
--

CREATE INDEX auth_group_name_a6ea08ec_like ON public.auth_group USING btree (name varchar_pattern_ops);


--
-- Name: auth_group_permissions_group_id_b120cbf9; Type: INDEX; Schema: public; Owner: omaum_user
--

CREATE INDEX auth_group_permissions_group_id_b120cbf9 ON public.auth_group_permissions USING btree (group_id);


--
-- Name: auth_group_permissions_permission_id_84c5c92e; Type: INDEX; Schema: public; Owner: omaum_user
--

CREATE INDEX auth_group_permissions_permission_id_84c5c92e ON public.auth_group_permissions USING btree (permission_id);


--
-- Name: auth_permission_content_type_id_2f476e4b; Type: INDEX; Schema: public; Owner: omaum_user
--

CREATE INDEX auth_permission_content_type_id_2f476e4b ON public.auth_permission USING btree (content_type_id);


--
-- Name: auth_user_groups_group_id_97559544; Type: INDEX; Schema: public; Owner: omaum_user
--

CREATE INDEX auth_user_groups_group_id_97559544 ON public.auth_user_groups USING btree (group_id);


--
-- Name: auth_user_groups_user_id_6a12ed8b; Type: INDEX; Schema: public; Owner: omaum_user
--

CREATE INDEX auth_user_groups_user_id_6a12ed8b ON public.auth_user_groups USING btree (user_id);


--
-- Name: auth_user_user_permissions_permission_id_1fbb5f2c; Type: INDEX; Schema: public; Owner: omaum_user
--

CREATE INDEX auth_user_user_permissions_permission_id_1fbb5f2c ON public.auth_user_user_permissions USING btree (permission_id);


--
-- Name: auth_user_user_permissions_user_id_a95ead1b; Type: INDEX; Schema: public; Owner: omaum_user
--

CREATE INDEX auth_user_user_permissions_user_id_a95ead1b ON public.auth_user_user_permissions USING btree (user_id);


--
-- Name: auth_user_username_6821ab7c_like; Type: INDEX; Schema: public; Owner: omaum_user
--

CREATE INDEX auth_user_username_6821ab7c_like ON public.auth_user USING btree (username varchar_pattern_ops);


--
-- Name: django_admin_log_content_type_id_c4bce8eb; Type: INDEX; Schema: public; Owner: omaum_user
--

CREATE INDEX django_admin_log_content_type_id_c4bce8eb ON public.django_admin_log USING btree (content_type_id);


--
-- Name: django_admin_log_user_id_c564eba6; Type: INDEX; Schema: public; Owner: omaum_user
--

CREATE INDEX django_admin_log_user_id_c564eba6 ON public.django_admin_log USING btree (user_id);


--
-- Name: django_session_expire_date_a5c62663; Type: INDEX; Schema: public; Owner: omaum_user
--

CREATE INDEX django_session_expire_date_a5c62663 ON public.django_session USING btree (expire_date);


--
-- Name: django_session_session_key_c0390e0f_like; Type: INDEX; Schema: public; Owner: omaum_user
--

CREATE INDEX django_session_session_key_c0390e0f_like ON public.django_session USING btree (session_key varchar_pattern_ops);


--
-- Name: frequencias_carencia_aluno_id_89b20ca1; Type: INDEX; Schema: public; Owner: omaum_user
--

CREATE INDEX frequencias_carencia_aluno_id_89b20ca1 ON public.frequencias_carencia USING btree (aluno_id);


--
-- Name: frequencias_carencia_frequencia_mensal_id_31a4065d; Type: INDEX; Schema: public; Owner: omaum_user
--

CREATE INDEX frequencias_carencia_frequencia_mensal_id_31a4065d ON public.frequencias_carencia USING btree (frequencia_mensal_id);


--
-- Name: frequencias_frequenciamensal_turma_id_9b769ef9; Type: INDEX; Schema: public; Owner: omaum_user
--

CREATE INDEX frequencias_frequenciamensal_turma_id_9b769ef9 ON public.frequencias_frequenciamensal USING btree (turma_id);


--
-- Name: matriculas_matricula_aluno_id_d591b5d8; Type: INDEX; Schema: public; Owner: omaum_user
--

CREATE INDEX matriculas_matricula_aluno_id_d591b5d8 ON public.matriculas_matricula USING btree (aluno_id);


--
-- Name: matriculas_matricula_turma_id_4e666be3; Type: INDEX; Schema: public; Owner: omaum_user
--

CREATE INDEX matriculas_matricula_turma_id_4e666be3 ON public.matriculas_matricula USING btree (turma_id);


--
-- Name: notas_nota_aluno_id_95f9f8ce; Type: INDEX; Schema: public; Owner: omaum_user
--

CREATE INDEX notas_nota_aluno_id_95f9f8ce ON public.notas_nota USING btree (aluno_id);


--
-- Name: notas_nota_curso_id_18080170; Type: INDEX; Schema: public; Owner: omaum_user
--

CREATE INDEX notas_nota_curso_id_18080170 ON public.notas_nota USING btree (curso_id);


--
-- Name: notas_nota_turma_id_8863081f; Type: INDEX; Schema: public; Owner: omaum_user
--

CREATE INDEX notas_nota_turma_id_8863081f ON public.notas_nota USING btree (turma_id);


--
-- Name: pagamentos_pagamento_aluno_id_6461bd1d; Type: INDEX; Schema: public; Owner: omaum_user
--

CREATE INDEX pagamentos_pagamento_aluno_id_6461bd1d ON public.pagamentos_pagamento USING btree (aluno_id);


--
-- Name: presencas_registropresenca_aluno_id_3395f238; Type: INDEX; Schema: public; Owner: omaum_user
--

CREATE INDEX presencas_registropresenca_aluno_id_3395f238 ON public.presencas_registropresenca USING btree (aluno_id);


--
-- Name: presencas_registropresenca_atividade_id_ea4fa903; Type: INDEX; Schema: public; Owner: omaum_user
--

CREATE INDEX presencas_registropresenca_atividade_id_ea4fa903 ON public.presencas_registropresenca USING btree (atividade_id);


--
-- Name: presencas_registropresenca_turma_id_4b1e6e57; Type: INDEX; Schema: public; Owner: omaum_user
--

CREATE INDEX presencas_registropresenca_turma_id_4b1e6e57 ON public.presencas_registropresenca USING btree (turma_id);


--
-- Name: rh_aluno_dataos_desc; Type: INDEX; Schema: public; Owner: omaum_user
--

CREATE INDEX rh_aluno_dataos_desc ON public.alunos_registrohistorico USING btree (aluno_id, data_os DESC);


--
-- Name: rh_codigo_idx; Type: INDEX; Schema: public; Owner: omaum_user
--

CREATE INDEX rh_codigo_idx ON public.alunos_registrohistorico USING btree (codigo_id);


--
-- Name: turmas_turma_auxiliar_instrucao_id_0ab25891; Type: INDEX; Schema: public; Owner: omaum_user
--

CREATE INDEX turmas_turma_auxiliar_instrucao_id_0ab25891 ON public.turmas_turma USING btree (auxiliar_instrucao_id);


--
-- Name: turmas_turma_curso_id_ae3a0a9f; Type: INDEX; Schema: public; Owner: omaum_user
--

CREATE INDEX turmas_turma_curso_id_ae3a0a9f ON public.turmas_turma USING btree (curso_id);


--
-- Name: turmas_turma_instrutor_auxiliar_id_884aac3f; Type: INDEX; Schema: public; Owner: omaum_user
--

CREATE INDEX turmas_turma_instrutor_auxiliar_id_884aac3f ON public.turmas_turma USING btree (instrutor_auxiliar_id);


--
-- Name: turmas_turma_instrutor_id_39528401; Type: INDEX; Schema: public; Owner: omaum_user
--

CREATE INDEX turmas_turma_instrutor_id_39528401 ON public.turmas_turma USING btree (instrutor_id);


--
-- Name: alunos_aluno alunos_aluno_bairro_ref_id_9eb4b945_fk_alunos_bairro_id; Type: FK CONSTRAINT; Schema: public; Owner: omaum_user
--

ALTER TABLE ONLY public.alunos_aluno
    ADD CONSTRAINT alunos_aluno_bairro_ref_id_9eb4b945_fk_alunos_bairro_id FOREIGN KEY (bairro_ref_id) REFERENCES public.alunos_bairro(id) DEFERRABLE INITIALLY DEFERRED;


--
-- Name: alunos_aluno alunos_aluno_cidade_naturalidade__a3864e62_fk_alunos_ci; Type: FK CONSTRAINT; Schema: public; Owner: omaum_user
--

ALTER TABLE ONLY public.alunos_aluno
    ADD CONSTRAINT alunos_aluno_cidade_naturalidade__a3864e62_fk_alunos_ci FOREIGN KEY (cidade_naturalidade_id) REFERENCES public.alunos_cidade(id) DEFERRABLE INITIALLY DEFERRED;


--
-- Name: alunos_aluno alunos_aluno_cidade_ref_id_6780cde7_fk_alunos_cidade_id; Type: FK CONSTRAINT; Schema: public; Owner: omaum_user
--

ALTER TABLE ONLY public.alunos_aluno
    ADD CONSTRAINT alunos_aluno_cidade_ref_id_6780cde7_fk_alunos_cidade_id FOREIGN KEY (cidade_ref_id) REFERENCES public.alunos_cidade(id) DEFERRABLE INITIALLY DEFERRED;


--
-- Name: alunos_aluno alunos_aluno_pais_nacionalidade_id_b0f82e53_fk_alunos_pais_id; Type: FK CONSTRAINT; Schema: public; Owner: omaum_user
--

ALTER TABLE ONLY public.alunos_aluno
    ADD CONSTRAINT alunos_aluno_pais_nacionalidade_id_b0f82e53_fk_alunos_pais_id FOREIGN KEY (pais_nacionalidade_id) REFERENCES public.alunos_pais(id) DEFERRABLE INITIALLY DEFERRED;


--
-- Name: alunos_bairro alunos_bairro_cidade_id_dc6740d9_fk_alunos_cidade_id; Type: FK CONSTRAINT; Schema: public; Owner: omaum_user
--

ALTER TABLE ONLY public.alunos_bairro
    ADD CONSTRAINT alunos_bairro_cidade_id_dc6740d9_fk_alunos_cidade_id FOREIGN KEY (cidade_id) REFERENCES public.alunos_cidade(id) DEFERRABLE INITIALLY DEFERRED;


--
-- Name: alunos_cidade alunos_cidade_estado_id_b43baa80_fk_alunos_estado_id; Type: FK CONSTRAINT; Schema: public; Owner: omaum_user
--

ALTER TABLE ONLY public.alunos_cidade
    ADD CONSTRAINT alunos_cidade_estado_id_b43baa80_fk_alunos_estado_id FOREIGN KEY (estado_id) REFERENCES public.alunos_estado(id) DEFERRABLE INITIALLY DEFERRED;


--
-- Name: alunos_codigo alunos_codigo_tipo_codigo_id_d377aa2f_fk_alunos_tipocodigo_id; Type: FK CONSTRAINT; Schema: public; Owner: omaum_user
--

ALTER TABLE ONLY public.alunos_codigo
    ADD CONSTRAINT alunos_codigo_tipo_codigo_id_d377aa2f_fk_alunos_tipocodigo_id FOREIGN KEY (tipo_codigo_id) REFERENCES public.alunos_tipocodigo(id) DEFERRABLE INITIALLY DEFERRED;


--
-- Name: alunos_registrohistorico alunos_registrohistorico_aluno_id_111c8c2b_fk_alunos_aluno_id; Type: FK CONSTRAINT; Schema: public; Owner: omaum_user
--

ALTER TABLE ONLY public.alunos_registrohistorico
    ADD CONSTRAINT alunos_registrohistorico_aluno_id_111c8c2b_fk_alunos_aluno_id FOREIGN KEY (aluno_id) REFERENCES public.alunos_aluno(id) DEFERRABLE INITIALLY DEFERRED;


--
-- Name: alunos_registrohistorico alunos_registrohistorico_codigo_id_1204971b_fk_alunos_codigo_id; Type: FK CONSTRAINT; Schema: public; Owner: omaum_user
--

ALTER TABLE ONLY public.alunos_registrohistorico
    ADD CONSTRAINT alunos_registrohistorico_codigo_id_1204971b_fk_alunos_codigo_id FOREIGN KEY (codigo_id) REFERENCES public.alunos_codigo(id) DEFERRABLE INITIALLY DEFERRED;


--
-- Name: atividades_atividade_turmas atividades_atividade_atividade_id_194816b5_fk_atividade; Type: FK CONSTRAINT; Schema: public; Owner: omaum_user
--

ALTER TABLE ONLY public.atividades_atividade_turmas
    ADD CONSTRAINT atividades_atividade_atividade_id_194816b5_fk_atividade FOREIGN KEY (atividade_id) REFERENCES public.atividades_atividade(id) DEFERRABLE INITIALLY DEFERRED;


--
-- Name: atividades_atividade atividades_atividade_curso_id_fed00226_fk_cursos_curso_id; Type: FK CONSTRAINT; Schema: public; Owner: omaum_user
--

ALTER TABLE ONLY public.atividades_atividade
    ADD CONSTRAINT atividades_atividade_curso_id_fed00226_fk_cursos_curso_id FOREIGN KEY (curso_id) REFERENCES public.cursos_curso(id) DEFERRABLE INITIALLY DEFERRED;


--
-- Name: atividades_atividade_turmas atividades_atividade_turma_id_400ab1ad_fk_turmas_tu; Type: FK CONSTRAINT; Schema: public; Owner: omaum_user
--

ALTER TABLE ONLY public.atividades_atividade_turmas
    ADD CONSTRAINT atividades_atividade_turma_id_400ab1ad_fk_turmas_tu FOREIGN KEY (turma_id) REFERENCES public.turmas_turma(id) DEFERRABLE INITIALLY DEFERRED;


--
-- Name: atividades_presenca atividades_presenca_aluno_id_779e559b_fk_alunos_aluno_id; Type: FK CONSTRAINT; Schema: public; Owner: omaum_user
--

ALTER TABLE ONLY public.atividades_presenca
    ADD CONSTRAINT atividades_presenca_aluno_id_779e559b_fk_alunos_aluno_id FOREIGN KEY (aluno_id) REFERENCES public.alunos_aluno(id) DEFERRABLE INITIALLY DEFERRED;


--
-- Name: atividades_presenca atividades_presenca_atividade_id_c6cd73fe_fk_atividade; Type: FK CONSTRAINT; Schema: public; Owner: omaum_user
--

ALTER TABLE ONLY public.atividades_presenca
    ADD CONSTRAINT atividades_presenca_atividade_id_c6cd73fe_fk_atividade FOREIGN KEY (atividade_id) REFERENCES public.atividades_atividade(id) DEFERRABLE INITIALLY DEFERRED;


--
-- Name: atividades_presenca atividades_presenca_turma_id_d1c8294e_fk_turmas_turma_id; Type: FK CONSTRAINT; Schema: public; Owner: omaum_user
--

ALTER TABLE ONLY public.atividades_presenca
    ADD CONSTRAINT atividades_presenca_turma_id_d1c8294e_fk_turmas_turma_id FOREIGN KEY (turma_id) REFERENCES public.turmas_turma(id) DEFERRABLE INITIALLY DEFERRED;


--
-- Name: auth_group_permissions auth_group_permissio_permission_id_84c5c92e_fk_auth_perm; Type: FK CONSTRAINT; Schema: public; Owner: omaum_user
--

ALTER TABLE ONLY public.auth_group_permissions
    ADD CONSTRAINT auth_group_permissio_permission_id_84c5c92e_fk_auth_perm FOREIGN KEY (permission_id) REFERENCES public.auth_permission(id) DEFERRABLE INITIALLY DEFERRED;


--
-- Name: auth_group_permissions auth_group_permissions_group_id_b120cbf9_fk_auth_group_id; Type: FK CONSTRAINT; Schema: public; Owner: omaum_user
--

ALTER TABLE ONLY public.auth_group_permissions
    ADD CONSTRAINT auth_group_permissions_group_id_b120cbf9_fk_auth_group_id FOREIGN KEY (group_id) REFERENCES public.auth_group(id) DEFERRABLE INITIALLY DEFERRED;


--
-- Name: auth_permission auth_permission_content_type_id_2f476e4b_fk_django_co; Type: FK CONSTRAINT; Schema: public; Owner: omaum_user
--

ALTER TABLE ONLY public.auth_permission
    ADD CONSTRAINT auth_permission_content_type_id_2f476e4b_fk_django_co FOREIGN KEY (content_type_id) REFERENCES public.django_content_type(id) DEFERRABLE INITIALLY DEFERRED;


--
-- Name: auth_user_groups auth_user_groups_group_id_97559544_fk_auth_group_id; Type: FK CONSTRAINT; Schema: public; Owner: omaum_user
--

ALTER TABLE ONLY public.auth_user_groups
    ADD CONSTRAINT auth_user_groups_group_id_97559544_fk_auth_group_id FOREIGN KEY (group_id) REFERENCES public.auth_group(id) DEFERRABLE INITIALLY DEFERRED;


--
-- Name: auth_user_groups auth_user_groups_user_id_6a12ed8b_fk_auth_user_id; Type: FK CONSTRAINT; Schema: public; Owner: omaum_user
--

ALTER TABLE ONLY public.auth_user_groups
    ADD CONSTRAINT auth_user_groups_user_id_6a12ed8b_fk_auth_user_id FOREIGN KEY (user_id) REFERENCES public.auth_user(id) DEFERRABLE INITIALLY DEFERRED;


--
-- Name: auth_user_user_permissions auth_user_user_permi_permission_id_1fbb5f2c_fk_auth_perm; Type: FK CONSTRAINT; Schema: public; Owner: omaum_user
--

ALTER TABLE ONLY public.auth_user_user_permissions
    ADD CONSTRAINT auth_user_user_permi_permission_id_1fbb5f2c_fk_auth_perm FOREIGN KEY (permission_id) REFERENCES public.auth_permission(id) DEFERRABLE INITIALLY DEFERRED;


--
-- Name: auth_user_user_permissions auth_user_user_permissions_user_id_a95ead1b_fk_auth_user_id; Type: FK CONSTRAINT; Schema: public; Owner: omaum_user
--

ALTER TABLE ONLY public.auth_user_user_permissions
    ADD CONSTRAINT auth_user_user_permissions_user_id_a95ead1b_fk_auth_user_id FOREIGN KEY (user_id) REFERENCES public.auth_user(id) DEFERRABLE INITIALLY DEFERRED;


--
-- Name: django_admin_log django_admin_log_content_type_id_c4bce8eb_fk_django_co; Type: FK CONSTRAINT; Schema: public; Owner: omaum_user
--

ALTER TABLE ONLY public.django_admin_log
    ADD CONSTRAINT django_admin_log_content_type_id_c4bce8eb_fk_django_co FOREIGN KEY (content_type_id) REFERENCES public.django_content_type(id) DEFERRABLE INITIALLY DEFERRED;


--
-- Name: django_admin_log django_admin_log_user_id_c564eba6_fk_auth_user_id; Type: FK CONSTRAINT; Schema: public; Owner: omaum_user
--

ALTER TABLE ONLY public.django_admin_log
    ADD CONSTRAINT django_admin_log_user_id_c564eba6_fk_auth_user_id FOREIGN KEY (user_id) REFERENCES public.auth_user(id) DEFERRABLE INITIALLY DEFERRED;


--
-- Name: frequencias_carencia frequencias_carencia_aluno_id_89b20ca1_fk_alunos_aluno_id; Type: FK CONSTRAINT; Schema: public; Owner: omaum_user
--

ALTER TABLE ONLY public.frequencias_carencia
    ADD CONSTRAINT frequencias_carencia_aluno_id_89b20ca1_fk_alunos_aluno_id FOREIGN KEY (aluno_id) REFERENCES public.alunos_aluno(id) DEFERRABLE INITIALLY DEFERRED;


--
-- Name: frequencias_carencia frequencias_carencia_frequencia_mensal_id_31a4065d_fk_frequenci; Type: FK CONSTRAINT; Schema: public; Owner: omaum_user
--

ALTER TABLE ONLY public.frequencias_carencia
    ADD CONSTRAINT frequencias_carencia_frequencia_mensal_id_31a4065d_fk_frequenci FOREIGN KEY (frequencia_mensal_id) REFERENCES public.frequencias_frequenciamensal(id) DEFERRABLE INITIALLY DEFERRED;


--
-- Name: frequencias_frequenciamensal frequencias_frequenc_turma_id_9b769ef9_fk_turmas_tu; Type: FK CONSTRAINT; Schema: public; Owner: omaum_user
--

ALTER TABLE ONLY public.frequencias_frequenciamensal
    ADD CONSTRAINT frequencias_frequenc_turma_id_9b769ef9_fk_turmas_tu FOREIGN KEY (turma_id) REFERENCES public.turmas_turma(id) DEFERRABLE INITIALLY DEFERRED;


--
-- Name: matriculas_matricula matriculas_matricula_aluno_id_d591b5d8_fk_alunos_aluno_id; Type: FK CONSTRAINT; Schema: public; Owner: omaum_user
--

ALTER TABLE ONLY public.matriculas_matricula
    ADD CONSTRAINT matriculas_matricula_aluno_id_d591b5d8_fk_alunos_aluno_id FOREIGN KEY (aluno_id) REFERENCES public.alunos_aluno(id) DEFERRABLE INITIALLY DEFERRED;


--
-- Name: matriculas_matricula matriculas_matricula_turma_id_4e666be3_fk_turmas_turma_id; Type: FK CONSTRAINT; Schema: public; Owner: omaum_user
--

ALTER TABLE ONLY public.matriculas_matricula
    ADD CONSTRAINT matriculas_matricula_turma_id_4e666be3_fk_turmas_turma_id FOREIGN KEY (turma_id) REFERENCES public.turmas_turma(id) DEFERRABLE INITIALLY DEFERRED;


--
-- Name: notas_nota notas_nota_aluno_id_95f9f8ce_fk_alunos_aluno_id; Type: FK CONSTRAINT; Schema: public; Owner: omaum_user
--

ALTER TABLE ONLY public.notas_nota
    ADD CONSTRAINT notas_nota_aluno_id_95f9f8ce_fk_alunos_aluno_id FOREIGN KEY (aluno_id) REFERENCES public.alunos_aluno(id) DEFERRABLE INITIALLY DEFERRED;


--
-- Name: notas_nota notas_nota_curso_id_18080170_fk_cursos_curso_id; Type: FK CONSTRAINT; Schema: public; Owner: omaum_user
--

ALTER TABLE ONLY public.notas_nota
    ADD CONSTRAINT notas_nota_curso_id_18080170_fk_cursos_curso_id FOREIGN KEY (curso_id) REFERENCES public.cursos_curso(id) DEFERRABLE INITIALLY DEFERRED;


--
-- Name: notas_nota notas_nota_turma_id_8863081f_fk_turmas_turma_id; Type: FK CONSTRAINT; Schema: public; Owner: omaum_user
--

ALTER TABLE ONLY public.notas_nota
    ADD CONSTRAINT notas_nota_turma_id_8863081f_fk_turmas_turma_id FOREIGN KEY (turma_id) REFERENCES public.turmas_turma(id) DEFERRABLE INITIALLY DEFERRED;


--
-- Name: pagamentos_pagamento pagamentos_pagamento_aluno_id_6461bd1d_fk_alunos_aluno_id; Type: FK CONSTRAINT; Schema: public; Owner: omaum_user
--

ALTER TABLE ONLY public.pagamentos_pagamento
    ADD CONSTRAINT pagamentos_pagamento_aluno_id_6461bd1d_fk_alunos_aluno_id FOREIGN KEY (aluno_id) REFERENCES public.alunos_aluno(id) DEFERRABLE INITIALLY DEFERRED;


--
-- Name: presencas_registropresenca presencas_registropr_atividade_id_ea4fa903_fk_atividade; Type: FK CONSTRAINT; Schema: public; Owner: omaum_user
--

ALTER TABLE ONLY public.presencas_registropresenca
    ADD CONSTRAINT presencas_registropr_atividade_id_ea4fa903_fk_atividade FOREIGN KEY (atividade_id) REFERENCES public.atividades_atividade(id) DEFERRABLE INITIALLY DEFERRED;


--
-- Name: presencas_registropresenca presencas_registropresenca_aluno_id_3395f238_fk_alunos_aluno_id; Type: FK CONSTRAINT; Schema: public; Owner: omaum_user
--

ALTER TABLE ONLY public.presencas_registropresenca
    ADD CONSTRAINT presencas_registropresenca_aluno_id_3395f238_fk_alunos_aluno_id FOREIGN KEY (aluno_id) REFERENCES public.alunos_aluno(id) DEFERRABLE INITIALLY DEFERRED;


--
-- Name: presencas_registropresenca presencas_registropresenca_turma_id_4b1e6e57_fk_turmas_turma_id; Type: FK CONSTRAINT; Schema: public; Owner: omaum_user
--

ALTER TABLE ONLY public.presencas_registropresenca
    ADD CONSTRAINT presencas_registropresenca_turma_id_4b1e6e57_fk_turmas_turma_id FOREIGN KEY (turma_id) REFERENCES public.turmas_turma(id) DEFERRABLE INITIALLY DEFERRED;


--
-- Name: turmas_turma turmas_turma_auxiliar_instrucao_id_0ab25891_fk_alunos_aluno_id; Type: FK CONSTRAINT; Schema: public; Owner: omaum_user
--

ALTER TABLE ONLY public.turmas_turma
    ADD CONSTRAINT turmas_turma_auxiliar_instrucao_id_0ab25891_fk_alunos_aluno_id FOREIGN KEY (auxiliar_instrucao_id) REFERENCES public.alunos_aluno(id) DEFERRABLE INITIALLY DEFERRED;


--
-- Name: turmas_turma turmas_turma_curso_id_ae3a0a9f_fk_cursos_curso_id; Type: FK CONSTRAINT; Schema: public; Owner: omaum_user
--

ALTER TABLE ONLY public.turmas_turma
    ADD CONSTRAINT turmas_turma_curso_id_ae3a0a9f_fk_cursos_curso_id FOREIGN KEY (curso_id) REFERENCES public.cursos_curso(id) DEFERRABLE INITIALLY DEFERRED;


--
-- Name: turmas_turma turmas_turma_instrutor_auxiliar_id_884aac3f_fk_alunos_aluno_id; Type: FK CONSTRAINT; Schema: public; Owner: omaum_user
--

ALTER TABLE ONLY public.turmas_turma
    ADD CONSTRAINT turmas_turma_instrutor_auxiliar_id_884aac3f_fk_alunos_aluno_id FOREIGN KEY (instrutor_auxiliar_id) REFERENCES public.alunos_aluno(id) DEFERRABLE INITIALLY DEFERRED;


--
-- Name: turmas_turma turmas_turma_instrutor_id_39528401_fk_alunos_aluno_id; Type: FK CONSTRAINT; Schema: public; Owner: omaum_user
--

ALTER TABLE ONLY public.turmas_turma
    ADD CONSTRAINT turmas_turma_instrutor_id_39528401_fk_alunos_aluno_id FOREIGN KEY (instrutor_id) REFERENCES public.alunos_aluno(id) DEFERRABLE INITIALLY DEFERRED;


--
-- PostgreSQL database dump complete
--

\unrestrict I9wikfxwBWjj9gK9nfCfad29ANQPvgrmHx2Kvns5RvbqTPaL8U9uY5vhGuWhhTe

